Route,Region,Number,1/01/2024,2/01/2024,3/01/2024,4/01/2024,5/01/2024,6/01/2024,7/01/2024,8/01/2024,9/01/2024,10/01/2024,11/01/2024,12/01/2024,13/01/2024,14/01/2024,15/01/2024,16/01/2024,17/01/2024,18/01/2024,19/01/2024,20/01/2024,21/01/2024,22/01/2024,23/01/2024,24/01/2024,25/01/2024,26/01/2024,27/01/2024,28/01/2024,29/01/2024,30/01/2024,31/01/2024,1/02/2024,2/02/2024,3/02/2024,4/02/2024,5/02/2024,6/02/2024,7/02/2024,8/02/2024,9/02/2024,10/02/2024,11/02/2024,12/02/2024,13/02/2024,14/02/2024,15/02/2024,16/02/2024,17/02/2024,18/02/2024,19/02/2024,20/02/2024,21/02/2024,22/02/2024,23/02/2024,24/02/2024,25/02/2024,26/02/2024,27/02/2024,28/02/2024,29/02/2024,1/03/2024,2/03/2024,3/03/2024,4/03/2024,5/03/2024,6/03/2024,7/03/2024,8/03/2024,9/03/2024,10/03/2024,11/03/2024,12/03/2024,13/03/2024,14/03/2024,15/03/2024,16/03/2024,17/03/2024,18/03/2024,19/03/2024,20/03/2024,21/03/2024,22/03/2024,23/03/2024,24/03/2024,25/03/2024,26/03/2024,27/03/2024,28/03/2024,29/03/2024,30/03/2024,31/03/2024,1/04/2024,2/04/2024,3/04/2024,4/04/2024,5/04/2024,6/04/2024,7/04/2024,8/04/2024,9/04/2024,10/04/2024,11/04/2024,12/04/2024,13/04/2024,14/04/2024,15/04/2024,16/04/2024,17/04/2024,18/04/2024,19/04/2024,20/04/2024,21/04/2024,22/04/2024,23/04/2024,24/04/2024,25/04/2024,26/04/2024,27/04/2024,28/04/2024,29/04/2024,30/04/2024,1/05/2024,2/05/2024,3/05/2024,4/05/2024,5/05/2024,6/05/2024,7/05/2024,8/05/2024,9/05/2024,10/05/2024,11/05/2024,12/05/2024,13/05/2024,14/05/2024,15/05/2024,16/05/2024,17/05/2024,18/05/2024,19/05/2024,20/05/2024,21/05/2024,22/05/2024,23/05/2024,24/05/2024,25/05/2024,26/05/2024,27/05/2024,28/05/2024,29/05/2024,30/05/2024,31/05/2024,1/06/2024,2/06/2024,3/06/2024,4/06/2024,5/06/2024,6/06/2024,7/06/2024,8/06/2024,9/06/2024,10/06/2024,11/06/2024,12/06/2024,13/06/2024,14/06/2024,15/06/2024,16/06/2024,17/06/2024,18/06/2024,19/06/2024,20/06/2024,21/06/2024,22/06/2024,23/06/2024,24/06/2024,25/06/2024,26/06/2024,27/06/2024,28/06/2024,29/06/2024,30/06/2024,1/07/2024,2/07/2024,3/07/2024,4/07/2024,5/07/2024,6/07/2024,7/07/2024,8/07/2024,9/07/2024,10/07/2024,11/07/2024,12/07/2024,13/07/2024,14/07/2024,15/07/2024,16/07/2024,17/07/2024,18/07/2024,19/07/2024,20/07/2024,21/07/2024,22/07/2024,23/07/2024,24/07/2024,25/07/2024,26/07/2024,27/07/2024,28/07/2024,29/07/2024,30/07/2024,31/07/2024,1/08/2024,2/08/2024,3/08/2024,4/08/2024,5/08/2024,6/08/2024,7/08/2024,8/08/2024,9/08/2024,10/08/2024,11/08/2024,12/08/2024,13/08/2024,14/08/2024,15/08/2024,16/08/2024,17/08/2024,18/08/2024,19/08/2024,20/08/2024,21/08/2024,22/08/2024,23/08/2024,24/08/2024,25/08/2024,26/08/2024,27/08/2024,28/08/2024,29/08/2024,30/08/2024,31/08/2024,1/09/2024,2/09/2024,3/09/2024,4/09/2024,5/09/2024,6/09/2024,7/09/2024,8/09/2024,9/09/2024,10/09/2024,11/09/2024,12/09/2024,13/09/2024,14/09/2024,15/09/2024,16/09/2024,17/09/2024,18/09/2024,19/09/2024,20/09/2024,21/09/2024,22/09/2024,23/09/2024,24/09/2024,25/09/2024,26/09/2024,27/09/2024,28/09/2024,29/09/2024,30/09/2024,1/10/2024,2/10/2024,3/10/2024,4/10/2024,5/10/2024,6/10/2024,7/10/2024,8/10/2024,9/10/2024,10/10/2024,11/10/2024,12/10/2024,13/10/2024,14/10/2024,15/10/2024,16/10/2024,17/10/2024,18/10/2024,19/10/2024,20/10/2024,21/10/2024,22/10/2024,23/10/2024,24/10/2024,25/10/2024,26/10/2024,27/10/2024,28/10/2024,29/10/2024,30/10/2024,31/10/2024,1/11/2024,2/11/2024,3/11/2024,4/11/2024,5/11/2024,6/11/2024,7/11/2024,8/11/2024,9/11/2024,10/11/2024,11/11/2024,12/11/2024,13/11/2024,14/11/2024,15/11/2024,16/11/2024,17/11/2024,18/11/2024,19/11/2024,20/11/2024,21/11/2024,22/11/2024,23/11/2024,24/11/2024,25/11/2024,26/11/2024,27/11/2024,28/11/2024,29/11/2024,30/11/2024,1/12/2024,2/12/2024,3/12/2024,4/12/2024,5/12/2024,6/12/2024,7/12/2024,8/12/2024,9/12/2024,10/12/2024,11/12/2024,12/12/2024,13/12/2024,14/12/2024,15/12/2024,16/12/2024,17/12/2024,18/12/2024,19/12/2024,20/12/2024,21/12/2024,22/12/2024,23/12/2024,24/12/2024,25/12/2024,26/12/2024,27/12/2024,28/12/2024,29/12/2024,30/12/2024,31/12/2024
Pt Chevalier Beach to City universities via Westmere and Herne Bay,Central,101,,,,,,,,189,146,200,185,173,,,294,364,312,362,207,,,308,408,355,373,220,,,,356,363,392,257,,,211,,392,457,354,,,399,398,411,382,338,,,447,425,438,419,298,,,520,569,595,490,464,,,528,528,589,480,454,,,500,581,530,490,448,,,445,521,549,500,415,,,442,416,474,455,,,,,266,362,391,363,,,418,449,400,414,314,,,406,392,435,428,281,,,334,360,347,,219,,,462,575,477,484,327,,,466,480,493,442,334,,,450,463,377,396,276,,,407,404,493,389,343,,,451,465,467,369,237,,,,410,384,392,302,,,403,436,463,341,311,,,463,395,406,420,311,,,386,354,442,357,,,,347,363,335,333,275,,,278,334,323,298,184,,,366,381,387,337,256,,,499,473,505,458,337,,,453,540,495,437,357,,,425,467,483,498,319,23,,423,477,434,411,342,,,371,380,445,416,277,,,355,441,395,394,326,,,325,374,436,397,316,,,454,487,501,414,356,,,413,472,468,426,298,,,495,424,452,374,336,,,334,332,338,308,208,,,313,346,359,356,228,,,435,432,392,438,256,,,374,403,467,357,301,,,,425,475,410,339,,,346,410,444,351,282,,,321,396,420,415,319,,,269,323,310,294,193,,,268,299,355,314,182,,,251,240,301,249,203,,,262,306,262,232,177,,,207,191,214,163,129,,,37,34,,,,,,,
Westmere to Britomart via Richmond Rd,Central,105,327,441,678,662,661,651,618,997,"1,039","1,165","1,030","1,117",747,671,"1,253","1,361","1,491","1,366","1,339",733,677,"1,374","1,498","1,554","1,519","1,395",775,666,637,"1,389","1,711","1,914","1,640",703,724,"1,254",728,"1,841","1,764","1,724",910,688,"1,666","1,828","2,036","1,856","1,804",823,686,"1,719","1,791","1,914","1,863","1,703",987,704,"1,831","2,003","1,937","1,878","1,889",931,711,"1,748","1,919","1,979","1,916","1,767","1,015",803,"1,748","1,861","2,023","1,898","1,802",937,770,"1,770","2,015","2,015","1,912","1,671",720,738,"1,796","1,947","2,005","1,815",449,687,428,523,"1,383","1,898","1,811","1,685",844,696,"1,652","1,825","1,869","1,799","1,647",823,632,"1,540","1,690","1,651","1,600","1,484",724,657,"1,434","1,611","1,633",635,"1,301",825,646,"1,716","1,885","1,838","1,830","1,694",818,638,"1,687","1,824","1,676","1,763","1,588",902,615,"1,635","1,739","1,806","1,777","1,579",894,707,"1,599","1,739","1,770","1,736","1,631",875,614,"1,639","1,763","1,659","1,629","1,541",722,647,524,"1,623","1,622","1,654","1,460",802,529,"1,508","1,604","1,561","1,663","1,388",774,598,"1,427","1,729","1,603","1,577","1,511",777,562,"1,519","1,590","1,681","1,604",629,689,556,"1,570","1,592","1,555","1,569","1,479",706,507,"1,279","1,400","1,404","1,441","1,288",789,619,"1,234","1,417","1,465","1,482","1,278",712,510,"1,585","1,638","1,653","1,769","1,599",796,687,"1,580","1,641","1,813","1,623","1,666",839,590,"1,551","1,639","1,771","1,687","1,615",817,625,"1,614","1,698","1,748","1,814","1,668",767,662,"1,532","1,699","1,710","1,686","1,621",717,628,"1,336","1,637","1,690","1,615","1,637",700,602,"1,511","1,659","1,554","1,628","1,570",778,678,"1,526","1,693","1,730","1,675","1,559",980,553,"1,599","1,670","1,819","1,711","1,632",892,659,"1,592","1,675","1,747","1,704","1,534",768,563,"1,334","1,365","1,460","1,434","1,397",510,626,"1,292","1,507","1,407","1,568","1,361",842,597,"1,627","1,742","1,652","1,722","1,600",944,655,"1,633","1,656","1,758","1,690","1,497",756,575,491,"1,670","1,587","1,703","1,510",839,599,"1,478","1,570","1,599","1,754","1,632",837,609,"1,551","1,727","1,807","1,782","1,529",939,632,"1,514","1,662","1,618","1,543","1,479",915,570,"1,432","1,509","1,616","1,603","1,546",749,629,"1,380","1,432","1,666","1,503","1,404",835,669,"1,268","1,372","1,484","1,358","1,387",806,658,"1,121","1,336","1,357","1,222","1,108",700,633,727,698,214,410,518,521,484,481,570
Freemans Bay Loop,Central,106,59,56,79,66,74,50,44,124,122,139,118,119,83,47,152,179,157,173,143,73,69,178,195,209,204,209,58,36,74,181,284,312,261,77,70,254,65,391,434,369,58,57,390,409,508,454,310,85,67,414,416,481,436,448,69,51,431,452,500,397,382,92,55,345,416,445,416,404,76,46,414,414,453,393,425,102,58,407,443,465,441,355,66,58,382,425,487,401,34,75,43,56,179,434,381,397,78,63,394,415,462,403,367,72,55,185,214,176,204,183,97,63,176,233,232,46,180,59,69,419,416,403,414,383,74,64,379,426,401,361,310,48,54,327,360,362,330,313,58,49,339,389,404,323,324,60,49,346,378,403,359,234,56,43,45,380,385,359,288,66,32,340,432,402,299,367,71,62,344,440,369,307,346,78,54,307,358,363,361,60,58,59,337,338,369,334,324,70,48,161,209,198,184,184,104,48,144,212,199,207,173,54,68,360,415,430,390,377,80,52,376,394,461,419,385,76,53,373,425,431,392,380,56,47,378,403,413,420,370,71,55,370,359,405,367,283,58,39,326,385,412,393,341,63,48,338,421,334,410,367,65,50,351,387,380,391,344,60,53,388,404,435,424,367,59,37,420,355,446,416,349,87,57,198,248,203,228,177,30,42,164,192,202,209,182,59,47,401,381,410,409,382,75,62,298,413,379,425,254,53,87,50,382,384,363,335,55,57,350,408,432,449,423,78,78,406,461,475,417,381,77,77,377,396,397,467,347,75,51,370,444,470,382,343,58,55,352,365,369,383,358,72,51,328,335,349,353,325,65,62,305,299,321,339,275,62,66,125,136,29,49,36,71,53,61,86
Royal Heights Loop,West,111,40,81,101,127,81,94,87,139,205,178,199,187,113,73,250,197,187,244,166,101,78,217,196,227,193,160,91,69,86,208,248,223,212,77,79,194,71,252,239,218,78,69,235,259,226,242,200,101,61,257,269,261,315,236,132,65,209,263,296,320,274,109,75,233,282,310,288,281,100,88,250,296,305,339,226,111,90,272,283,278,308,298,82,77,275,288,296,289,43,95,67,105,168,267,257,279,95,81,271,277,285,236,235,110,94,209,221,260,234,228,58,79,212,223,254,95,202,120,95,265,270,285,252,241,96,76,222,270,297,176,208,106,75,231,218,277,199,217,123,77,223,224,254,262,209,82,78,206,229,189,196,220,91,66,49,206,254,238,210,96,53,225,235,256,238,178,91,77,243,242,257,259,268,97,69,206,221,270,256,91,69,74,209,227,251,279,264,76,73,193,186,208,218,207,66,56,137,221,205,250,211,81,62,221,244,264,275,269,105,83,219,243,246,281,254,99,83,218,254,292,302,282,110,85,245,251,270,311,278,92,66,220,256,259,268,261,115,99,268,249,265,214,266,56,69,208,223,258,262,227,92,70,262,295,273,299,244,96,87,212,211,257,270,179,117,61,235,248,245,269,229,78,77,187,157,173,190,179,79,64,175,208,175,231,199,86,71,261,274,244,268,268,127,83,265,211,264,267,234,95,74,95,251,246,267,242,118,84,218,221,235,249,212,124,80,229,242,264,258,182,112,91,210,256,243,232,235,114,120,251,229,266,288,264,110,80,228,213,246,256,233,105,85,219,234,258,200,246,96,97,174,212,229,204,211,107,107,186,148,34,83,131,96,77,117,132
Westgate to Hobsonville Point via West Harbour,West,112,154,171,227,305,243,196,181,284,267,254,333,323,275,215,306,341,296,411,346,233,250,321,334,336,441,362,243,228,253,358,417,452,383,215,283,369,256,450,563,451,253,203,428,475,502,557,526,336,229,485,446,540,557,500,277,200,540,496,567,588,549,363,184,399,466,554,584,526,376,316,509,523,535,604,449,397,306,555,510,589,660,575,289,277,466,518,566,607,195,284,196,259,399,450,574,501,374,303,473,503,528,496,446,330,272,421,418,446,474,428,214,276,367,457,420,242,347,301,282,467,547,504,487,494,326,278,454,457,435,576,456,288,218,446,467,448,450,403,326,305,399,433,500,558,487,277,229,417,445,355,478,463,277,264,260,411,418,522,425,274,204,398,434,404,483,395,286,218,376,498,445,512,458,303,220,371,454,475,454,302,300,241,391,379,444,474,396,262,209,297,303,341,389,403,277,242,245,396,288,410,314,288,227,405,421,420,490,525,376,293,373,448,452,537,468,350,244,435,417,446,471,483,305,243,424,450,462,504,424,230,224,329,458,421,532,490,293,293,460,382,419,512,484,247,303,440,424,442,506,471,321,310,410,449,514,507,442,285,263,404,358,393,475,419,334,266,425,493,482,501,432,308,295,367,424,351,409,373,218,266,256,383,337,421,360,297,253,469,432,471,510,503,360,273,457,413,471,542,453,303,302,272,472,452,591,453,318,282,455,439,454,495,445,388,300,420,441,492,489,451,375,331,472,457,442,507,498,392,328,468,476,459,526,472,251,223,363,399,407,386,394,308,264,335,423,418,402,453,347,264,285,423,373,479,411,301,275,328,280,88,237,323,276,261,280,279
Westgate to Hobsonville Point via Whenuapai,West,114,50,31,63,56,75,53,64,84,109,116,139,118,52,57,100,140,117,125,78,39,48,111,103,115,125,81,56,48,53,119,133,158,148,70,67,117,55,174,196,139,66,54,169,228,219,194,207,49,60,200,204,188,207,193,73,63,190,199,211,209,196,43,40,194,219,210,216,208,80,54,211,234,215,218,171,71,51,200,201,223,210,165,56,78,203,219,213,202,38,62,44,58,143,177,196,183,63,66,193,230,208,198,180,78,44,137,119,163,132,134,46,59,131,151,173,68,132,80,86,189,183,198,169,170,74,67,181,192,178,201,156,74,42,156,184,186,175,154,45,69,151,183,176,171,132,73,41,167,180,173,171,164,77,75,58,186,191,182,155,52,61,169,173,203,167,145,57,39,168,165,198,137,155,77,44,147,155,159,121,35,68,63,120,157,191,162,159,46,45,123,144,146,130,146,50,62,74,117,107,145,122,65,39,159,188,206,190,198,108,62,164,197,147,182,168,72,61,183,209,241,170,191,102,69,172,192,230,177,176,53,72,138,204,229,199,190,51,71,155,167,207,161,184,57,62,184,200,196,174,185,57,54,197,213,187,207,170,57,62,179,131,177,185,142,75,74,159,204,197,187,156,62,53,135,136,157,149,142,61,64,122,134,185,161,123,44,40,175,153,206,169,178,52,54,181,182,192,159,168,57,62,50,182,188,187,175,59,46,174,179,192,164,153,89,48,174,167,195,170,133,71,50,181,207,208,160,162,75,55,159,165,174,167,167,35,44,147,164,158,141,147,64,61,146,150,178,131,150,72,55,94,166,139,120,120,80,28,71,85,2,52,38,58,37,45,33
West Hills Loop,West,116,4,5,4,4,4,2,1,7,13,6,11,14,5,5,6,17,16,17,13,4,13,17,16,14,10,14,3,8,9,12,19,8,9,5,7,19,5,20,18,20,7,5,25,26,33,18,29,11,17,24,21,14,34,24,15,6,10,24,18,23,19,8,1,19,15,24,21,27,6,7,20,16,13,19,18,9,10,21,19,27,23,20,9,7,22,11,21,24,2,6,7,6,13,9,14,16,6,2,18,24,26,11,10,7,3,7,14,21,21,8,7,8,7,11,17,7,7,11,6,13,19,20,11,15,6,10,12,9,17,13,15,3,5,13,14,11,11,13,8,4,16,13,17,20,17,4,2,21,15,16,22,20,8,1,,18,19,13,11,4,6,15,14,15,13,14,7,7,8,18,16,13,10,12,9,9,17,10,21,5,6,,6,11,20,18,17,4,6,4,15,9,15,14,9,7,3,19,10,13,16,1,1,14,19,26,19,14,4,11,11,15,16,14,9,3,3,13,14,21,10,14,18,2,13,17,21,12,18,2,5,10,13,20,16,13,6,7,22,13,24,15,13,9,2,12,15,17,20,22,,6,18,10,20,16,18,2,4,20,18,12,10,15,4,5,8,21,14,14,8,8,9,15,14,18,10,11,1,12,15,15,9,13,13,6,3,13,14,19,18,19,9,2,19,15,13,25,13,2,2,,10,17,20,19,6,3,18,18,16,19,20,9,9,17,22,26,26,10,2,11,15,22,19,37,21,5,10,21,24,21,32,14,5,8,23,20,28,30,29,14,13,23,15,26,21,16,13,14,15,19,18,17,13,15,8,11,11,2,10,3,9,18,16,4
Northwest To City Centre Via Triangle Rd,West,11T,450,533,804,790,832,682,657,962,"1,046","1,107","1,126",981,769,686,"1,004","1,206","1,273","1,305","1,200",899,752,949,"1,160","1,246","1,254","1,146",753,580,740,"1,170","1,338","1,354","1,214",727,700,"1,256",877,"1,408","1,513","1,319",740,703,"1,291","1,386","1,381","1,461","1,262",956,841,"1,408","1,395","1,494","1,500","1,460",950,708,"1,484","1,519","1,410","1,467","1,501","1,088",635,"1,514","1,495","1,715","1,515","1,448","1,433",999,"1,442","1,492","1,597","1,595","1,347",989,832,"1,458","1,657","1,653","1,496","1,490",818,673,"1,344","1,555","1,604","1,667",527,924,535,629,"1,148","1,556","1,508","1,329",844,724,"1,336","1,528","1,558","1,161","1,296",895,740,"1,141","1,277","1,319","1,352","1,137",610,725,"1,071","1,281","1,358",634,"1,098",895,653,"1,369","1,427","1,348","1,436","1,397",883,723,"1,419","1,514","1,454","1,459","1,287",743,657,"1,293","1,256","1,425","1,277","1,187",827,685,"1,440","1,216","1,539","1,501","1,330",723,611,"1,213","1,343","1,247","1,319","1,184",839,644,617,"1,267","1,454","1,381","1,339",859,558,"1,365","1,390","1,351","1,413","1,210",843,674,"1,314","1,363","1,382","1,339","1,256",781,613,"1,243","1,230","1,309","1,440",709,630,652,"1,220","1,277","1,316","1,237","1,230",644,623,951,"1,159","1,129","1,099","1,120",828,596,910,"1,335","1,162","1,348","1,113",784,573,"1,290","1,465","1,543","1,469","1,365",886,751,"1,426","1,514","1,584","1,612","1,394",908,761,"1,389","1,582","1,527","1,533","1,429",917,703,"1,377","1,517","1,565","1,577","1,426",710,651,"1,383","1,607","1,462","1,450","1,390",783,707,"1,362","1,251","1,557","1,461","1,371",646,665,"1,240","1,381","1,460","1,394","1,410",710,645,"1,392","1,494","1,407","1,521","1,238",770,621,"1,349","1,364","1,544","1,476","1,188",804,691,"1,356","1,399","1,414","1,522","1,255",802,696,"1,148","1,337","1,203","1,284","1,228",410,696,"1,145","1,390","1,246","1,296","1,087",895,702,"1,285","1,553","1,585","1,471","1,398",858,742,"1,335","1,400","1,450","1,556","1,416",787,701,665,"1,349","1,329","1,450","1,358",834,816,"1,294","1,500","1,373","1,569","1,392",921,844,"1,291","1,492","1,275","1,394","1,168","1,004",686,"1,296","1,371","1,382","1,305","1,338",871,732,"1,188","1,195","1,247","1,340","1,359",749,668,"1,003","1,227","1,191","1,237","1,137",801,618,"1,092","1,144","1,140","1,142","1,077",767,630,903,"1,085","1,193",931,972,723,626,756,570,247,517,572,620,572,688,611
Northwest To City Centre Via Waimumu Rd,West,11W,508,592,743,948,828,538,683,925,"1,096",897,975,995,789,669,"1,092","1,219","1,191","1,221","1,092",759,690,"1,174","1,174","1,156","1,279","1,095",797,597,665,"1,002","1,178","1,339","1,225",754,727,"1,177",866,"1,513","1,447","1,351",846,701,"1,420","1,504","1,531","1,649","1,342",939,876,"1,369","1,641","1,481","1,496","1,339",898,673,"1,438","1,666","1,737","1,704","1,496",930,611,"1,404","1,657","1,679","1,709","1,494","1,420","1,096","1,494","1,725","1,842","1,610","1,263","1,038",820,"1,597","1,600","1,653","1,703","1,492",807,716,"1,487","1,612","1,711","1,522",557,918,603,653,"1,125","1,411","1,580","1,465",848,653,"1,374","1,546","1,618","1,506","1,239",800,690,"1,118","1,236","1,369","1,395","1,239",608,749,"1,209","1,207","1,217",730,"1,104",828,711,"1,508","1,426","1,601","1,498","1,465",896,627,"1,478","1,526","1,641","1,400","1,262",766,610,"1,376","1,469","1,531","1,306","1,250",857,697,"1,287","1,328","1,489","1,556","1,346",728,601,"1,293","1,333","1,297","1,257","1,216",764,638,583,"1,479","1,374","1,299","1,301",769,565,"1,331","1,454","1,337","1,397","1,147",774,587,"1,157","1,352","1,482","1,185","1,299",740,568,"1,162","1,272","1,384","1,110",704,717,593,"1,112","1,258","1,393","1,399","1,096",670,547,"1,025","1,070","1,233","1,063","1,014",723,583,904,"1,252","1,198","1,299","1,117",713,547,"1,395","1,484","1,492","1,560","1,319",896,680,"1,299","1,498","1,421","1,503","1,249",869,746,"1,261","1,371","1,617","1,513","1,277",841,632,"1,336","1,300","1,538","1,491","1,374",649,515,"1,294","1,477","1,497","1,510","1,353",824,723,"1,334","1,401","1,456","1,331","1,378",644,653,"1,376","1,312","1,429","1,455","1,265",851,616,"1,213","1,513","1,462","1,397","1,247",689,567,"1,347","1,381","1,445","1,510","1,142",852,682,"1,540","1,454","1,412","1,438","1,276",728,563,"1,130","1,325","1,197","1,067","1,148",456,623,"1,068","1,297","1,179","1,352","1,067",833,623,"1,501","1,405","1,565","1,435","1,372",863,646,"1,261","1,448","1,536","1,358","1,257",723,737,484,"1,510","1,552","1,435","1,333",761,672,"1,184","1,494","1,402","1,403","1,359",840,716,"1,276","1,474","1,490","1,489","1,127",882,634,"1,349","1,311","1,271","1,306","1,309",795,733,"1,172","1,282","1,312","1,368","1,215",641,585,"1,109","1,203","1,299","1,186","1,196",699,601,"1,035","1,210","1,200","1,117","1,148",735,585,912,"1,016","1,064","1,078",949,703,565,765,561,226,516,615,659,584,670,675
Henderson to Constellation Station via Westgate and Hobsonville,West,120,613,818,"1,217","1,220","1,231",803,913,"1,532","1,657","1,701","1,803","1,675","1,070",903,"1,648","1,923","1,985","1,969","1,668","1,020",726,"1,906","1,993","2,201","2,190","1,974","1,084",790,"1,043","2,065","2,849","2,821","2,567",966,980,"2,362","1,128","3,187","3,165","2,825","1,140",951,"3,065","3,335","3,184","3,055","2,778","1,263","1,014","2,838","2,991","3,216","3,117","2,788","1,353",804,"3,090","3,259","3,506","3,478","3,147","1,308",834,"2,884","3,107","3,543","3,475","3,259","1,310",909,"3,204","3,331","3,388","3,463","2,910","1,285",989,"2,999","3,396","3,384","3,401","2,948","1,111","1,063","3,003","3,371","3,445","3,159",598,"1,228",660,"1,067","2,008","3,299","3,231","2,982","1,233",797,"3,076","2,986","3,161","2,904","2,405","1,010",933,"2,200","2,228","2,352","2,039","2,096",670,904,"1,923","2,294","2,220",865,"1,785","1,193",896,"3,147","3,294","3,263","3,006","2,660","1,256","1,009","2,925","3,242","3,277","3,300","2,590","1,202",816,"2,811","2,921","3,111","2,578","2,391","1,244",987,"2,676","2,796","3,030","3,052","2,573","1,123",765,"2,674","2,825","2,609","2,743","2,244","1,124",877,899,"2,814","2,924","2,761","2,723","1,128",814,"2,738","2,882","2,781","2,843","2,270","1,072",927,"2,621","2,891","2,849","2,990","2,756","1,077",798,"2,653","2,771","2,901","2,815","1,082","1,019",928,"2,589","2,739","2,950","2,846","2,637",938,794,"1,752","2,028","2,082","1,978","1,751","1,002",824,"1,375","2,131","1,843","2,289","1,636",952,781,"2,799","3,081","3,149","3,004","2,933","1,277",959,"2,924","3,071","3,074","3,266","2,932","1,160",924,"2,708","3,171","3,164","3,193","2,813","1,185",915,"2,836","3,190","3,168","3,117","2,787",904,795,"2,632","3,033","3,105","3,168","2,692","1,159","1,061","2,819","2,740","3,055","2,959","2,836",952,952,"2,809","2,961","3,032","3,151","2,582","1,159",944,"2,798","2,979","2,975","3,002","2,862","1,082",862,"2,752","2,654","2,789","2,861","2,311","1,233",947,"2,575","3,155","3,030","2,967","2,561","1,091",909,"2,003","2,237","1,982","2,139","1,919",816,779,"1,806","2,333","1,999","2,175","1,853",974,797,"2,818","3,017","3,122","3,096","2,731","1,137",922,"2,838","2,928","3,110","2,998","2,752",915,"1,001",724,"2,902","2,759","2,775","2,460","1,174",821,"2,567","2,771","2,694","2,755","2,840","1,154",863,"2,518","3,035","2,680","2,738","1,870","1,163",948,"2,599","2,835","2,802","2,609","2,589","1,105",976,"2,647","2,717","2,708","2,654","2,364",846,850,"2,349","2,602","2,615","2,612","2,360","1,087",883,"2,212","2,304","2,329","1,903","2,008","1,093",901,"1,493","1,983","2,005","1,872","1,604",927,857,"1,141","1,008",294,764,879,793,796,889,916
Huapai to Westgate,West,122,16,13,27,35,43,18,21,69,44,60,59,54,23,26,59,61,64,74,77,45,28,68,44,83,69,69,22,29,31,83,76,86,75,29,41,70,36,64,75,66,15,31,56,68,66,57,76,27,27,62,81,101,69,71,49,30,55,84,76,83,72,54,26,63,60,75,92,75,49,41,77,75,69,83,57,34,24,80,61,66,102,60,47,27,72,58,103,94,17,34,22,24,61,61,62,61,52,40,77,67,77,59,54,44,33,65,49,76,88,71,19,40,60,81,64,23,58,29,30,65,66,61,61,49,26,26,59,61,47,64,49,32,24,57,59,70,62,33,23,30,58,43,60,53,46,48,18,66,42,49,62,50,29,35,23,73,65,44,79,34,37,67,81,65,70,50,46,43,51,66,66,53,52,43,29,53,49,64,48,32,23,33,53,65,45,56,63,32,25,52,70,74,65,44,34,23,48,67,56,82,61,21,28,60,65,64,70,73,42,28,60,68,90,89,58,23,30,66,79,58,60,74,27,21,68,71,70,99,70,30,20,51,60,63,83,64,39,30,57,62,66,88,74,27,24,55,81,70,75,71,41,29,68,80,55,84,67,35,24,59,54,77,59,42,36,26,49,69,68,92,41,51,24,67,63,65,76,68,42,24,73,81,85,73,72,33,25,68,50,85,91,75,34,16,54,80,87,110,92,43,22,32,86,88,79,69,35,33,57,76,94,76,94,44,32,62,92,79,70,61,35,31,113,88,98,87,74,52,37,78,78,79,80,69,31,22,74,73,73,82,57,42,30,70,67,82,36,65,28,33,54,80,77,77,50,29,19,36,44,8,22,24,30,23,25,39
Huapai Triangle To Westgate Via Kumeu,West,123,16,16,31,23,28,20,17,51,56,56,72,44,23,15,65,70,75,95,38,31,23,74,72,53,90,76,29,17,29,58,100,80,69,28,25,67,51,101,115,68,36,18,76,92,85,82,72,38,25,95,95,97,67,82,26,25,87,86,79,99,91,36,20,86,88,121,103,101,37,39,84,90,111,114,79,48,27,87,109,111,107,80,32,32,92,111,84,94,15,13,30,35,83,93,90,83,33,23,107,105,111,75,56,35,34,95,105,103,69,78,22,29,90,99,86,16,62,33,32,131,107,78,91,98,17,21,87,93,107,107,71,19,26,89,100,106,76,87,25,24,81,82,72,87,92,51,17,82,102,68,70,63,21,26,31,72,77,113,71,29,9,76,80,81,72,61,22,24,72,79,75,89,95,22,20,67,61,83,58,32,29,17,60,79,83,76,71,17,23,72,88,74,68,70,30,16,65,69,79,103,71,23,25,91,89,93,76,79,37,21,72,76,86,123,76,25,13,85,106,69,76,69,27,15,73,111,87,110,86,24,16,90,94,100,103,76,35,17,79,63,83,131,95,19,26,78,81,88,82,79,24,21,72,89,90,101,93,29,13,89,88,84,104,75,41,33,82,105,99,102,81,21,11,97,87,69,101,81,34,23,76,112,97,101,89,35,15,88,99,100,71,67,23,20,81,88,77,83,67,27,28,33,83,80,106,64,23,20,83,84,83,81,80,51,20,78,90,84,81,56,37,26,67,77,81,96,88,35,15,75,98,86,67,75,26,26,87,97,68,75,59,27,22,65,105,85,56,62,39,23,55,76,78,59,53,22,24,45,38,5,20,26,17,31,30,37
Helensville to Westgate via Huapai,West,125,122,156,154,229,158,122,137,210,214,300,220,186,172,162,213,250,279,251,247,220,125,266,234,314,276,267,196,136,139,226,330,304,330,166,148,297,177,339,292,266,154,170,330,275,336,369,286,170,127,345,281,341,354,352,164,108,332,357,365,404,337,202,155,318,369,456,392,366,258,200,367,395,424,398,343,222,183,417,442,445,362,344,213,158,348,425,362,393,129,191,133,245,315,413,381,327,174,219,310,375,396,336,268,175,203,331,329,361,330,298,128,163,314,363,366,148,276,157,152,366,361,343,386,340,149,115,373,367,402,339,307,193,133,307,351,361,340,301,178,203,342,327,345,355,373,182,116,351,307,308,317,313,218,141,190,348,355,339,341,208,135,339,373,357,356,313,161,155,356,331,367,342,322,229,128,359,345,344,388,206,140,157,330,341,386,391,402,175,131,298,301,374,276,260,203,166,223,294,298,347,308,193,100,338,399,448,416,368,246,117,371,331,388,378,386,175,153,408,362,380,350,347,225,192,387,395,421,375,422,169,136,363,349,396,383,407,224,132,365,253,414,402,430,138,164,336,327,337,369,395,185,143,366,361,427,400,424,189,154,346,566,402,320,330,246,154,369,385,384,402,345,168,112,338,317,279,289,339,88,104,273,334,331,329,312,177,112,347,352,396,370,515,223,168,399,351,379,359,378,157,178,200,280,428,398,380,173,156,390,357,413,384,381,221,167,357,366,406,399,292,202,162,349,305,383,324,382,218,158,344,320,375,391,344,211,164,368,328,386,255,370,208,128,333,329,305,313,257,194,130,253,301,351,268,295,158,148,243,183,81,140,188,184,126,167,168
Westgate to Albany via Rivershead and Coatesville,West,126,112,172,252,293,237,214,239,282,272,323,292,258,220,153,299,314,329,317,309,226,217,293,325,349,350,284,192,150,208,421,428,390,348,173,268,327,252,418,418,412,199,359,394,444,402,461,374,236,212,394,428,437,410,412,225,225,381,419,439,418,452,304,222,385,445,447,434,417,256,235,429,384,433,424,379,287,232,425,444,451,398,394,218,225,370,396,381,445,129,185,113,237,373,367,395,390,253,206,350,378,400,312,303,246,239,304,286,314,315,316,134,212,274,298,365,193,269,249,244,391,457,359,364,376,237,238,347,336,400,377,363,293,188,310,374,380,410,303,221,212,338,328,365,378,324,215,178,341,336,326,313,336,186,251,239,342,372,365,333,199,179,356,367,330,333,315,235,183,297,382,306,336,329,229,173,323,358,365,358,248,255,170,335,345,344,338,354,233,190,316,282,310,251,272,209,148,173,355,267,341,297,200,162,372,417,395,396,338,260,163,335,361,371,353,328,245,209,315,330,370,292,367,253,241,299,321,383,343,422,222,169,271,315,329,329,337,257,272,336,354,383,442,416,211,220,372,332,346,374,355,280,179,326,375,356,311,335,241,194,320,301,379,359,275,302,196,305,372,314,344,313,248,199,314,314,269,328,314,174,189,256,357,288,323,334,233,188,336,358,368,341,335,319,193,319,326,346,370,323,263,302,224,335,306,396,366,348,243,328,382,354,397,415,326,294,335,419,377,364,303,345,196,345,362,347,357,406,335,255,359,334,290,379,382,244,204,342,393,344,345,320,291,246,327,383,341,303,367,288,218,224,294,343,360,312,245,188,287,259,50,225,193,222,232,224,152
Helensville to Hibiscus Coast Station via Kaukapakapa and Waitoki,West,128,20,33,25,33,30,25,27,72,76,101,70,72,33,32,94,79,89,96,59,16,13,88,72,112,91,75,38,25,26,73,112,106,138,32,19,97,45,156,157,152,46,29,167,147,148,143,149,48,47,146,152,139,147,145,42,28,136,166,182,170,165,50,39,146,146,149,128,154,51,29,193,144,149,174,130,36,26,146,151,155,154,157,40,18,151,177,134,142,22,55,19,44,67,134,129,151,42,35,141,147,166,96,148,36,43,116,113,89,102,80,35,26,81,96,70,39,76,42,34,140,138,130,125,140,33,30,119,125,128,137,159,39,20,134,133,114,102,103,44,36,148,130,152,144,141,37,30,165,154,122,126,93,39,24,37,120,140,136,151,47,39,150,132,125,121,101,41,24,131,126,142,149,153,46,21,141,122,139,124,41,25,42,113,132,144,131,117,32,37,74,78,72,63,68,38,27,67,92,83,81,94,28,30,137,137,147,138,119,37,35,149,133,180,171,172,56,35,141,140,146,125,119,36,54,131,140,124,142,158,41,32,133,145,135,143,153,35,67,147,122,139,155,133,49,22,133,142,172,151,129,46,46,140,154,135,125,145,38,43,129,119,137,132,127,44,44,147,160,166,153,133,51,34,92,80,105,100,99,37,28,80,98,82,104,97,37,25,140,164,142,147,133,53,47,139,117,128,132,147,37,40,50,127,126,127,131,42,43,135,148,141,158,120,37,46,132,135,115,116,108,31,30,126,117,126,135,150,24,32,121,97,126,123,105,31,30,107,129,117,129,106,35,26,129,103,97,55,68,28,33,87,71,82,97,67,28,32,42,39,2,36,40,38,15,40,44
Te Atatu Peninsula  Loop to Henderson,West,13,576,752,"1,111","1,147","1,071",858,811,"1,379","1,436","1,643","1,555","1,564",888,775,"1,618","1,860","1,852","1,809","1,578",987,743,"1,564","1,695","1,699","1,760","1,560",987,671,850,"1,993","2,020","2,328","2,095",887,821,"1,726","1,039","2,556","2,546","2,170","1,057",893,"2,409","2,482","2,635","2,556","2,261","1,190",956,"2,279","2,522","2,617","2,547","2,403","1,178",830,"2,399","2,776","2,955","2,733","2,610","1,233",706,"2,448","2,744","2,881","2,816","2,577","1,271","1,053","2,692","2,748","2,968","2,907","2,453","1,380","1,047","2,714","2,843","2,953","2,812","2,489","1,070",835,"2,687","2,753","2,799","2,570",677,"1,215",707,863,"1,754","2,685","2,685","2,441","1,191",998,"2,535","2,665","2,772","2,485","2,156","1,143",940,"1,854","2,097","2,173","2,043","1,714",827,918,"1,760","2,043","2,144",987,"1,817","1,146",945,"2,528","2,926","2,739","2,589","2,324","1,259",894,"2,223","2,684","2,743","2,873","2,150","1,057",776,"2,325","2,532","2,648","2,111","2,026","1,154",919,"2,272","2,415","2,475","2,494","2,285","1,064",727,"2,160","2,488","2,138","2,374","1,851","1,137",845,815,"2,435","2,463","2,493","2,253","1,107",728,"2,176","2,324","2,461","2,297","1,936","1,098",905,"2,070","2,290","2,324","2,288","2,117","1,106",796,"2,081","2,169","2,296","2,229",974,"1,040",807,"1,951","2,152","2,311","2,406","1,833",879,770,"1,444","1,684","1,677","1,646","1,403",977,717,"1,224","1,874","1,569","1,872","1,390",905,805,"2,135","2,534","2,553","2,514","2,365","1,233",937,"2,316","2,453","2,568","2,425","2,315","1,226",930,"2,274","2,552","2,514","2,474","2,209","1,228",921,"2,274","2,509","2,525","2,630","2,296",859,695,"2,081","2,459","2,479","2,542","2,429","1,167",915,"2,187","2,298","2,460","2,343","2,315",935,811,"2,240","2,325","2,528","2,482","2,003","1,131",961,"2,202","2,505","2,642","2,487","2,305","1,019",905,"2,263","2,247","2,616","2,538","2,074","1,170",939,"2,384","2,487","2,483","2,463","2,141","1,197",901,"1,657","1,965","1,746","1,758","1,707","1,098",803,"1,554","2,050","1,772","1,914","1,641","1,119",880,"2,331","2,529","2,568","2,616","2,439","1,182",929,"2,327","2,653","2,604","2,539","1,974","1,119",982,816,"2,455","2,413","2,477","2,190","1,040",930,"2,181","2,498","2,480","2,310","2,208","1,210",908,"2,164","2,439","2,320","2,272","1,696","1,189",937,"2,104","2,438","2,187","2,270","2,284","1,177","1,008","2,207","2,141","2,208","2,280","2,027","1,027",841,"2,023","2,268","2,195","2,238","2,082","1,161",917,"1,778","2,041","2,070","1,856","1,683","1,011",867,"1,393","1,847","1,759","1,766","1,583",893,871,"1,070","1,057",293,717,943,981,788,947,"1,022"
Te Atatu Peninsula to City Centre via Northwestern Motorway and Great North Rd,West,132,,,,,,,,77,106,106,107,99,,,151,190,186,168,146,,,147,174,173,176,137,,,,210,196,214,179,,,136,,244,215,181,,,211,237,220,220,185,,,233,258,284,249,194,,,276,304,311,302,236,,,283,291,333,272,218,,,278,274,295,301,217,,,245,267,276,261,184,,,256,292,257,197,,,,,159,206,230,187,,,250,305,240,241,165,,,186,208,194,196,138,,,168,195,183,,120,,,237,278,287,245,201,,,252,293,281,258,170,,,223,263,219,187,160,,,258,252,244,205,218,,,281,253,246,229,152,,,,257,237,238,190,,,233,235,235,227,159,,,220,234,265,265,186,,,204,242,247,205,,,,196,273,205,238,132,,,169,189,170,151,109,,,177,210,181,217,142,,,242,276,281,252,188,,,261,277,249,259,205,,,234,296,254,266,220,,,250,287,239,243,190,,,231,230,228,235,200,,,218,195,207,234,160,,,204,234,223,209,183,,,216,231,203,242,186,,,188,226,223,218,156,,,221,250,221,221,149,,,158,168,174,178,135,,,177,193,157,171,108,,,213,232,213,233,159,,,188,206,186,216,118,,,,224,190,153,161,,,184,213,185,204,146,,,204,200,215,210,134,,,180,149,185,236,126,,,166,185,180,178,122,,,164,191,157,179,126,,,164,160,159,125,106,,,121,141,149,111,82,,,50,29,,,,,,,
Te Atatu (Totara Rd) to Henderson,West,135,115,172,285,284,269,179,212,377,460,473,515,453,236,193,482,577,590,575,534,232,155,469,522,557,568,448,226,161,199,596,669,724,770,189,177,481,252,796,824,808,226,192,832,884,933,904,786,289,232,847,823,929,924,856,285,181,840,931,962,957,802,331,172,794,889,943,876,842,339,257,946,979,921,929,870,331,188,860,947,992,972,826,236,190,827,937,"1,029","1,008",157,271,157,201,514,912,931,803,260,231,834,862,917,800,731,258,234,561,671,681,643,557,187,178,552,646,672,225,539,268,237,879,"1,003",941,875,807,281,227,777,914,926,918,749,238,165,824,852,805,760,715,269,238,769,759,842,844,734,261,174,693,863,756,840,658,264,213,189,780,915,858,797,306,162,734,862,879,820,685,274,209,753,829,820,846,745,262,196,746,806,849,753,233,264,160,751,691,805,795,569,210,203,549,531,566,477,481,273,193,403,554,599,596,511,254,185,805,908,876,918,855,251,205,796,871,970,954,756,293,201,820,858,837,885,821,258,197,762,838,873,966,812,245,204,771,885,924,900,754,270,229,779,780,863,810,713,194,190,772,867,897,884,682,259,191,719,883,866,837,761,297,222,780,781,867,786,697,270,199,756,912,899,828,665,309,190,538,545,575,570,546,255,197,493,628,507,591,511,275,155,817,931,910,805,799,275,221,765,835,851,833,615,269,240,209,765,846,824,694,269,216,699,726,782,808,706,254,206,659,777,791,730,537,330,212,730,759,742,722,658,260,218,713,708,698,714,655,214,206,646,710,685,729,604,246,175,618,708,624,585,531,261,196,457,604,554,504,458,228,192,286,318,83,180,203,233,163,210,285
Lincoln Rd To New Lynn via Henderson,West,14,843,"1,147","1,300","1,879","1,666","1,229","1,162","1,723","1,797","2,038","1,969","1,962","1,276","1,254","1,852","1,961","2,249","2,214","1,956","1,271","1,073","1,593","1,756","1,790","1,875","1,631","1,116",835,966,"1,885","2,247","2,251","2,078","1,064","1,025","1,922","1,116","2,312","2,447","2,086","1,077","1,073","2,218","2,234","2,436","2,413","2,204","1,424","1,051","2,154","2,253","2,462","2,324","2,294","1,357","1,762","2,060","2,418","2,385","2,586","2,298","1,328",867,"2,098","2,297","2,406","2,221","2,159","1,411","1,381","2,199","2,375","2,549","2,471","2,081","1,631","1,353","2,217","2,407","2,435","2,327","2,153","1,006",984,"2,350","2,443","2,624","2,244",880,"1,776",897,"1,160","1,849","2,360","2,792","2,271","1,680","1,624","2,197","2,449","2,372","2,133","1,809","1,511","1,231","1,933","1,830","1,946","1,964","2,012","1,185","1,278","1,775","1,903","2,033",985,"2,065","1,644","1,343","2,290","2,452","2,426","2,152","2,257","1,387","1,330","2,146","2,260","2,304","2,425","1,862","1,361","1,013","1,920","2,129","2,315","1,822","1,866","1,345","1,085","1,926","1,981","2,438","2,209","1,975","1,305",934,"2,014","2,197","1,667","2,131","1,916","1,589","1,222",984,"2,100","2,223","2,367","2,078","1,194",847,"1,991","2,221","2,180","2,234","1,873","1,311","1,139","2,030","2,115","2,400","2,223","2,097","1,325",938,"1,832","2,271","2,327","2,447","1,511","1,395","1,198","1,768","2,064","2,369","2,113","2,031","1,192","1,013","1,669","1,735","1,792","1,828","1,724","1,147",996,"1,217","1,890","1,621","1,975","1,499","1,173","1,144","2,012","2,179","2,277","2,241","2,099","1,703","1,460","1,965","2,113","2,313","2,270","2,077","1,656","1,451","1,961","2,417","2,456","2,445","2,159","1,613","1,435","1,931","2,225","2,351","2,350","2,092","1,048",891,"1,946","2,151","2,263","2,376","2,000","2,072","1,704","2,198","2,006","2,279","2,327","2,185","1,125","1,092","2,083","2,167","2,345","2,398","2,199","1,660","1,227","2,189","2,343","2,534","2,496","2,091","1,437","1,373","2,046","1,967","2,323","2,296","1,928","1,660","1,415","2,160","2,361","2,454","2,354","2,114","1,796","1,559","1,807","1,895","1,858","1,898","1,954","1,124","1,340","1,594","1,910","1,857","2,153","1,997","1,808","1,271","2,224","2,185","2,351","2,436","2,340","1,373","1,259","2,174","2,356","2,371","2,363","2,408","1,554","1,518","1,274","2,240","2,336","2,456","2,375","1,439","1,204","2,081","2,314","2,368","2,317","2,266","1,488","1,226","1,982","2,269","2,262","2,322","1,610","1,708","1,381","2,004","2,339","2,304","2,274","2,351","1,541","1,247","2,067","2,190","2,378","2,246","2,275","1,394","1,308","2,046","2,301","2,234","2,166","2,194","1,399","1,262","1,902","2,053","2,069","1,979","2,035","1,388","1,094","1,519","1,907","1,925","1,919","1,827","1,403","1,134","1,571","1,197",495,"1,099","1,511","1,214","1,067","1,502","1,688"
Ranui to Henderson via Sturges Rd,West,143,160,164,227,286,238,199,148,296,329,291,330,303,252,177,292,285,330,350,320,218,191,258,296,337,316,299,167,150,183,313,380,434,337,160,178,342,163,482,407,447,215,160,454,497,444,468,422,205,213,441,430,488,459,460,228,142,413,417,502,459,491,250,128,373,424,496,467,477,218,220,448,447,503,492,379,278,228,451,462,537,475,472,228,217,419,451,494,476,136,277,151,228,315,467,470,457,276,250,409,407,449,405,344,217,216,286,320,355,330,296,162,193,312,334,391,197,356,261,210,412,455,438,397,439,257,224,401,429,444,416,367,194,161,367,409,420,310,365,203,161,379,370,430,425,321,206,162,360,343,326,414,340,235,195,190,391,419,424,381,225,176,314,380,391,419,327,205,200,367,423,474,440,408,241,159,353,392,442,383,226,267,198,378,362,399,394,351,189,144,216,273,303,333,291,189,161,195,360,271,339,254,257,171,364,391,461,439,425,248,214,383,350,461,442,403,249,250,403,458,430,459,424,265,209,375,433,446,459,390,171,151,327,391,457,447,431,236,230,417,378,454,446,391,175,168,430,409,419,441,394,228,201,355,417,430,424,406,249,174,378,284,403,372,288,224,207,394,407,450,402,366,238,220,269,303,289,289,336,174,187,249,349,321,297,342,255,156,431,446,447,398,426,210,196,369,418,439,379,397,176,170,128,396,400,415,364,193,186,362,385,407,408,408,204,163,351,415,406,389,267,222,197,351,359,365,357,393,187,194,363,368,364,366,335,162,164,351,389,367,340,362,194,142,309,326,340,280,317,186,153,219,271,306,284,294,178,178,220,203,34,121,199,214,157,195,230
Lincoln Rd To Henderson Via Western H,West,145,170,267,362,490,402,317,282,471,538,523,502,466,329,274,548,616,574,596,490,374,303,470,448,530,511,489,359,229,303,511,623,649,575,275,323,498,305,719,746,575,323,341,640,639,664,743,639,378,342,682,712,713,713,649,366,398,622,696,778,703,698,391,212,611,734,716,702,649,457,385,688,696,728,723,628,457,367,711,794,756,757,616,305,331,689,711,734,720,235,438,258,324,472,701,729,704,392,332,671,713,792,595,527,385,267,458,567,519,563,536,283,328,494,558,540,362,542,378,343,681,771,723,645,659,395,336,613,732,628,688,570,391,292,607,686,603,596,638,390,292,591,635,665,640,562,308,241,579,617,485,565,595,408,311,287,608,647,678,601,304,235,608,600,609,619,533,307,263,524,643,692,626,594,327,218,582,631,620,616,330,365,266,564,550,634,615,562,267,245,375,454,460,440,424,295,264,336,470,371,496,411,356,252,544,640,620,630,644,389,369,575,663,687,684,631,358,348,593,681,669,636,642,379,293,550,718,682,658,622,242,218,605,687,679,612,606,429,460,604,631,635,599,673,317,291,553,631,632,605,581,441,361,632,669,639,733,608,384,310,510,554,716,619,555,334,300,612,701,647,691,588,451,327,456,532,455,518,512,390,298,406,554,511,554,552,391,301,593,644,683,653,639,425,348,574,786,711,623,590,419,386,302,584,645,615,681,370,308,575,667,625,664,638,390,341,569,654,610,615,469,351,323,548,583,643,675,655,355,301,535,624,649,631,541,330,345,533,563,633,631,548,335,288,494,572,527,436,481,358,276,342,516,451,447,444,298,360,303,390,118,275,338,332,275,281,374
Waitakere Township to Henderson,West,147,140,220,255,297,243,177,164,293,326,321,309,251,190,167,269,331,355,394,316,144,178,244,294,350,345,326,228,166,174,360,405,434,402,180,162,331,193,441,431,416,207,166,454,429,466,478,443,193,168,449,446,451,468,444,201,226,403,426,452,504,406,189,107,364,441,444,464,404,197,206,441,453,514,501,397,253,201,421,478,495,450,441,171,181,416,487,512,420,153,278,129,199,374,441,503,415,267,223,463,514,522,403,369,273,176,312,370,378,350,368,181,189,341,371,458,205,425,260,185,438,464,466,453,440,302,196,394,500,494,489,390,168,154,406,486,464,345,366,216,141,379,429,460,436,395,212,133,372,369,323,377,391,258,194,184,437,496,459,450,214,134,364,397,443,416,368,262,175,367,417,563,451,409,197,146,357,424,385,453,191,261,188,370,399,485,475,409,172,166,289,317,350,302,290,197,140,214,368,273,346,245,206,184,391,422,460,446,476,263,241,422,452,462,497,465,295,205,453,461,467,484,364,299,204,376,421,440,489,448,151,139,366,485,472,480,391,247,209,431,409,425,461,436,193,178,403,386,495,420,428,259,195,381,462,423,486,420,214,199,436,350,449,488,330,250,188,446,444,397,429,389,242,173,358,349,341,328,331,243,190,292,404,365,397,295,238,187,446,430,446,461,427,245,204,413,619,438,479,415,259,222,175,463,474,492,391,203,194,417,559,442,514,448,237,183,391,440,479,451,359,243,192,464,481,407,436,477,214,170,385,432,446,414,413,184,208,404,478,500,447,404,210,178,377,412,442,437,360,228,156,288,443,358,381,353,219,182,272,256,81,169,281,214,164,236,337
Ranui To Lincoln Rd,West,148,44,62,95,113,92,59,69,9,13,8,3,13,64,64,10,7,8,14,5,65,39,8,9,2,6,9,65,31,52,11,6,9,12,37,40,9,59,10,8,12,55,37,11,4,9,14,17,63,54,4,10,8,10,5,52,50,6,8,5,5,7,73,40,6,11,9,4,7,90,60,3,11,14,16,9,94,62,8,8,5,6,10,37,55,9,7,20,23,41,75,43,73,12,13,28,8,93,44,8,13,8,6,7,66,63,10,16,7,9,12,54,61,6,14,7,69,15,76,83,9,11,9,9,11,79,52,6,10,6,10,9,91,50,5,6,3,10,6,65,47,3,9,6,3,5,58,36,4,8,5,12,8,76,57,53,9,7,11,13,92,51,4,8,9,6,7,54,55,5,6,4,8,6,64,39,6,11,10,12,41,64,43,4,6,8,7,10,62,54,4,4,3,8,11,52,40,6,6,4,5,5,73,74,3,7,8,5,13,67,59,2,6,3,9,5,119,64,6,6,8,5,4,62,51,5,10,6,9,7,58,39,8,4,4,10,7,70,68,3,7,11,7,6,46,57,4,8,8,6,4,100,53,5,8,7,6,16,54,63,4,8,12,8,12,60,78,3,5,10,7,18,103,73,21,10,15,9,8,35,65,8,10,12,9,13,72,51,13,11,12,13,11,65,36,4,9,10,12,8,86,51,44,7,5,19,9,63,57,9,9,9,7,11,67,48,8,7,11,13,7,71,67,3,16,10,12,11,63,53,14,6,11,9,9,60,56,11,7,12,4,10,64,45,7,5,10,8,13,48,59,8,3,7,13,7,59,51,10,8,20,25,62,69,38,85,81
Ranui To New Lynn Via Rosebank,West,149,,,,,,,,470,509,518,557,509,,,617,736,754,773,625,,,627,710,653,651,598,,,,589,684,811,831,,,743,,948,835,857,,,991,922,"1,004",894,"1,008",,,942,990,"1,030","1,057",887,,,884,978,"1,057",985,950,,,835,"1,002","1,062","1,008",935,,,984,"1,045","1,051","1,064",924,,,982,975,"1,110","1,016",784,,,"1,016","1,022","1,107","1,023",,,,,677,"1,098","1,087",966,,,999,"1,031","1,037",938,899,,,604,716,751,727,661,,,651,779,794,,664,,,955,"1,010","1,110",995,973,,,944,984,"1,022","1,051",797,,,898,947,957,791,746,,,786,943,981,933,855,,,856,915,879,909,792,,,,986,"1,016",989,678,,,881,940,"1,020",929,775,,,922,917,"1,056",924,894,,,895,965,874,988,,,,801,886,921,928,919,,,562,666,631,619,620,,,441,620,593,665,583,,,803,930,991,"1,015",989,,,904,987,"1,078",958,946,,,916,978,999,"1,002","1,011",,,900,"1,041","1,044",975,914,,,884,985,"1,042",934,964,,,899,987,"1,048",962,974,,,973,927,"1,011","1,016",879,,,904,"1,004",995,946,939,,,842,909,997,996,855,,,929,"1,036","1,025","1,101",960,,,568,635,718,671,652,,,558,752,675,705,605,,,917,991,"1,020",992,911,,,957,"1,088","1,073","1,065",920,,,,915,914,861,815,,,812,"1,012",921,911,794,,,763,957,900,881,554,,,836,959,923,929,763,,,805,908,968,895,660,,,750,847,907,827,779,,,743,756,703,653,668,,,522,698,663,614,520,,,377,310,,,,,,,
Henderson to New Lynn via Sunnyvale and Glen Eden,West,152,200,297,338,409,394,263,254,631,704,692,772,752,309,262,701,783,799,777,704,299,276,569,595,734,734,609,249,231,236,712,897,788,823,243,218,735,377,969,830,802,294,243,837,938,960,"1,002",834,306,251,830,831,961,975,855,333,207,886,923,"1,092",963,924,306,207,799,922,"1,031",892,865,305,325,938,984,"1,022",940,805,390,334,926,996,"1,097",958,821,277,255,837,916,987,"1,019",170,359,196,293,653,907,887,826,355,278,844,876,997,844,770,338,269,668,675,769,672,666,290,210,680,694,741,301,794,340,302,923,930,930,880,831,367,310,796,891,914,917,681,280,195,801,904,864,722,671,256,228,749,783,888,853,793,264,202,712,823,734,775,671,351,268,253,855,883,820,806,251,188,690,737,795,807,688,289,234,762,849,958,879,824,282,236,686,855,854,726,259,299,275,712,753,921,873,769,223,219,539,592,682,587,549,209,213,442,650,571,706,513,286,276,766,868,911,882,826,336,306,729,767,897,833,768,314,289,803,844,949,933,749,305,271,784,867,881,826,764,236,207,668,856,892,884,728,351,281,659,792,852,795,824,182,233,717,751,852,805,766,287,245,751,836,927,905,763,325,285,678,657,827,875,645,266,268,725,848,794,851,723,349,238,581,668,598,642,593,253,230,498,605,555,593,571,328,251,759,815,811,834,708,280,207,696,947,846,828,787,285,278,527,827,870,876,744,250,250,767,850,838,787,748,318,252,746,833,778,774,515,298,245,708,780,776,762,710,264,222,730,747,764,748,726,273,234,713,769,887,739,637,281,222,645,751,739,662,634,253,210,458,645,598,592,607,281,236,467,404,80,222,260,308,215,300,321
Henderson to New Lynn via Bruce Mclaren Rd and Glen Eden,West,154,453,563,778,848,824,612,586,989,958,"1,040",987,940,750,605,"1,086","1,159","1,093","1,127","1,006",632,550,819,885,994,"1,047",935,657,448,592,991,"1,192","1,199","1,104",650,574,"1,055","1,084","1,263","1,287","1,197",681,511,"1,202","1,382","1,386","1,361","1,197",680,606,"1,261","1,358","1,385","1,279","1,271",690,501,"1,237","1,343","1,592","1,458","1,351",729,512,"1,200","1,359","1,478","1,341","1,288",724,674,"1,299","1,351","1,459","1,320","1,203",861,638,"1,273","1,383","1,485","1,383","1,231",592,612,"1,380","1,444","1,491","1,250",421,771,421,667,946,"1,383","1,325","1,189",792,655,"1,316","1,364","1,401","1,276","1,061",795,596,950,988,"1,103","1,093",986,530,556,938,"1,109","1,142",625,"1,133",769,676,"1,304","1,441","1,384","1,300","1,258",772,593,"1,267","1,308","1,283","1,362","1,030",679,471,"1,210","1,230","1,258","1,046","1,041",597,534,"1,172","1,167","1,270","1,205","1,044",570,452,"1,098","1,191","1,046","1,126","1,017",815,554,580,"1,228","1,249","1,240","1,243",612,376,"1,075","1,207","1,197","1,161",951,595,526,"1,126","1,198","1,370","1,159","1,110",631,466,"1,080","1,181","1,275","1,164",678,670,577,"1,116","1,123","1,318","1,298","1,133",602,504,807,872,"1,006",935,877,594,463,649,956,872,"1,006",764,679,500,"1,131","1,326","1,282","1,296","1,190",747,623,"1,148","1,259","1,271","1,205","1,152",686,632,"1,101","1,269","1,212","1,391","1,118",723,560,"1,162","1,252","1,309","1,307","1,165",553,441,"1,126","1,299","1,251","1,285","1,053",793,672,"1,178","1,142","1,248","1,216","1,174",528,536,"1,113","1,212","1,330","1,268","1,158",742,550,"1,196","1,258","1,272","1,270","1,172",720,668,"1,218","1,148","1,317","1,294","1,049",676,596,"1,213","1,177","1,356","1,308","1,178",783,569,772,966,926,858,874,626,539,705,961,869,989,840,814,560,"1,219","1,331","1,300","1,316","1,170",628,524,"1,239","1,406","1,366","1,241","1,116",688,614,626,"1,189","1,298","1,270","1,131",673,490,"1,151","1,256","1,232","1,187","1,098",641,494,"1,136","1,327","1,208","1,103",881,674,494,"1,089","1,231","1,237","1,157","1,102",614,498,"1,098","1,044","1,145","1,147","1,069",692,523,"1,046","1,211","1,202","1,145","1,082",662,572,987,"1,108","1,123",970,954,598,485,796,"1,011",985,"1,007",843,633,504,686,612,188,495,728,603,566,728,740
New Lynn to Brains Park,West,161,88,99,174,141,155,129,105,225,173,217,186,228,129,107,191,209,214,212,204,140,131,195,208,217,233,205,145,114,110,197,243,286,227,146,111,193,91,266,306,249,121,127,254,292,294,292,222,149,130,257,269,282,285,246,157,100,238,298,325,284,298,160,94,259,300,318,290,288,148,115,309,353,318,314,292,163,127,283,295,290,314,261,144,120,268,319,300,323,75,139,94,136,231,235,273,279,136,116,255,283,296,247,249,124,110,211,242,258,226,212,114,129,188,252,276,114,239,142,108,258,278,288,267,262,131,103,249,242,271,268,204,143,110,255,225,283,236,218,133,120,217,245,272,278,240,122,95,217,238,239,256,236,142,103,114,246,273,239,243,147,96,242,233,269,244,210,162,96,228,213,232,242,237,125,101,226,250,234,260,162,132,98,223,230,231,246,270,129,122,168,211,200,220,196,126,124,161,231,206,193,191,121,114,248,266,224,304,235,146,142,256,237,295,259,220,121,108,223,267,221,244,228,144,105,224,287,274,238,255,117,82,227,241,248,257,245,151,114,219,220,258,279,273,130,100,208,261,232,240,216,121,114,193,268,254,254,259,133,101,213,254,275,233,228,141,109,247,248,259,268,238,108,119,173,199,199,212,194,124,93,165,208,186,225,218,121,108,218,263,258,274,246,150,129,222,293,263,275,243,134,124,96,242,257,254,219,121,104,218,253,233,218,233,118,117,188,222,260,237,184,128,119,218,236,260,218,169,117,119,201,244,249,252,213,129,99,197,212,256,265,227,187,109,208,234,255,212,216,140,134,172,243,244,216,221,125,136,164,178,49,119,138,127,124,139,118
Henderson to New Lynn via Glendene,West,162,306,299,415,364,384,278,306,487,514,552,506,525,290,296,515,570,560,638,604,334,262,492,640,583,621,560,376,225,317,527,761,803,810,304,255,730,290,988,"1,018",973,343,287,"1,048","1,026","1,087","1,151",916,356,283,988,"1,011","1,070","1,120",979,403,315,982,"1,067","1,114","1,212","1,041",437,217,971,"1,072","1,107","1,130","1,048",412,313,"1,078","1,133","1,095","1,110","1,022",450,266,"1,043","1,100","1,149","1,046",774,340,302,996,"1,066","1,122",963,191,356,245,284,539,"1,031","1,024",942,376,733,"1,016",878,"1,093",974,913,348,302,481,567,553,637,584,271,287,544,598,602,313,573,375,335,997,"1,039","1,074","1,038",981,377,267,931,992,"1,044","1,050",786,350,226,854,993,945,884,817,339,374,866,908,923,952,868,371,257,824,919,816,796,778,320,261,281,898,884,997,701,304,205,831,914,"1,002",963,834,308,245,844,933,900,937,883,331,238,852,919,882,976,276,274,250,763,825,851,960,845,347,262,487,523,599,528,449,270,273,416,577,495,572,477,288,519,904,978,947,933,869,436,245,868,940,948,953,759,373,272,884,"1,014",960,985,882,335,349,897,928,"1,054","1,000",933,276,184,872,"1,037",977,"1,055",848,432,300,941,884,980,970,943,230,394,927,930,949,"1,007",770,369,289,897,"1,014",923,"1,021",812,335,280,836,855,911,944,774,379,274,984,997,976,"1,006",850,330,342,464,608,481,597,509,247,284,470,552,511,495,527,303,265,891,948,914,994,898,355,266,914,932,935,995,824,346,457,224,951,882,923,851,285,248,824,"1,041",960,920,850,350,234,830,972,919,947,508,310,245,852,820,808,870,822,318,263,815,687,803,829,851,279,255,781,894,810,858,693,306,236,622,748,733,738,575,308,238,462,550,539,528,407,338,252,334,297,88,253,293,279,229,253,318
Titirangi South to New Lynn,West,170,77,72,97,126,114,87,92,114,118,128,133,124,100,92,103,145,154,136,168,123,107,132,140,182,143,121,111,97,116,165,163,193,150,125,103,159,115,194,198,109,138,113,172,173,217,206,184,154,105,158,175,140,183,166,121,82,161,166,211,174,175,127,101,147,201,193,177,161,141,135,150,210,184,190,131,159,99,157,186,177,183,160,120,116,165,192,195,206,45,101,69,92,130,212,164,180,122,112,136,201,182,155,146,96,88,107,149,170,142,133,69,68,132,154,137,97,133,129,105,179,167,194,182,186,110,79,153,146,192,194,147,104,77,137,212,146,149,156,101,97,147,149,162,172,173,110,81,142,155,146,138,149,95,110,62,141,143,131,140,100,69,146,145,126,134,131,104,108,104,171,151,134,181,112,83,126,158,149,138,114,130,96,137,130,136,148,135,91,74,108,121,125,121,125,108,46,87,145,136,137,115,97,83,171,164,200,198,174,101,84,149,154,191,208,170,147,119,156,207,204,179,174,145,95,156,174,177,197,177,91,66,172,187,181,191,182,187,92,151,145,164,176,174,101,96,157,168,171,185,141,113,92,146,161,167,165,182,107,93,138,172,200,177,143,140,77,166,161,168,186,190,149,100,135,141,164,161,110,79,88,123,168,130,174,148,144,101,167,186,188,183,194,126,94,140,182,149,177,160,137,116,69,194,185,165,154,114,74,144,174,165,159,168,144,106,140,191,182,148,141,115,82,146,175,170,187,179,122,105,152,177,152,164,150,106,71,152,143,155,160,168,111,93,133,147,150,156,158,99,64,115,141,186,120,123,92,84,98,79,32,59,79,95,76,66,80
Laingholm to New Lynn via Titirangi,West,171,55,84,102,88,109,65,66,223,272,252,239,230,123,77,255,324,303,287,265,92,69,290,308,306,327,256,84,79,111,335,358,410,433,81,71,321,88,418,378,397,136,94,362,366,396,457,304,130,104,362,392,460,372,393,110,66,383,365,368,349,317,82,74,273,300,325,288,311,96,86,274,300,339,277,268,126,74,260,387,356,333,290,81,76,324,311,402,323,34,76,26,72,229,367,319,302,106,63,390,319,343,306,279,96,83,264,272,274,288,235,50,68,224,289,274,68,197,69,60,250,345,375,297,321,81,82,278,295,299,323,225,83,64,296,304,284,265,308,86,53,268,268,321,300,252,77,52,241,258,242,292,266,76,65,61,288,291,260,259,76,57,251,276,314,266,245,57,64,259,300,312,265,221,73,64,252,269,257,298,79,46,76,247,262,277,225,252,58,100,189,238,243,221,217,56,41,163,247,173,223,218,54,52,259,211,287,256,263,80,80,284,298,314,279,327,79,66,288,261,327,328,285,89,93,251,292,336,273,297,72,62,284,278,356,284,292,100,73,255,239,292,297,305,66,65,252,232,305,293,240,66,54,257,298,264,265,284,85,60,283,259,269,281,258,109,49,274,270,316,295,229,104,73,207,265,209,245,193,45,65,230,259,245,267,253,78,60,291,303,330,303,321,98,82,293,317,313,277,267,76,61,77,289,240,283,268,83,70,270,312,266,330,269,98,68,283,323,311,275,241,101,60,256,299,266,202,292,75,67,278,266,266,292,279,75,62,259,309,281,292,278,81,56,257,293,305,268,282,59,61,187,267,254,202,217,76,56,186,135,10,66,76,63,58,90,79
Glen Eden to New Lynn via Titirangi,West,172,150,192,308,320,229,224,236,370,394,448,438,395,334,219,394,439,457,483,411,279,213,396,402,420,418,409,279,198,273,481,511,529,494,278,294,492,260,654,534,591,310,309,597,652,682,518,533,312,294,548,513,636,497,518,355,231,560,596,703,600,653,375,220,515,554,651,607,661,336,319,627,566,697,615,608,354,252,532,671,709,593,545,324,295,543,632,594,581,163,293,188,237,479,602,619,556,329,261,574,589,606,539,523,303,252,468,485,490,514,483,241,214,401,465,518,243,417,350,309,619,620,646,548,544,312,247,515,576,628,587,473,347,208,504,573,625,443,519,296,251,466,537,606,548,535,284,201,471,530,494,553,555,327,233,211,527,539,569,490,304,199,456,509,521,499,481,335,223,484,533,516,522,507,337,214,447,566,587,524,304,300,285,470,506,555,507,473,266,265,354,419,437,408,348,252,194,341,536,446,520,396,255,233,487,590,615,545,579,356,335,473,526,567,577,532,332,281,566,542,647,649,478,314,302,541,540,616,576,610,297,225,646,572,584,595,556,308,337,497,523,543,497,585,294,247,499,505,593,589,519,334,255,501,624,603,606,573,290,272,539,487,581,580,521,365,240,513,555,662,576,522,334,295,358,500,451,497,409,302,191,339,457,448,433,430,314,230,474,532,567,485,543,299,253,489,514,537,551,519,296,267,235,509,563,516,559,308,204,503,577,531,548,498,365,215,526,569,548,575,408,308,264,466,501,490,579,542,267,264,461,530,500,514,469,368,215,467,528,506,459,463,284,244,414,477,508,423,482,293,210,378,475,430,485,464,263,229,285,223,67,194,273,233,178,223,254
New Lynn to City Centre via Avondale and Great North Rd,Central,18,"2,374","2,483","3,522","3,608","3,364","2,716","3,104","4,473","4,662","5,129","4,813","4,681","3,210","3,370","5,093","5,703","5,689","5,893","5,083","3,179","3,145","4,162","4,629","4,727","4,833","4,357","3,041","2,880","2,852","4,368","5,394","5,685","5,252","2,940","3,547","4,849","2,888","6,005","5,986","5,718","3,014","2,911","5,582","6,106","6,689","6,496","5,444","3,673","3,533","5,680","5,781","6,487","6,336","5,908","3,144","2,598","5,851","6,633","6,728","6,602","6,275","3,494","2,763","5,599","6,198","6,616","6,728","6,115","4,529","4,803","6,209","6,206","6,454","6,373","5,842","4,109","3,988","6,073","6,499","6,901","6,682","5,649","2,752","3,184","6,083","6,589","6,445","6,298","2,349","3,654","2,944","2,784","4,726","6,479","6,405","5,927","3,735","3,745","5,985","6,406","6,559","5,651","5,225","3,375","3,596","4,645","5,138","4,926","5,178","5,087","2,613","3,300","4,258","5,059","5,313","2,997","5,110","3,682","3,741","5,689","6,202","5,834","5,776","5,474","3,550","3,788","4,866","5,585","5,701","5,845","4,596","2,981","2,726","5,123","5,487","5,490","4,738","5,040","3,469","3,499","4,877","5,133","5,656","5,758","4,707","2,828","2,422","4,717","5,326","4,811","5,096","4,698","3,449","3,449","2,490","5,844","5,641","5,760","5,487","3,181","2,427","4,843","5,184","5,206","5,233","4,642","3,043","3,240","4,570","5,114","5,610","5,036","4,905","3,105","2,604","4,480","5,339","5,196","4,961","3,042","3,149","3,184","4,526","4,718","5,147","5,079","4,702","2,634","3,137","3,655","3,977","4,211","4,247","3,738","3,009","2,766","3,268","4,355","4,255","4,454","3,623","3,139","2,923","5,030","5,438","5,501","5,404","5,412","3,231","3,143","4,796","5,270","5,326","5,287","4,852","3,955","3,304","5,010","5,471","5,177","5,315","5,098","3,841","3,571","4,932","5,545","5,553","5,193","5,185","2,536","2,415","4,565","5,101","5,503","5,438","5,015","3,075","3,060","4,587","4,807","5,278","5,129","5,144","2,529","2,943","4,711","4,987","5,768","5,347","4,976","3,464","3,194","4,829","5,169","5,396","5,416","4,953","3,211","3,455","4,949","4,946","5,329","5,626","4,800","3,089","3,550","5,039","5,885","5,552","5,382","4,858","3,605","3,397","4,141","4,400","4,150","4,453","4,379","2,447","3,075","3,863","4,574","4,202","4,589","3,902","3,015","2,685","5,100","5,210","5,193","5,274","4,985","3,129","3,225","4,774","5,423","5,555","5,338","5,094","2,891","3,463","2,444","5,148","5,053","5,388","4,770","2,842","2,589","4,674","5,237","5,197","5,048","4,959","3,008","2,804","4,822","5,191","5,179","4,951","4,032","3,060","2,943","4,753","5,057","4,958","4,895","4,859","2,876","2,918","4,489","4,499","4,872","4,617","4,632","2,838","2,861","4,341","4,747","4,926","4,727","4,385","2,789","2,746","4,089","4,340","4,387","3,893","3,992","2,778","2,673","3,188","4,368","3,967","3,898","3,577","2,417","2,567","2,609","2,214","1,179","1,848","2,540","2,490","2,711","2,623","3,163"
South Lynn Loop,West,186,163,184,241,274,268,197,208,318,283,349,338,353,256,182,334,358,373,369,349,254,202,376,378,380,402,364,249,192,231,387,470,465,432,255,258,409,223,523,474,455,197,231,442,510,540,505,441,271,241,461,460,538,519,443,268,255,389,513,474,484,501,230,193,413,452,528,534,501,261,224,479,498,463,495,448,271,256,448,536,537,513,416,234,222,381,502,535,448,149,256,123,238,382,523,383,456,240,215,443,478,503,419,387,261,253,405,424,432,422,388,156,189,368,460,429,204,322,258,220,419,480,490,440,415,256,237,394,459,494,445,392,244,226,395,448,453,355,403,220,226,390,453,467,445,376,219,225,396,409,416,400,398,248,212,218,486,454,427,388,243,200,389,386,443,438,313,250,204,424,455,406,470,418,254,183,385,417,478,410,217,218,193,395,430,452,416,428,228,214,309,343,358,351,362,241,192,273,420,381,442,337,205,177,330,415,519,483,361,241,239,397,481,573,489,416,257,222,404,471,519,466,454,244,213,395,456,518,456,375,191,181,420,498,461,490,456,242,234,409,418,481,461,467,202,230,436,436,480,479,400,236,209,388,436,475,430,434,225,222,391,391,391,420,360,241,213,443,492,469,494,404,230,170,331,390,363,387,339,185,177,325,365,359,414,357,237,212,396,435,452,484,402,274,215,407,436,491,510,466,219,179,204,388,366,400,434,187,175,368,426,412,459,409,242,201,349,441,400,424,233,239,214,383,420,382,381,405,253,239,362,372,390,435,413,211,208,372,372,406,386,348,278,202,349,416,409,365,393,273,207,273,347,432,356,339,240,240,278,291,77,215,245,184,196,194,213
New Lynn to Lynfield via Avondale and Blockhouse Bay,Central,191,139,214,270,256,232,190,393,228,267,251,245,251,276,476,242,288,279,276,263,249,403,261,306,306,311,281,212,366,192,351,371,406,484,269,403,399,197,467,460,475,295,385,435,478,496,322,294,247,424,391,461,327,405,381,274,326,392,482,447,420,473,283,356,347,413,452,486,482,261,440,397,440,440,376,359,306,391,369,446,455,425,362,218,423,419,535,455,458,118,233,281,222,293,429,405,391,257,316,414,351,412,405,372,276,375,268,260,292,288,255,190,351,260,318,293,144,256,271,432,452,437,461,409,422,283,391,388,404,420,433,344,256,394,324,413,417,344,386,224,382,402,373,470,471,418,266,323,401,440,390,441,384,286,394,189,420,418,447,322,232,308,421,449,421,418,352,176,370,362,414,439,455,402,282,344,363,423,422,427,260,223,412,420,444,454,411,417,223,313,218,284,265,255,264,217,271,169,244,259,283,221,199,291,389,432,432,423,410,249,387,392,457,477,414,426,267,355,393,390,421,415,448,323,380,413,434,449,407,463,213,261,332,382,424,395,279,234,346,393,349,360,395,396,206,373,412,447,421,394,424,235,355,374,449,438,360,372,247,342,380,382,377,425,357,274,393,388,441,465,462,381,271,303,265,264,240,271,250,240,350,215,305,262,287,293,290,366,395,353,454,391,370,285,364,399,456,418,409,427,236,389,172,357,365,372,357,370,349,367,420,422,366,407,230,381,358,415,389,415,215,264,356,367,429,379,408,402,237,364,346,343,367,331,327,193,315,315,363,346,341,309,304,361,295,318,308,262,274,258,424,179,283,287,256,239,217,394,224,194,62,188,241,240,366,215,205
"New Lynn to City Centre via Green Bay, Blockhouse Bay, Avondale, and Great North Rd",West,195,554,754,"1,060",970,"1,058",821,773,"1,303","1,371","1,573","1,434","1,341",997,792,"1,441","1,602","1,739","1,622","1,477",997,799,"1,496","1,537","1,684","1,736","1,552",943,704,920,"1,835","1,918","1,911","1,899",973,933,"1,671","1,108","2,183","2,275","2,154","1,028",982,"2,086","2,254","2,264","2,147","1,957","1,179","1,005","2,093","2,111","2,340","2,231","2,065","1,100",686,"2,206","2,382","2,540","2,348","2,282","1,190",672,"1,905","2,207","2,486","2,368","2,315","1,518","1,089","2,155","2,369","2,462","2,242","2,022","1,177",839,"2,002","2,331","2,254","2,203","2,148",965,845,"2,162","2,372","2,470","2,332",590,"1,104",708,809,"1,567","2,367","2,348","2,018","1,042",908,"1,909","2,233","2,362","1,917","1,826","1,022",906,"1,612","1,798","1,805","1,874","1,786",804,743,"1,603","1,730","1,940",790,"1,611",999,871,"2,089","2,313","2,274","2,168","1,970","1,129",807,"1,898","2,170","2,225","2,163","1,776","1,195",802,"1,981","2,054","2,217","1,918","1,850","1,107",816,"1,896","1,867","2,043","1,987","1,922",909,737,"1,878","2,023","1,925","1,960","1,669",945,818,715,"2,089","2,168","2,122","1,974","1,049",689,"1,800","1,934","2,060","1,908","1,671",822,758,"1,716","1,972","1,991","1,799","1,884",940,733,"1,760","1,841","2,032","1,946",865,"1,000",793,"1,582","1,838","1,984","1,888","1,871",836,705,"1,408","1,497","1,637","1,525","1,517",926,705,"1,219","1,565","1,583","1,791","1,503",912,736,"1,959","2,079","2,253","2,225","2,109","1,008",809,"1,958","2,006","2,136","2,155","1,955","1,123",918,"1,934","2,021","2,234","2,078","1,922","1,106",797,"1,908","2,029","2,131","2,119","2,025",886,744,"1,856","2,071","2,298","2,091","1,788","1,019",735,"1,761","2,037","2,105","2,037","1,991",840,821,"1,902","1,988","2,146","2,113","1,850","1,015",767,"1,903","2,141","2,250","2,021","1,954","1,006",832,"1,919","1,901","2,074","2,098","1,765","1,080",965,"1,962","2,100","2,135","2,027","1,846","1,155",850,"1,575","1,703","1,559","1,676","1,563",917,762,"1,280","1,732","1,661","1,751","1,651","1,043",809,"1,896","2,086","2,161","2,036","2,004","1,143",954,"1,705","2,027","2,123","2,044","1,960",993,"1,000",770,"1,984","1,949","2,059","1,935","1,104",822,"1,746","2,061","1,967","2,083","1,992","1,211",909,"1,920","2,085","1,829","1,927","1,529","1,170",827,"1,791","2,041","1,950","1,829","1,656","1,160",958,"1,585","1,880","1,982","1,728","1,583",875,726,"1,605","1,734","1,713","1,931","1,639","1,111",887,"1,510","1,712","1,720","1,575","1,529","1,018",773,"1,302","1,575","1,532","1,402","1,385",906,718,923,880,306,616,767,772,710,841,921
St Lukes to Wynyard Quarter via Kingsland and Ponsonby,Central,20,269,341,572,680,651,533,513,767,863,725,931,881,554,489,897,995,"1,021","1,096",938,593,495,"1,038",940,"1,065","1,057",948,752,626,545,921,"1,104","1,271","1,101",681,584,849,537,"1,231","1,333","1,146",760,618,"1,189","1,220","1,466","1,368","1,213",805,498,"1,139","1,258","1,320","1,298","1,341",763,563,"1,143","1,269","1,349","1,290","1,195",806,517,994,"1,252","1,302","1,335","1,290",909,573,"1,079","1,169","1,365","1,305","1,186",925,652,"1,011","1,280","1,269","1,320","1,199",701,557,"1,093","1,253","1,294","1,253",370,762,357,436,"1,119","1,296","1,327","1,256",688,555,"1,093","1,301","1,282","1,255",966,647,528,"1,043","1,123","1,120","1,195","1,071",620,505,989,"1,150","1,134",448,877,715,569,987,"1,198","1,241","1,218","1,132",677,511,"1,093","1,247","1,285","1,190","1,027",801,458,"1,032","1,150","1,148","1,175","1,016",893,560,"1,064","1,214","1,229","1,228","1,112",691,510,"1,059","1,170","1,007","1,180","1,036",701,505,409,"1,186","1,209","1,266","1,089",706,456,"1,058","1,170","1,160","1,183","1,103",625,476,"1,019","1,234","1,213","1,189","1,084",732,520,"1,035","1,194","1,167","1,171",475,580,522,924,"1,188","1,206","1,255","1,071",583,529,907,987,"1,068","1,034",897,737,480,677,997,988,"1,118",888,657,468,"1,098","1,229","1,222","1,252","1,151",680,482,"1,122","1,180","1,299","1,267","1,174",771,496,"1,072","1,225","1,159","1,252","1,114",767,537,"1,114","1,281","1,265","1,258","1,183",754,439,"1,062","1,165","1,224","1,252","1,139",591,497,"1,053","1,376","1,259","1,187","1,108",659,514,"1,093","1,199","1,350","1,316","1,228",687,466,"1,084","1,262","1,268","1,286","1,147",644,547,953,"1,147","1,228","1,217","1,043",774,610,"1,149","1,336","1,284","1,293","1,097",810,701,909,995,"1,050","1,079",988,400,479,935,"1,131","1,038","1,136",967,728,491,"1,048","1,209","1,242","1,196","1,120",744,537,"1,089","1,302","1,270","1,274","1,044",621,535,458,"1,268","1,414","1,268","1,175",776,485,"1,031","1,236","1,251","1,270","1,216",726,480,"1,180","1,324","1,475","1,347","1,124","1,027",529,"1,122","1,320","1,197","1,215","1,140",754,628,"1,071","1,112","1,220","1,256","1,128",659,490,"1,038","1,118","1,137","1,293","1,179",740,501,994,"1,101","1,191","1,103","1,088",698,519,845,"1,118","1,103","1,055",907,661,508,663,476,142,306,411,410,415,409,486
Titirangi to City Centre via Green Bay and New North Rd,West,209,,,,,,,,311,307,321,353,296,,,464,502,502,480,334,,,313,374,405,366,291,,,,390,441,447,383,,,279,,493,471,366,,,519,556,598,447,302,,,375,520,480,492,390,,,583,550,579,524,461,,,520,569,562,521,487,,,571,583,573,530,471,,,514,457,576,462,399,,,493,550,558,503,,,,,326,518,522,458,,,537,448,547,487,327,,,298,410,368,342,320,,,322,417,331,,283,,,531,551,549,494,453,,,478,495,534,528,425,,,504,534,491,440,340,,,487,472,500,494,381,,,494,523,492,439,373,,,,547,644,606,472,,,539,577,504,526,428,,,490,490,566,484,432,,,485,474,531,455,,,,499,505,488,571,337,,,338,336,316,316,234,,,324,407,360,348,283,,,529,514,541,586,432,,,520,619,553,553,397,,,520,581,525,543,468,,,531,525,533,484,443,,,549,568,531,552,442,,,557,478,553,550,419,,,424,583,603,438,428,,,522,479,432,496,409,,,557,539,471,433,376,,,528,526,523,426,346,,,343,341,388,330,271,,,331,420,394,363,288,,,547,554,530,563,446,,,602,618,560,556,319,,,,440,588,463,394,,,469,533,498,472,381,,,443,583,595,514,414,,,490,526,490,413,346,,,448,497,456,487,370,,,409,463,343,391,313,,,355,432,361,395,251,,,337,345,292,260,203,,,86,77,,,,,,,
New Lynn to City Centre via Avondale and New North Rd,Central,22N,873,"1,007","1,585","1,653","1,493","1,195","1,308","2,043","2,046","2,136","2,331","2,417","1,326","1,202","2,268","2,580","2,713","2,594","2,466","1,415","1,290","1,994","2,089","2,179","2,169","1,986","1,343","1,164","1,024","1,936","2,389","2,222","2,141","1,369","1,276","1,808","1,081","2,517","2,357","2,212","1,299","1,271","2,179","2,448","2,549","2,402","2,319","1,450","1,279","2,261","2,413","2,630","2,735","2,434","1,425","1,215","2,540","2,854","2,814","2,924","2,724","1,465","1,110","2,441","2,816","3,062","2,823","2,642","1,398","1,415","3,217","3,177","3,319","3,116","2,807","2,159","1,572","2,965","3,146","3,465","3,165","2,839","1,474","1,222","3,021","3,160","3,317","3,134",703,"1,813","1,036","1,223","2,407","2,893","2,972","2,539","1,435","1,464","2,596","2,897","2,990","2,925","2,319","1,415","1,237","2,332","2,563","2,371","2,436","2,374","1,095","1,308","2,291","2,403","2,253","1,109","2,430","1,408","1,288","2,280","2,624","2,649","2,660","2,358","1,378","1,560","2,246","2,614","2,454","2,631","1,993","1,380","1,074","2,097","2,412","2,440","2,109","1,806","1,430","1,462","2,093","2,305","2,528","2,495","2,257","1,169",804,"2,142","2,470","2,242","2,049","2,355","1,566","1,450","1,158","2,467","2,123","2,524","2,364","1,356",929,"2,183","2,317","2,287","2,231","1,970","1,353","1,398","2,280","2,450","2,462","2,243","2,027","1,290","1,186","1,860","2,142","2,297","1,954","1,265","1,233","1,141","1,834","1,872","2,206","2,231","1,828","1,117","1,240","1,818","2,046","2,043","1,906","1,752","1,151","1,274","2,037","2,243","2,223","2,500","2,072","1,465","1,181","2,422","2,598","2,610","2,567","2,446","1,285","1,377","2,305","2,651","2,783","2,605","2,417","1,605","1,278","2,332","2,497","2,418","2,690","2,266","1,490","1,281","2,374","2,627","2,564","2,441","2,217","1,003","1,221","2,135","2,391","2,692","2,270","2,154","1,584","1,338","1,876","2,077","2,239","2,168","2,188","1,190","1,346","1,978","2,197","2,412","2,285","1,992","1,530","1,258","2,132","2,200","2,474","2,187","2,168","1,372","1,055","2,015","2,200","2,437","2,383","2,108","1,497","1,355","2,341","2,657","2,468","2,544","2,298","1,411","1,499","2,281","2,468","2,501","2,332","2,197",619,"1,416","1,887","2,322","2,500","2,419","2,212","1,452","1,290","2,540","2,601","2,755","2,339","2,411","1,298","1,347","2,276","2,578","2,413","2,522","2,370","1,343","1,560","1,002","2,388","2,614","2,224","2,197","1,426","1,326","2,296","2,400","2,341","2,284","2,102","1,194","1,156","2,106","2,261","2,359","2,200","1,861","1,512","1,297","2,084","2,213","2,201","2,092","1,820","1,244","1,308","2,099","1,897","2,068","2,156","2,082","1,383","1,211","2,040","2,122","2,301","1,956","1,817","1,293","1,205","1,726","1,961","1,867","1,858","1,872","1,146","1,039","1,661","2,007","1,854","1,780","1,760","1,082","1,110","1,270","1,112",348,915,"1,014","1,118","1,050","1,136","1,313"
Rosebank Rd to City Centre via Avondale and New North Rd,Central,22R,874,958,"1,286","1,388","1,336","1,164","1,212","1,744","1,811","1,980","2,192","1,737","1,287","1,277","2,132","2,389","2,612","2,682","2,154","1,285","1,303","2,015","2,136","2,299","2,229","2,260","1,277","1,189","1,163","2,092","2,240","2,407","2,251","1,246","1,335","1,827",993,"2,572","2,783","2,204","1,360","1,236","2,426","2,693","2,856","2,717","2,331","1,366","1,529","2,579","2,568","2,941","2,775","2,594","1,369","1,240","3,009","3,117","3,284","3,243","2,783","1,629","1,146","2,787","3,309","3,136","3,450","3,055","1,626","1,548","2,837","3,024","3,183","2,934","2,638","1,656","1,391","2,750","3,013","3,015","2,899","2,673","1,475","1,274","2,544","2,813","3,024","2,853",772,"1,590","1,069","1,139","2,115","2,526","2,902","2,308","1,598","1,446","2,429","2,864","2,852","2,715","2,305","1,440","1,453","2,422","2,501","2,672","2,720","2,352","1,150","1,381","2,384","2,704","2,591","1,237","2,172","1,247","1,383","2,558","3,007","2,771","2,604","2,340","1,339","1,356","2,722","2,598","2,872","2,803","2,400","1,529","1,229","2,601","2,741","2,684","2,341","2,177","1,667","1,500","2,565","2,643","2,500","2,657","2,411","1,185","1,093","2,338","2,542","2,532","2,657","2,279","1,498","1,434","1,005","2,473","2,603","2,552","2,566","1,390",846,"2,226","2,281","2,326","2,385","2,138","1,142","1,259","1,917","2,324","2,317","2,424","2,034","1,181","1,147","2,008","2,327","2,407","2,147","1,085",945,"1,055","1,988","2,273","2,387","2,375","1,904","1,064","1,153","1,947","1,933","2,114","1,964","1,695","1,193","1,109","1,866","2,623","2,438","2,673","1,882","1,342","1,138","2,459","2,912","2,952","2,864","2,546","1,333","1,247","2,584","2,698","2,914","2,370","2,615","1,323","1,338","2,367","2,667","2,753","2,561","2,350","1,579","1,205","2,362","2,733","2,902","2,623","2,586","1,293","1,109","2,482","2,481","2,456","2,598","2,342","1,419","1,329","2,330","2,294","2,646","2,534","2,280","1,053","1,288","2,105","2,368","2,493","2,411","2,225","1,374","1,456","2,277","2,537","2,700","2,580","2,586","1,304","1,201","2,526","2,512","2,747","2,863","2,246","1,452","1,188","2,517","2,732","2,912","2,587","2,394","1,282","1,373","2,080","2,461","2,180","2,495","2,197",531,"1,355","2,164","2,296","2,506","2,513","2,168","1,263","1,099","2,536","2,498","2,655","2,679","2,341","1,240","1,499","2,505","2,682","2,481","2,687","2,208","1,129","1,500",908,"2,519","2,693","2,504","2,346","1,162","1,471","2,326","2,274","2,608","2,460","2,106","1,339","1,243","2,307","2,547","2,313","2,362","2,004","1,358","1,318","2,248","2,432","2,361","2,355","1,902","1,170","1,123","2,162","2,270","2,452","2,305","1,837","1,139","1,127","2,248","2,422","2,210","2,357","1,823","1,233","1,263","1,896","1,995","1,938","1,893","1,692","1,157","1,170","1,536","1,754","1,551","1,660","1,428","1,056","1,158","1,105",912,362,772,983,941,956,887,"1,075"
New Lynn to City Centre via Blockhouse Bay and Sandingham Rd,Central,24B,953,812,"1,279","1,441","1,134","1,153",977,"2,039","2,306","2,274","2,144","2,157","1,261",938,"2,456","2,830","2,765","2,459","2,168","1,412","1,252","2,414","2,819","2,783","2,700","2,517","1,050","1,113","1,105","2,833","3,214","3,006","2,815","1,365","1,041","2,560","1,057","3,261","3,268","2,956","1,359","1,146","3,131","3,556","3,458","3,372","3,100","1,647","1,194","3,329","3,611","3,748","3,612","3,064","1,629",932,"3,697","4,100","3,503","3,811","3,351","1,499","1,116","3,384","3,794","3,997","3,963","3,509","1,523","1,277","3,266","3,865","3,907","3,686","3,309","1,794","1,330","3,068","4,239","3,887","3,470","3,311","1,318","1,078","3,176","3,474","3,374","3,256",877,"1,627",857,"1,005","2,316","3,128","3,205","3,021","1,574","1,182","3,064","3,362","2,992","3,193","2,661","1,560","1,115","2,897","2,963","3,032","2,851","2,806",985,"1,054","2,534","3,182","2,984","1,027","2,387","1,453","1,117","3,232","3,797","3,385","3,178","3,207","1,242","1,120","3,136","3,344","3,421","3,385","2,652","1,539",984,"3,022","3,354","3,301","3,021","2,678","1,434","1,172","2,902","3,401","3,346","3,108","2,737","1,269",937,"2,840","3,385","2,869","2,936","2,721","1,480","1,097",941,"3,032","3,225","2,891","2,663","1,300",813,"2,455","2,900","2,889","3,011","2,312","1,306","1,009","2,502","2,921","3,008","2,935","2,668","1,212",891,"2,543","3,112","2,690","2,631","1,115","1,170","1,058","2,326","2,773","2,711","2,777","2,379","1,188",962,"2,135","2,311","2,481","2,408","1,935","1,332",846,"2,084","2,936","2,773","2,978","2,304","1,002",928,"3,220","3,617","3,297","3,293","3,013","1,281","1,113","3,034","3,518","3,559","2,968","2,945","1,287","1,112","3,190","3,563","3,531","3,170","2,931","1,163","1,147","3,194","3,502","3,616","3,174","2,943","1,065",881,"3,192","3,523","3,241","3,403","2,928","1,164","1,025","3,083","2,891","3,024","3,037","2,787","1,095","1,214","2,814","3,119","2,881","2,940","2,600","1,337","1,125","2,797","2,920","3,372","3,162","3,033","1,269","1,135","2,839","3,006","3,330","3,281","2,658","1,412","1,121","3,281","3,397","3,607","3,212","2,828","1,473","1,156","2,439","3,037","2,858","2,781","2,467",935,"1,053","2,631","3,157","3,058","2,985","2,468","1,344","1,037","3,077","3,504","3,410","3,429","3,089","1,680","1,219","2,983","3,475","3,193","3,160","2,897","1,239","1,243","1,024","3,166","3,167","3,100","2,757","1,422","1,020","3,027","3,351","3,027","3,140","2,704","1,260","1,171","2,793","3,215","2,936","2,985","2,258","1,415","1,052","2,725","3,132","2,947","2,960","2,729","1,180","1,074","2,567","3,057","3,025","2,800","2,605","1,038","1,090","2,560","2,792","3,055","2,807","2,507","1,186",958,"2,250","2,702","2,520","2,282","2,404","1,304","1,007","1,881","2,475","2,234","2,166","1,913","1,099",899,"1,400","1,150",462,734,"1,054",994,865,"1,144","1,298"
New Lynn to City Centre via Richardson Rd and Sandringham Rd,Central,24R,695,880,"1,179","1,408","1,240",989,749,"1,693","1,913","1,866","2,184","2,143","1,064",867,"2,283","2,606","2,319","2,291","2,093","1,137",958,"2,234","2,368","2,308","2,358","2,060","1,141",869,905,"2,105","2,303","2,542","2,179","1,075",976,"2,016","1,018","2,581","2,693","2,288","1,241","1,028","2,351","2,551","2,919","2,609","2,307","1,339","1,068","2,683","2,633","2,790","2,817","2,203","1,332",872,"2,851","3,102","3,335","3,096","2,951","1,182",923,"2,931","3,191","3,456","3,314","3,059","1,217","1,123","2,999","3,226","3,373","3,302","2,733","1,367","1,047","2,916","2,827","3,303","3,226","2,777","1,250","1,064","2,878","3,151","3,353","2,966",859,"1,318",859,905,"2,171","2,914","2,723","2,633","1,186","1,158","2,681","2,671","2,928","2,631","2,010","1,216",962,"2,425","2,802","3,107","2,969","2,541",874,"1,026","2,592","2,912","2,993",925,"2,551","1,228","1,132","2,753","3,150","3,208","3,008","2,660","1,150",984,"2,653","3,243","2,870","3,134","2,295","1,122",874,"2,517","2,891","2,709","2,255","2,103","1,309",998,"2,503","2,822","2,946","2,877","2,544",999,872,"2,492","2,889","2,605","2,689","2,335","1,230",956,902,"2,600","2,520","2,622","2,493","1,246",806,"2,341","2,661","2,478","2,603","2,010","1,046",995,"2,314","2,580","2,476","2,432","2,231","1,009",973,"2,087","2,598","2,433","2,304","1,034","1,118","1,008","2,079","2,270","2,456","2,367","2,050","1,096",908,"1,986","2,253","2,224","2,351","1,998","1,075",932,"2,097","2,779","2,522","2,690","2,279","1,271",906,"2,882","3,060","3,197","3,367","2,766","1,186","1,066","2,860","2,637","3,010","2,873","2,886","1,293",994,"2,702","2,749","2,983","3,093","2,572","1,228","1,034","2,742","3,101","2,939","3,114","2,677","1,023",986,"2,596","2,925","2,858","2,792","2,625","1,392",968,"2,435","2,590","2,390","2,671","2,354","1,143","1,047","2,115","2,765","2,652","2,538","2,259","1,192","1,093","2,409","2,962","2,712","2,703","2,516","1,187",889,"2,741","2,714","2,825","2,986","2,229","1,165","1,143","2,594","3,003","3,019","2,765","2,473","1,138","1,209","2,419","2,587","2,614","2,533","2,364",627,"1,063","2,530","2,879","2,557","2,627","2,410","1,325",992,"2,580","2,925","2,725","3,002","2,473","1,505","1,233","2,224","2,787","2,680","2,738","2,380","1,205","1,086",934,"2,756","2,768","2,689","2,397","1,304","1,072","2,437","2,601","2,632","2,319","2,256","1,080","1,040","2,275","2,693","2,598","2,483","1,823","1,157",967,"2,216","2,527","2,398","2,570","2,124","1,082","1,146","2,126","2,191","2,235","2,361","2,224","1,115",956,"2,194","2,360","2,341","2,263","2,147","1,171",861,"1,912","2,277","2,167","2,035","1,856","1,129",839,"1,834","2,060","2,002","1,868","1,852","1,032",868,"1,301",886,464,645,848,782,785,885,"1,077"
Lynfield to City Centre via Dominion Rd and Don Mckinnon Dr,Central,252,,,,,,,,48,244,191,163,155,,,253,383,292,314,254,,,277,391,310,294,221,,,,339,297,377,318,,,204,,388,369,272,,,354,367,374,360,259,,,366,422,344,339,266,,,364,437,451,405,271,,,390,348,365,381,332,,,357,366,417,401,290,,,269,385,364,332,292,,,348,372,365,337,,,,,281,385,324,262,,,398,394,438,391,275,,,371,371,307,293,244,,,265,342,355,,225,,,342,379,370,381,262,,,385,471,380,433,258,,,346,373,321,354,290,,,315,398,327,293,259,,,261,329,311,281,260,,,,361,327,280,267,,,371,362,344,325,214,,,308,324,314,282,226,,,401,316,301,227,,,,261,333,355,276,209,,,270,289,307,294,207,,,225,353,308,287,220,,,292,407,351,346,274,,,367,353,289,319,216,,,386,324,351,317,230,,,339,357,347,347,271,,,319,374,398,309,272,,,366,300,345,334,236,,,345,357,370,299,274,,,294,349,387,366,246,,,343,319,281,331,168,,,344,292,334,301,242,,,272,254,306,273,205,,,335,270,302,298,268,,,293,362,351,306,288,,,333,356,412,306,233,,,,384,370,353,216,,,285,310,322,317,249,,,289,280,384,278,253,,,310,369,292,264,204,,,256,317,272,242,228,,,258,212,231,230,213,,,297,213,292,233,191,,,233,234,245,223,173,,,67,40,,,,,,,
Blockhouse Bay to City Centre via Dominion Rd and Don Mckinnon Dr,Central,253,,,,,,,,76,180,201,225,147,,,373,288,333,340,268,,,375,410,397,312,233,,,,420,415,345,291,,,244,,448,435,346,,,396,468,453,441,309,,,441,461,460,406,298,,,412,488,420,427,350,,,367,529,489,440,402,,,517,485,502,454,324,,,443,555,493,489,353,,,445,516,500,416,,,,,391,432,510,413,,,436,489,447,431,277,,,242,370,398,419,304,,,427,438,362,,189,,,454,450,468,467,393,,,472,383,453,312,304,,,427,481,439,332,323,,,449,421,385,479,334,,,404,502,429,377,286,,,,468,444,456,285,,,376,440,439,430,302,,,350,456,424,439,246,,,323,406,343,360,,,,391,398,356,406,290,,,303,403,272,346,263,,,299,403,347,354,268,,,435,389,362,393,291,,,383,367,479,450,316,,,390,458,379,439,298,,,398,455,446,418,315,,,341,452,332,430,248,,,330,323,417,367,290,,,372,369,362,353,240,,,416,392,405,353,281,,,344,340,392,340,270,,,374,404,338,383,262,,,281,398,292,293,242,,,312,412,325,324,244,,,403,349,343,371,306,,,347,412,359,354,255,,,,331,402,342,319,,,413,449,354,354,273,,,363,485,340,386,230,,,391,392,390,323,291,,,351,381,334,352,292,,,371,399,331,342,263,,,307,339,257,302,215,,,263,293,273,253,134,,,55,58,,,,,,,
Blockhouse Bay to City Centre via Dominion Rd and Mt Eden Station,Central,25B,"1,193","1,558","2,074","2,244","2,529","1,892","1,489","2,879","2,913","2,929","3,061","3,200","1,949","1,492","2,795","3,370","3,468","3,243","3,317","2,069","1,654","2,972","3,426","3,586","3,574","3,348","1,939","1,371","1,589","3,473","3,913","3,701","3,492","1,975","1,841","3,115","1,586","4,145","4,040","3,878","2,248","1,704","3,593","4,000","4,025","3,797","3,964","2,218","1,777","3,741","4,032","4,183","4,119","4,247","2,325","1,559","4,342","5,274","5,049","4,904","4,954","2,525","1,547","4,398","4,807","4,878","4,897","5,003","2,512","1,990","4,640","4,809","5,156","4,643","4,545","2,784","2,018","4,729","4,877","4,820","4,973","4,877","2,403","1,991","4,474","4,969","4,819","4,697","1,710","2,248","1,487","1,668","3,414","4,330","4,241","4,041","2,237","1,807","3,961","4,388","4,292","3,814","3,637","2,241","2,098","3,912","4,065","4,414","4,376","4,199","1,545","1,804","3,984","4,340","4,433","1,892","3,940","2,442","1,962","4,293","4,753","4,450","4,400","4,269","2,457","1,752","4,115","4,200","4,421","4,471","3,766","2,396","2,063","3,779","4,428","4,097","3,945","3,941","2,450","2,021","3,845","4,320","4,335","4,241","4,119","2,285","1,823","3,868","4,309","3,810","4,007","4,058","2,243","1,755","1,672","3,859","3,859","3,829","3,991","2,382","1,571","3,762","3,858","3,814","3,728","3,432","2,460","1,701","3,388","3,595","3,775","3,638","3,632","2,165","1,674","3,168","3,534","3,711","3,591","2,061","1,949","1,707","3,106","3,492","3,476","3,374","3,319","2,129","1,833","3,198","3,372","3,451","3,302","3,239","2,324","1,721","3,226","4,015","3,803","4,261","3,623","2,057","1,591","3,889","4,436","4,300","4,427","4,401","2,177","1,824","3,978","4,518","4,489","4,218","4,266","2,247","1,801","4,225","4,481","4,483","4,113","4,306","2,386","1,708","4,103","4,429","4,273","4,396","4,260","1,867","1,625","3,994","4,193","4,413","4,235","4,151","2,322","1,741","3,723","3,742","3,832","3,727","3,793","1,600","1,691","3,375","3,666","3,890","3,802","3,700","2,157","1,755","3,958","4,231","4,134","4,148","4,528","2,325","2,669","3,963","3,940","4,103","4,406","3,601","2,408","1,742","3,935","4,106","4,469","4,073","3,958","2,431","1,851","3,673","3,788","3,888","4,043","3,765","1,599","1,838","3,367","4,040","3,935","3,884","4,079","2,445","1,788","3,905","4,176","4,169","4,122","3,949","2,462","2,161","3,656","4,053","4,031","4,052","3,832","1,945","1,970","1,412","4,022","4,054","3,809","3,873","2,333","1,830","3,538","3,982","3,746","4,103","3,720","2,235","1,798","3,400","4,032","3,994","3,590","3,093","2,507","1,921","3,518","3,846","3,569","3,713","3,898","2,163","2,192","3,304","3,567","3,626","3,452","3,596","1,772","1,747","3,362","3,500","3,608","3,504","3,518","2,281","1,671","2,962","3,469","3,318","2,952","3,304","2,155","1,788","2,496","3,184","2,985","3,148","2,972","1,820","1,703","2,011","2,023",701,"1,146","1,805","1,490","1,315","1,554","2,078"
Lynfield to City Centre via Dominion Rd and Mt Eden Station,Central,25L,"1,167","1,285","1,893","1,780","1,803","1,550","1,449","2,621","2,845","3,022","2,717","3,060","1,912","1,631","2,797","3,250","3,328","3,404","3,153","2,053","1,765","3,026","3,131","3,201","3,367","3,263","1,975","1,611","1,805","3,120","3,385","3,405","3,233","1,889","1,696","2,897","1,650","3,607","3,783","3,570","2,050","1,745","3,464","3,785","3,901","3,888","3,563","2,469","1,858","3,636","3,786","3,896","3,907","3,957","2,213","1,598","4,010","4,386","4,767","4,696","4,507","2,256","1,598","3,876","4,470","4,669","4,518","4,378","2,383","1,917","4,163","4,225","4,496","4,739","3,843","2,396","1,954","3,994","4,410","4,555","4,420","4,319","2,177","1,945","4,203","4,330","4,374","4,488","1,346","1,961","1,442","1,457","3,273","3,951","3,833","3,995","2,226","1,569","3,403","3,668","4,032","3,752","3,381","1,978","1,818","3,645","3,807","3,783","3,910","3,677","1,669","1,612","3,500","4,026","3,987","1,540","3,628","2,208","1,895","4,175","4,482","4,576","4,409","4,254","2,083","1,768","3,684","4,359","4,401","4,165","3,742","2,314","1,817","3,850","3,906","3,995","3,712","3,798","2,133","1,801","3,804","3,753","4,411","4,066","4,085","1,881","1,379","3,544","3,848","3,556","3,831","3,704","2,081","1,768","1,441","3,618","3,742","3,719","3,728","1,952","1,321","3,279","3,577","3,817","3,675","3,156","1,891","1,801","3,388","3,653","3,491","3,454","3,447","2,085","1,500","3,156","3,285","3,324","3,578","1,617","1,815","1,573","2,852","3,363","3,599","3,565","3,353","1,650","1,447","2,921","2,905","3,250","3,145","3,022","2,116","1,533","3,010","3,423","3,603","3,891","3,391","1,942","1,592","3,812","4,177","4,265","4,131","4,198","2,117","1,640","3,626","3,942","4,160","4,094","4,009","2,406","1,820","3,724","4,088","4,249","4,086","4,208","2,287","1,794","3,719","4,046","4,026","4,097","3,917","1,851","1,440","3,363","3,954","4,169","4,201","3,803","2,335","1,793","3,320","3,517","3,675","3,539","3,685","1,828","1,798","3,366","3,432","3,596","3,764","3,653","2,044","1,820","3,474","3,752","4,057","3,934","4,214","2,482","2,478","3,529","3,934","4,074","3,919","3,561","2,384","1,948","3,891","4,292","4,007","4,034","3,732","2,197","1,806","3,318","3,710","3,367","3,561","3,347","1,208","1,567","3,269","3,650","3,669","3,821","3,425","1,946","1,551","3,604","3,906","3,909","4,123","3,759","2,455","2,018","3,337","3,759","3,763","3,945","3,723","1,727","1,943","1,457","3,723","3,922","3,877","3,741","2,332","1,773","3,564","3,893","3,917","3,882","3,879","2,257","1,895","3,561","3,844","3,799","3,616","3,252","2,374","1,989","3,321","3,760","3,787","3,525","3,489","2,093","2,159","3,238","3,454","3,596","3,644","3,315","1,834","1,701","3,210","3,582","3,426","3,553","3,392","2,317","1,724","2,974","3,235","3,655","2,961","3,259","2,112","1,714","2,426","3,082","3,183","3,114","2,976","1,841","1,681","1,947","1,971",704,"1,372","1,645","1,642","1,338","1,609","1,783"
Waikowhai to Britomart via Hillsborough Rd and Mt Eden Rd,Central,27H,849,885,"1,156","1,240","1,220",868,784,"1,753","2,002","1,968","1,914","1,976","1,140",940,"2,071","2,429","2,371","2,463","2,053","1,080",927,"2,236","2,436","2,540","2,576","2,286","1,138",779,"1,015","2,322","2,799","2,501","2,597",998,986,"2,109","1,065","2,881","2,790","2,619","1,303",977,"2,493","2,918","2,894","2,648","2,488","1,463","1,117","2,745","2,850","3,041","2,971","2,772","1,541",916,"3,821","3,833","4,181","4,279","3,647","1,517",892,"3,573","3,932","4,048","3,919","3,633","1,521","1,194","3,807","3,969","4,138","4,189","3,341","1,415","1,156","3,619","3,875","3,874","3,958","3,375","1,205","1,128","3,229","3,770","3,772","3,430",812,"1,286",816,934,"2,341","3,227","3,092","2,748","1,308",990,"2,738","3,152","3,200","2,917","2,427","1,283","1,113","3,084","3,336","3,416","3,197","2,931","1,050","1,041","2,910","3,343","3,376",980,"2,516","1,319","1,077","3,296","3,665","3,467","3,631","3,117","1,349","1,081","3,153","3,525","3,350","3,492","2,774","1,327","1,108","2,930","3,308","3,255","3,005","2,699","1,431","1,037","2,911","3,171","3,439","3,407","2,925","1,260",867,"2,807","3,110","2,805","3,069","2,752","1,178",900,855,"2,615","2,578","2,719","2,550","1,337",751,"2,361","2,626","2,607","2,538","2,170","1,104",862,"2,348","2,456","2,540","2,656","2,271","1,228",777,"2,122","2,358","2,480","2,368",941,"1,076",797,"2,089","2,326","2,319","2,470","1,982","1,081",871,"1,922","2,214","2,413","2,277","2,178","1,318",900,"2,669","2,960","2,835","3,308","2,702","1,188",788,"3,009","3,384","3,509","3,422","3,177","1,305",902,"3,107","3,414","3,461","3,436","2,943","1,334",933,"3,135","3,477","3,378","3,419","2,813","1,269","1,060","3,102","3,522","3,335","3,501","2,768","1,009",865,"2,945","3,379","3,294","3,478","2,811","1,579","1,022","2,551","2,601","2,873","2,725","2,549","1,030",988,"2,378","2,524","2,707","2,612","2,255","1,193","1,034","2,628","3,038","3,034","3,118","2,662","1,133","1,081","3,021","3,179","3,324","3,270","2,548","1,304","1,127","2,878","3,159","3,333","3,229","2,842","1,436",967,"2,680","3,171","2,824","2,994","2,548",914,"1,009","2,718","3,222","2,854","3,094","2,655","1,310",860,"2,847","3,188","3,336","3,357","2,861","1,615","1,386","2,633","2,777","2,742","2,956","2,462","1,151","1,065",908,"2,790","2,821","2,748","2,765","1,327","1,087","2,409","2,988","2,934","2,995","2,485","1,359",927,"2,399","2,876","2,624","2,676","1,978","1,424","1,093","2,692","2,832","2,877","2,616","2,445","1,196","1,041","2,328","2,565","2,535","2,600","2,385",985,955,"2,539","2,551","2,542","2,538","2,281","1,139",977,"2,140","2,388","2,278","2,288","1,993","1,286",960,"1,815","2,184","2,045","2,108","1,886",963,859,"1,044","1,032",427,677,861,810,773,899,978
Three Kings to Britomart via Mt Eden Rd,Central,27T,,,,,,,,,,,,,,,,,,,,,,,,,,,,,,190,175,201,205,,,101,,239,195,187,,,291,254,289,264,147,,,227,347,286,319,257,,,314,326,288,310,228,,,256,353,366,270,304,,,421,464,499,371,331,,,451,449,439,430,396,,,485,465,374,482,,,,,161,216,241,114,,,263,274,271,262,183,,,455,553,624,580,398,,,543,541,494,,331,,,647,636,648,638,540,,,596,668,781,640,621,,,559,600,608,609,445,,,655,711,710,620,570,,,637,615,483,613,485,,,,509,541,584,557,,,601,703,597,588,421,,,437,573,569,540,443,,,439,532,494,548,,,,431,540,488,437,377,,,517,546,464,419,381,,,412,617,561,456,369,,,560,696,591,723,508,,,595,631,758,590,486,,,517,647,582,552,629,,,591,559,763,620,540,,,571,600,625,576,540,,,569,566,573,603,453,,,540,490,543,492,431,,,721,571,703,529,501,,,612,721,603,662,507,,,568,647,657,595,444,,,505,510,547,521,415,,,492,542,511,592,390,,,679,628,621,649,519,,,604,694,661,574,476,,,,634,495,618,487,,,535,511,500,526,480,,,527,637,667,571,383,,,273,287,272,290,233,,,268,312,284,255,215,,,211,307,294,199,233,,,223,242,278,247,179,,,160,245,190,133,120,,,68,39,,,,,,,
Waikowhai to Britomart via Oakdale Rd and Mt Eden Rd,Central,27W,753,879,"1,374","1,410","1,303",950,890,"1,806","2,130","2,169","2,209","2,019","1,283",932,"2,221","2,653","2,704","2,608","2,251","1,313","1,046","2,401","2,675","3,058","2,875","2,515","1,271",885,"1,166","2,622","3,090","2,923","2,496","1,104","1,107","2,277","1,125","3,118","3,142","2,797","1,541","1,199","2,859","3,002","3,274","2,782","2,898","1,467","1,121","3,044","3,101","3,274","3,379","2,864","1,570",916,"4,080","4,246","4,848","4,753","4,068","1,735","1,012","3,961","4,167","4,765","4,614","4,294","1,785","1,248","4,055","4,136","4,555","4,689","4,022","1,576","1,284","4,052","4,624","4,646","4,601","3,738","1,321","1,109","3,775","4,030","4,029","4,139",821,"1,381",948,"1,012","2,478","3,442","3,422","3,122","1,440","1,141","3,340","3,446","3,494","3,202","2,705","1,385","1,194","3,464","3,745","3,760","3,619","3,170","1,079","1,079","3,357","3,784","3,879","1,169","3,020","1,497","1,210","3,837","4,340","4,286","4,162","3,771","1,543","1,165","3,684","4,024","3,814","3,962","3,213","1,520","1,060","3,598","3,809","3,903","3,691","3,228","1,562","1,151","3,400","3,582","3,759","3,822","3,356","1,370",996,"3,520","3,767","3,579","3,584","3,172","1,414","1,069","1,034","2,924","3,131","3,176","3,053","1,409",913,"2,945","2,976","3,159","2,962","2,671","1,357","1,067","2,764","2,879","2,720","2,772","2,608","1,300","1,065","2,393","2,686","2,691","2,713","1,091","1,176",922,"2,321","2,546","2,510","2,742","2,419","1,166",908,"2,282","2,358","2,490","2,529","2,213","1,496","1,052","3,030","3,947","3,551","3,698","3,092","1,313","1,007","3,903","4,115","4,144","4,195","3,581","1,507","1,088","3,729","3,771","3,936","4,022","3,554","1,529","1,119","3,444","3,969","3,984","4,173","3,606","1,536","1,209","3,475","3,786","3,994","3,823","3,450","1,282",930,"3,352","3,695","3,984","3,803","3,609","1,731","1,062","2,657","2,798","3,045","2,871","2,757",970,"1,150","2,595","2,697","2,885","3,016","2,563","1,352","1,093","3,265","3,398","3,509","3,523","3,153","1,126","1,081","3,299","3,380","3,733","3,686","3,180","1,504","1,163","3,587","3,851","3,854","3,752","3,308","1,614","1,161","3,269","3,641","3,530","3,612","3,236","1,120","1,021","2,964","3,425","3,523","3,618","3,219","1,503","1,013","3,479","3,822","3,761","3,615","3,293","1,742","1,556","2,833","3,126","3,119","3,457","3,035","1,230","1,339","1,025","3,253","3,405","3,406","3,221","1,487","1,208","3,021","3,212","3,103","3,191","2,965","1,522","1,230","2,691","3,016","3,070","3,016","2,352","1,635","1,247","2,721","3,028","3,120","2,951","2,739","1,432","1,294","2,656","2,794","2,899","2,734","2,671","1,159","1,005","2,622","2,935","2,947","2,797","2,437","1,428","1,180","2,352","2,561","2,551","2,301","2,657","1,408","1,032","1,931","2,403","2,258","2,406","2,131","1,181",966,"1,292","1,099",481,690,987,981,899,948,"1,187"
Ellerslie to City Centre via Royal Oak and Epsom,Central,295,377,403,604,577,548,496,429,706,810,828,785,797,584,537,834,952,923,885,900,597,509,904,"1,011","1,006","1,027",914,527,450,534,"1,049","1,115","1,214","1,156",427,510,949,565,"1,328","1,299","1,189",581,500,"1,153","1,265","1,373","1,282","1,158",604,498,"1,199","1,380","1,318","1,343","1,182",666,460,"1,335","1,434","1,423","1,383","1,374",635,487,"1,130","1,302","1,359","1,394","1,299",624,582,"1,342","1,333","1,381","1,328","1,194",678,592,"1,349","1,391","1,413","1,354","1,206",560,498,"1,265","1,336","1,310","1,365",368,575,375,440,885,"1,274","1,283","1,143",602,494,"1,202","1,384","1,275","1,088","1,000",572,460,953,"1,018","1,096",932,945,453,476,920,971,970,484,882,591,535,"1,225","1,260","1,280","1,234","1,228",610,561,"1,243","1,336","1,285","1,303","1,111",609,465,"1,161","1,195","1,142","1,069","1,087",597,469,"1,073","1,160","1,205","1,219","1,065",503,396,"1,065","1,200","1,075","1,102",978,556,513,454,"1,127","1,076","1,062","1,103",511,381,"1,014","1,089","1,187","1,037",915,538,505,"1,007","1,100","1,142","1,041",943,486,411,947,"1,042","1,085","1,030",504,530,450,927,"1,064","1,037","1,101",979,471,440,872,839,885,812,780,524,439,746,"1,034",910,955,788,497,434,"1,163","1,173","1,247","1,175","1,168",627,540,"1,190","1,173","1,192","1,201","1,162",617,463,"1,112","1,181","1,114","1,187","1,143",649,467,"1,062","1,206","1,215","1,191","1,105",477,459,"1,040","1,144","1,142","1,019","1,005",511,514,"1,017","1,033","1,124","1,027","1,071",491,504,"1,045","1,098","1,125","1,077",919,551,480,"1,081","1,089","1,130","1,111","1,110",503,442,"1,066",991,"1,101","1,155",938,628,434,"1,068","1,156","1,142","1,188","1,020",604,408,861,957,863,891,818,516,434,849,929,881,"1,003",813,547,422,"1,071","1,207","1,242","1,139","1,062",490,428,"1,010","1,125","1,122","1,093",993,510,478,433,"1,049","1,129","1,039",974,531,488,"1,052","1,100","1,081","1,136","1,012",595,475,906,"1,143","1,201","1,141",848,582,525,"1,000","1,085","1,095","1,005",987,564,543,"1,024",976,"1,087","1,033","1,018",494,450,"1,034","1,079","1,063",977,913,575,356,772,954,910,819,790,593,433,597,792,788,849,780,421,393,507,466,134,412,484,396,369,478,465
Onehunga to Sylvia Park via Ellerslie,Central,298,129,205,273,295,303,194,197,556,626,616,637,571,190,169,587,655,661,657,571,250,189,655,622,784,698,610,213,159,171,786,773,832,946,197,219,862,185,991,"1,097",981,221,163,997,"1,133","1,107",966,939,260,221,"1,033","1,091","1,099","1,131",995,277,182,"1,010","1,168","1,108","1,170","1,139",266,169,975,"1,098","1,101","1,132","1,180",254,223,"1,036","1,102","1,133","1,035",887,254,200,"1,015","1,106","1,091","1,080","1,003",213,211,"1,072","1,197","1,159","1,192",122,291,116,248,682,"1,122","1,132","1,100",207,204,"1,109","1,098","1,127",969,886,253,190,735,723,763,700,706,142,185,760,802,754,214,617,274,231,"1,132","1,158","1,159","1,030",958,237,213,951,"1,134","1,136","1,196",952,232,212,951,869,"1,031","1,056",804,260,175,948,934,"1,034",900,903,248,177,906,962,864,"1,034",646,272,207,161,988,981,"1,013",933,252,143,958,938,960,996,838,272,213,921,980,"1,074","1,026",909,222,183,895,"1,017","1,029",931,256,189,188,894,891,"1,046","1,025",958,231,213,655,682,681,672,603,236,167,464,684,575,767,536,220,208,954,979,"1,019","1,032",936,271,184,948,985,"1,016","1,061",993,287,210,935,"1,002","1,000",995,977,254,230,903,"1,010","1,021","1,035",969,211,147,929,"1,023","1,057","1,014",943,207,186,929,785,"1,024",997,910,183,190,921,928,"1,045",995,715,258,209,968,"1,056","1,049","1,017",983,218,173,935,890,"1,042",925,795,212,167,947,"1,036","1,019",948,830,254,175,663,673,682,663,652,122,154,541,673,631,667,638,193,144,932,"1,007","1,014",990,909,254,135,911,967,"1,004",938,877,216,179,188,952,903,977,805,184,181,774,907,902,930,868,188,158,805,967,916,782,644,271,173,829,832,902,849,817,232,175,859,858,879,808,852,236,203,802,834,826,846,802,219,162,664,724,657,652,590,194,151,507,713,685,636,599,208,188,472,387,53,206,244,196,199,235,273
Onehunga to City Centre via Royal Oak and Manukau Rd,Central,30,"1,994","2,426","2,850","2,972","2,811","2,377","2,171","3,442","3,673","3,496","3,782","3,413","2,777","2,514","3,865","4,109","4,063","4,325","3,634","2,945","2,389","3,652","3,874","4,252","4,032","3,774","3,091","2,352","2,819","4,050","4,524","4,777","4,476","3,326","2,589","3,855","2,763","5,065","4,789","4,454","3,302","2,654","4,345","5,045","4,980","4,917","4,453","3,518","2,810","4,571","4,868","5,121","5,394","4,821","3,474","2,506","4,840","5,228","5,494","5,156","5,079","3,470","2,400","4,525","4,987","5,121","5,317","5,060","3,370","2,872","4,910","5,177","5,565","5,177","4,786","3,828","2,698","4,761","5,002","5,255","5,148","4,941","3,045","2,550","4,920","5,279","5,019","5,305","1,999","4,033","2,204","3,364","4,152","4,892","5,057","4,822","3,225","2,717","4,688","4,962","4,969","4,569","4,139","3,286","2,568","4,176","4,472","4,368","4,283","4,339","2,208","2,549","4,035","4,361","4,579","2,631","3,966","3,649","2,637","4,449","4,819","4,753","4,754","4,512","3,632","2,816","4,459","4,758","4,984","5,006","4,262","3,215","2,546","4,407","4,481","4,377","4,604","4,231","3,532","2,711","4,351","4,432","4,807","4,762","4,328","2,905","2,253","4,174","4,602","4,023","4,540","4,072","3,317","2,731","2,670","4,619","4,508","4,786","4,619","3,249","2,085","4,112","4,384","4,430","4,447","3,793","3,523","2,919","4,114","4,320","4,760","4,513","4,144","2,832","2,322","3,643","4,450","4,450","4,493","2,986","3,021","2,546","3,803","3,953","4,325","4,612","3,908","2,683","2,402","3,545","3,808","3,862","4,087","3,624","2,900","2,449","3,092","4,104","3,778","4,426","3,698","3,071","2,354","4,408","4,396","4,620","4,813","4,433","3,245","2,760","4,363","4,558","4,721","4,572","4,534","3,479","2,917","4,362","4,741","4,804","4,645","4,502","3,414","2,756","4,229","4,791","4,792","4,616","4,387","2,633","2,356","4,021","4,580","4,684","4,783","4,356","3,353","2,732","4,248","4,355","4,551","4,429","4,376","2,475","2,717","4,174","4,222","4,994","4,466","4,407","3,401","2,781","4,401","4,609","4,563","4,482","4,375","3,195","2,868","4,284","4,143","4,617","4,775","3,804","3,474","2,656","4,400","4,842","4,767","4,919","4,342","3,899","2,780","4,008","4,242","3,814","4,143","3,978","2,202","2,741","3,640","4,349","3,911","4,205","3,962","3,142","2,553","4,405","4,560","4,664","4,587","4,444","2,916","2,360","4,099","4,637","4,550","4,470","4,436","3,272","3,076","2,517","4,294","4,428","4,440","4,420","2,987","2,524","4,148","4,438","4,495","4,469","4,264","3,057","2,531","4,070","4,782","4,831","4,450","3,321","3,175","2,957","4,630","5,030","4,609","4,897","4,642","3,466","2,554","4,477","4,624","4,726","4,783","5,060","3,550","2,952","4,551","5,001","4,803","4,793","4,257","3,239","2,559","3,936","4,400","4,240","3,741","4,022","3,227","2,414","3,199","4,202","3,962","4,127","3,692","2,849","2,397","2,850","2,788",822,"3,041","2,747","2,633","2,265","2,758","3,068"
Mangere to City Centre via Onehunga and Pah Rd,South,309,725,898,"1,201","1,201","1,150",939,834,"1,391","1,636","1,719","1,580","1,618","1,150",855,"1,414","1,754","1,905","1,689","1,636","1,283",860,"1,463","1,793","1,902","1,810","1,662","1,203",833,998,"1,719","1,987","2,258","2,049","1,144",953,"1,862","1,066","2,243","2,407","2,085","1,325",987,"2,137","2,447","2,316","2,365","2,304","1,393","1,078","2,275","2,340","2,378","2,592","2,221","1,370",764,"2,368","2,613","2,853","2,677","2,301","1,454",817,"2,370","2,532","2,519","2,522","2,570","1,555","1,066","2,321","2,579","2,661","2,430","2,185","1,695","1,200","2,270","2,600","2,590","2,658","2,323","1,072",978,"2,368","2,491","2,883","2,684",735,"1,327",908,"1,239","1,657","2,581","2,530","2,307","1,213",909,"2,358","2,561","2,455","2,222","2,027","1,140","1,006","1,777","1,927","1,893","1,878","1,953",912,833,"1,765","1,980","2,089",868,"1,701","1,348",992,"2,288","2,363","2,507","2,352","2,132","1,367","1,080","2,119","2,474","2,338","2,397","2,207","1,450",844,"2,203","2,258","2,379","1,977","2,106","1,424",980,"1,982","2,225","2,438","2,259","2,203","1,199",869,"2,201","2,391","2,234","2,360","2,080","1,240",900,936,"2,263","2,271","2,350","2,187","1,267",740,"2,053","2,110","2,230","2,258","1,988","1,285","1,023","2,000","2,200","2,406","2,215","2,057","1,155",778,"2,052","2,046","2,183","2,126","1,018","1,164",846,"1,913","1,879","2,239","2,221","1,966",984,729,"1,411","1,551","1,726","1,739","1,594","1,135",850,"1,398","1,829","1,678","1,934","1,620","1,080",757,"2,122","2,196","2,261","2,329","2,219","1,262",912,"2,074","2,236","2,456","2,307","2,157","1,288",946,"2,091","2,308","2,373","2,281","2,211","1,356",968,"2,025","2,335","2,253","2,220","2,132","1,010",730,"1,943","2,324","2,275","2,179","1,954","1,171",943,"1,980","2,077","2,303","2,140","2,314",999,953,"1,850","2,155","2,306","2,327","2,093","1,265",927,"2,083","2,155","2,151","2,279","2,132","1,126","1,015","2,095","2,027","2,292","2,127","1,857","1,294",956,"1,996","2,359","2,318","2,297","1,838","1,447",999,"1,804","1,876","1,830","1,872","1,728",736,907,"1,564","1,945","1,759","1,927","1,636","1,087",832,"2,102","2,210","2,329","2,326","2,106","1,217",863,"2,007","2,336","2,157","2,241","2,117","1,219","1,033",905,"2,155","2,162","2,136","2,097","1,146",880,"2,012","2,294","2,255","2,192","2,077","1,147",913,"1,820","2,253","2,329","2,187","1,669","1,295",970,"1,994","2,245","2,263","2,283","2,154","1,359","1,111","1,926","1,911","2,077","1,966","2,036","1,121","1,031","1,785","2,151","2,092","2,008","1,801","1,227",874,"1,633","1,782","1,753","1,696","1,669","1,222",796,"1,341","1,574","1,699","1,548","1,542","1,064",763,"1,212","1,086",370,"1,077",983,865,801,926,"1,192"
"Mangere to City Centre via Pah Rd, express",South,309X,,,,,,,,153,142,164,158,108,,,175,237,165,245,166,,,158,211,172,138,169,,,,237,252,257,209,,,167,,280,250,230,,,289,249,296,295,240,,,254,326,322,298,210,,,336,206,326,323,272,,,311,257,308,320,254,,,302,166,304,336,209,,,222,307,296,332,225,,,280,309,312,259,,,,,144,269,259,255,,,277,326,281,279,226,,,235,232,236,232,178,,,209,236,208,,125,,,292,272,246,276,221,,,292,302,284,250,238,,,235,296,267,266,194,,,282,253,310,293,247,,,275,263,238,248,194,,,,283,281,261,253,,,238,266,280,268,203,,,239,262,254,219,228,,,238,243,255,224,,,,220,213,230,193,193,,,180,188,215,161,156,,,160,230,202,195,166,,,255,298,244,282,225,,,235,271,271,263,200,,,230,287,298,244,197,,,229,282,261,230,231,,,213,257,285,256,192,,,250,271,229,239,223,,,230,261,321,235,191,,,284,266,280,272,188,,,250,252,272,283,215,,,277,282,276,251,193,,,180,210,178,153,165,,,174,199,207,155,159,,,257,231,285,259,230,,,227,288,263,261,184,,,,246,225,211,213,,,250,210,216,213,228,,,233,255,210,170,116,,,231,240,200,185,191,,,172,182,217,181,152,,,197,161,192,191,159,,,170,187,176,171,113,,,131,170,118,149,103,,,65,37,,,,,,,
Mangere to Botany via Papatoetoe and Otara,South,31,579,679,974,"1,085","1,016","1,308",664,"1,036","1,239","1,311","1,186","1,209","1,366",602,"1,078","1,316","1,454","1,393","1,243","1,291",686,"1,323","1,421","1,624","1,434","1,436","1,401",530,677,"1,391","1,689","1,634","1,372","1,222",702,"1,398",787,"1,928","1,765","1,576","1,106",663,"1,716","1,928","2,037","1,799","1,742","1,445",610,"1,699","1,691","2,021","1,716","1,794","1,282",587,"1,651","1,871","2,221","1,845","1,756","1,524",625,"1,525","1,745","2,051","1,868","1,743","1,496",776,"1,728","1,860","2,027","1,850","1,678","1,434",707,"1,758","1,869","2,019","1,851","1,778","1,202",653,"1,663","1,878","2,084","1,849",561,"1,382",574,719,"1,399","2,034","1,914","1,775","1,370",695,"1,778","1,927","1,992","1,756","1,406","1,483",667,"1,335","1,450","1,637","1,414","1,383",753,605,"1,283","1,599","1,690",726,"1,399","1,364",719,"1,717","1,856","1,864","1,582","1,715","1,282",723,"1,646","1,793","1,869","1,831","1,615","1,405",666,"1,618","1,678","1,778","1,587","1,559","1,305",704,"1,579","1,676","1,969","1,925","1,701","1,209",658,"1,576","1,662","1,549","1,578","1,370","1,251",679,742,"1,633","1,902","1,760","1,572","1,381",537,"1,461","1,613","1,792","1,724","1,400","1,253",688,"1,576","1,715","1,798","1,769","1,635","1,361",709,"1,404","1,653","1,789","1,740",730,"1,343",642,"1,465","1,617","1,675","1,696","1,455","1,087",631,"1,157","1,305","1,362","1,280","1,246","1,325",579,814,"1,398","1,142","1,479","1,035","1,019",609,"1,526","1,708","1,787","1,696","1,604","1,321",725,"1,340","1,631","1,767","1,742","1,609","1,251",702,"1,578","1,706","1,655","1,683","1,428","1,258",673,"1,363","1,793","1,694","1,683","1,549","1,018",589,"1,344","1,563","1,670","1,799","1,610","1,171",700,"1,490","1,652","1,730","1,481","1,669",963,698,"1,527","1,548","1,819","1,530","1,581","1,319",658,"1,605","1,664","1,812","1,625","1,635","1,421",689,"1,443","1,408","1,649","1,693","1,329","1,437",741,"1,540","1,801","1,893","1,710","1,511","1,412",634,"1,288","1,423","1,326","1,373","1,290","1,095",573,964,"1,496","1,327","1,345","1,369","1,188",607,"1,587","1,778","1,782","1,641","1,662","1,439",734,"1,613","1,772","1,674","1,677","1,594","1,309",673,631,"1,749","1,663","1,759","1,376","1,359",685,"1,574","1,748","1,671","1,597","1,535","1,412",600,"1,366","1,647","1,615","1,518","1,041","1,400",674,"1,380","1,788","1,628","1,582","1,506","1,397",714,"1,389","1,538","1,612","1,549","1,554",990,652,"1,368","1,574","1,601","1,616","1,520","1,490",671,"1,301","1,441","1,559","1,240","1,344","1,451",638,954,"1,496","1,524","1,379","1,319","1,271",722,"1,020","1,135",287,627,840,"1,328",642,847,"1,117"
Onehunga to Manukau via Mangere and Papatoetoe (From 17th Nov 24 - Mangere to Manukau via Papatoetoe),South,313,163,195,329,353,348,246,168,361,434,444,431,426,277,204,313,461,449,440,387,267,193,387,436,501,514,407,257,138,148,445,467,527,522,192,192,456,213,688,662,552,236,188,609,721,785,722,616,375,206,627,742,686,728,678,311,168,548,756,695,727,684,320,191,592,554,630,695,636,278,217,690,783,815,745,680,358,212,683,766,763,747,670,250,180,707,822,793,738,146,345,144,204,464,770,776,692,292,226,598,793,718,682,544,272,152,495,509,513,553,458,200,218,410,488,559,194,444,305,181,623,744,729,682,642,264,173,604,732,714,694,589,272,193,590,610,560,657,615,268,158,604,635,702,704,644,279,180,529,669,570,599,482,233,181,146,644,712,684,525,234,161,618,625,646,688,531,274,162,530,653,733,661,602,257,159,576,619,637,549,214,248,152,577,645,630,634,558,226,159,389,414,469,401,364,263,123,277,458,394,512,369,238,165,571,648,681,627,603,286,177,569,646,702,657,580,265,136,563,582,547,568,560,260,148,511,643,705,587,585,172,141,520,557,652,630,581,259,182,603,619,695,700,600,192,179,544,606,680,576,565,270,152,633,723,681,677,565,220,173,559,534,659,652,487,320,178,577,709,632,637,517,264,171,390,450,465,476,415,179,193,336,530,493,489,469,243,204,633,688,677,712,654,289,183,596,682,693,677,568,245,187,174,637,680,640,551,230,176,583,651,638,660,512,230,187,556,635,664,654,373,270,130,461,604,496,472,496,165,162,433,491,500,472,392,173,130,389,460,464,506,378,185,126,408,420,422,346,334,180,116,236,380,341,372,281,144,141,224,224,44,118,180,172,105,171,195
Mission Heights to Middlemore via Otara,South,314,172,227,340,360,347,414,197,461,418,449,443,459,414,220,454,577,603,593,570,407,252,542,648,619,627,576,387,185,204,638,753,710,697,355,248,577,293,846,837,730,378,248,660,914,877,827,805,392,236,790,848,800,843,834,531,222,761,934,916,817,901,460,219,656,767,963,841,881,489,267,848,894,911,789,777,401,287,806,771,872,919,799,397,265,817,872,859,840,173,420,189,210,624,882,837,760,449,244,828,871,867,810,677,452,218,628,671,741,674,593,188,252,476,727,698,239,560,413,245,802,867,892,750,818,459,213,741,865,864,826,673,443,213,712,806,852,715,717,430,261,744,757,903,829,719,456,241,766,806,637,645,422,401,246,208,689,732,781,700,412,198,635,728,762,782,574,416,211,717,744,802,751,628,441,226,688,689,733,742,228,422,214,720,715,771,768,664,403,200,435,645,598,604,491,416,201,447,635,529,741,563,321,215,805,836,864,845,792,445,232,728,753,782,834,781,424,248,776,853,856,778,821,246,189,673,770,839,774,747,342,212,636,711,794,768,715,366,250,755,743,670,818,733,294,233,773,757,772,805,733,386,194,756,848,926,802,781,352,260,737,658,817,614,593,430,276,776,800,865,760,679,397,228,608,645,612,628,587,255,146,500,649,565,566,609,347,208,725,844,835,782,742,389,276,682,840,790,796,743,355,225,196,747,748,763,660,412,254,651,808,751,761,703,449,270,649,757,762,719,455,485,269,718,767,763,742,634,407,278,699,778,737,723,679,290,217,677,706,745,709,623,488,280,593,688,712,599,611,498,239,476,630,641,604,625,459,290,445,417,110,210,310,359,208,277,291
Mangere to Sylvia Park via ?t?huhu,South,32,583,698,"1,027","1,211",974,884,582,992,"1,094","1,263","1,350","1,130",876,576,894,"1,152","1,268","1,258","1,013",904,507,"1,046","1,384","1,205","1,339","1,178",945,476,555,"1,308","1,509","1,531","1,368",760,602,"1,258",729,"1,711","1,670","1,609","1,030",602,"1,480","1,709","1,730","1,700","1,558","1,123",681,"1,455","1,591","1,772","1,830","1,495",903,450,"1,377","1,750","1,783","1,851","1,492","1,041",436,"1,284","1,696","1,707","1,799","1,635","1,015",783,"1,559","1,622","1,846","1,790","1,376","1,082",708,"1,518","1,688","1,823","1,801","1,576",885,626,"1,571","1,852","1,818","1,742",417,"1,163",422,751,"1,270","1,824","1,762","1,585",905,568,"1,621","1,770","1,879","1,649","1,329",927,576,"1,292","1,340","1,435","1,347","1,512",652,622,"1,261","1,412","1,464",776,"1,164",972,687,"1,527","1,625","1,710","1,623","1,558",962,608,"1,464","1,725","1,621","1,861","1,400",942,654,"1,478","1,621","1,559","1,545","1,407",904,619,"1,466","1,614","1,727","1,739","1,481",887,511,"1,395","1,590","1,360","1,853","1,441","1,128",638,755,"1,520","1,773","1,687","1,505",967,459,"1,454","1,502","1,619","1,646","1,241",905,769,"1,367","1,672","1,775","1,577","1,523",929,544,"1,321","1,490","1,566","1,329",821,859,584,"1,212","1,420","1,540","1,808","1,212",807,550,"1,047","1,260","1,184","1,253","1,212",813,502,710,"1,171","1,071","1,281","1,024",813,534,"1,378","1,476","1,551","1,641","1,540",991,646,"1,313","1,587","1,682","1,671","1,462","1,064",595,"1,428","1,560","1,549","1,446","1,409","1,064",604,"1,301","1,649","1,652","1,573","1,479",662,474,"1,153","1,469","1,588","1,641","1,357",869,609,"1,304","1,398","1,659","1,558","1,471",703,599,"1,369","1,492","1,829","1,630","1,413",961,635,"1,454","1,632","1,553","1,717","1,503",819,645,"1,373","1,355","1,444","1,668","1,252",940,623,"1,448","1,573","1,549","1,687","1,363","1,006",576,"1,123","1,390","1,231","1,279","1,262",629,562,988,"1,391","1,197","1,479","1,104",839,582,"1,369","1,515","1,676","1,641","1,479",832,668,"1,434","1,575","1,669","1,741","1,543",805,705,637,"1,390","1,523","1,693","1,542",798,612,"1,323","1,633","1,540","1,618","1,490",916,585,"1,280","1,595","1,576","1,621","1,027",996,582,"1,320","1,524","1,391","1,520","1,476","1,003",606,"1,312","1,395","1,538","1,507","1,427",892,547,"1,271","1,488","1,393","1,454","1,332",848,592,"1,051","1,388","1,392","1,208","1,182",932,638,917,"1,336","1,263","1,241","1,130",898,596,914,"1,107",247,689,912,864,561,815,"1,182"
Middlemore to Britomart via ?t?huhu and Greenlane Clinical Centre,Central,321,,,529,575,548,,,834,869,971,952,876,,,984,993,958,956,838,,,924,"1,116","1,145","1,175","1,059",,,,"1,271","1,162","1,236","1,105",,,903,,"1,362","1,276","1,137",,,"1,262","1,286","1,293","1,298","1,036",,,"1,263","1,396","1,322","1,427","1,195",,,"1,761","1,908","1,835","1,862","1,471",,,"1,652","1,813","1,912","1,829","1,524",,,"1,680","1,814","1,844","1,755","1,532",,,"1,661","1,759","1,694","1,769","1,416",,,"1,639","1,813","1,778","1,611",,,,,"1,001","1,273","1,229","1,136",,,"1,130","1,278","1,294","1,224","1,004",,,"1,339","1,416","1,468","1,467","1,272",,,"1,324","1,469","1,337",,957,,,"1,534","1,752","1,715","1,588","1,352",,,"1,336","1,527","1,496","1,632","1,198",,,"1,413","1,464","1,489","1,511","1,231",,,"1,391","1,567","1,503","1,437","1,238",,,"1,419","1,445","1,517","1,412","1,160",,,,"1,384","1,270","1,363","1,353",,,"1,234","1,326","1,188","1,201","1,135",,,"1,106","1,166","1,591","1,255","1,050",,,"1,040","1,119","1,146","1,087",,,,"1,043","1,079","1,231","1,394",985,,,939,"1,027",929,959,831,,,"1,239","1,240","1,398","1,285","1,078",,,"1,511","1,516","1,664","1,570","1,344",,,"1,487","1,530","1,482","1,448","1,339",,,"1,378","1,541","1,420","1,514","1,320",,,"1,400","1,595","1,543","1,402","1,113",,,"1,277","1,511","1,507","1,435","1,130",,,"1,162","1,172","1,138","1,264","1,045",,,"1,134","1,196","1,283","1,115",972,,,"1,390","1,438","1,436","1,348","1,387",,,"1,409","1,408","1,462","1,417","1,146",,,"1,459","1,446","1,491","1,419","1,186",,,"1,196","1,280","1,153","1,074",987,,,987,"1,288","1,119","1,212",947,,,"1,325","1,444","1,319","1,404","1,248",,,"1,174","1,251","1,247","1,220","1,084",,,,"1,227","1,219","1,157","1,278",,,"1,083","1,155","1,121","1,135",990,,,"1,027","1,120","1,104","1,051",811,,,"1,088","1,125","1,018","1,106",885,,,"1,061","1,070",975,992,875,,,999,"1,071","1,024","1,034",857,,,877,893,911,865,799,,,701,849,825,697,627,,,402,309,,,302,,,365,338
?t?huhu to Panmure via Panama Rd and Carbine Rd,Central,323,193,262,414,453,437,281,261,496,630,655,646,649,355,227,599,770,744,736,661,346,237,713,897,762,751,725,356,244,283,715,777,891,822,343,264,723,302,966,977,903,387,323,942,928,977,931,883,343,308,845,940,968,942,905,401,244,889,990,963,996,883,386,236,830,926,"1,000",876,925,420,272,907,951,967,907,812,354,319,895,"1,020",939,950,862,369,259,903,976,925,967,240,413,267,290,723,887,935,837,338,263,923,943,925,851,759,360,295,653,725,716,718,656,292,252,645,751,741,270,626,411,332,799,905,886,836,792,372,282,777,884,856,907,779,335,257,758,861,814,759,710,324,270,733,835,822,870,758,346,206,798,833,720,825,747,362,250,237,867,853,825,734,293,199,771,859,860,873,683,303,285,766,915,913,833,695,339,247,720,861,817,808,275,317,274,692,800,853,940,735,274,260,596,644,688,674,604,309,260,469,657,578,660,540,292,231,759,833,816,840,775,368,306,713,883,854,851,785,352,276,814,895,863,826,753,353,291,733,851,858,900,821,271,216,730,838,805,870,772,326,269,745,751,848,860,759,288,283,786,791,"1,126",818,708,394,265,740,889,882,809,774,286,313,770,758,812,792,665,337,255,771,816,892,853,729,342,272,612,668,620,619,631,207,258,636,666,697,714,627,344,257,813,820,859,797,738,343,240,809,853,835,785,765,311,279,266,790,831,838,928,321,291,718,911,785,789,798,352,236,733,864,844,780,608,339,238,751,813,783,720,755,303,302,744,751,785,732,707,354,309,705,809,781,751,689,338,232,662,720,641,651,637,341,220,464,717,670,645,559,312,222,403,381,123,221,346,300,255,375,392
Mangere to Seaside Park via ?t?huhu,South,324,80,103,178,195,184,103,89,233,244,239,286,209,190,101,212,314,305,303,261,172,89,251,286,276,341,266,164,103,78,257,383,366,373,151,100,366,113,462,416,471,167,105,411,478,493,487,431,194,102,467,520,500,442,423,161,81,469,457,470,525,466,188,99,386,425,477,559,506,186,124,401,526,501,537,424,192,123,508,418,545,531,442,148,92,503,550,516,564,65,147,84,109,328,522,558,487,168,108,401,512,448,424,441,205,91,333,390,401,304,401,151,117,294,398,414,163,320,173,92,487,449,551,528,538,186,78,434,542,482,514,449,199,101,415,488,427,472,442,177,68,453,468,552,555,475,168,95,405,514,447,489,429,118,94,113,491,517,530,429,170,91,408,500,514,508,392,157,92,413,458,471,465,427,177,107,416,462,447,460,119,128,94,368,465,483,456,400,176,95,270,311,286,331,274,146,84,212,363,285,406,315,124,77,458,442,455,479,441,147,107,391,414,451,528,433,149,75,411,513,460,450,436,92,103,410,475,454,478,407,131,85,309,409,495,494,403,142,115,398,404,431,511,439,135,118,398,467,468,506,415,135,98,415,503,474,533,466,170,98,440,396,529,478,376,187,90,488,512,525,497,390,154,91,336,354,370,340,344,181,74,209,342,348,391,317,170,111,409,440,537,469,453,165,79,407,483,476,489,438,112,80,80,459,504,478,373,160,85,414,501,450,449,425,174,78,343,454,445,405,275,174,84,388,424,452,388,398,161,99,342,387,458,434,382,131,84,320,431,424,407,373,172,83,302,318,389,313,307,189,93,216,324,260,315,244,145,88,210,234,42,99,145,133,59,161,161
Manukau to Mangere via Otara and ?t?huhu,South,325,384,510,803,896,770,675,430,944,"1,029","1,202","1,213",930,703,418,969,"1,168","1,291","1,334","1,097",845,521,"1,095","1,188","1,284","1,267","1,197",826,389,582,"1,329","1,650","1,718","1,410",719,480,"1,395",711,"1,961","1,988","1,759",870,523,"1,829","2,026","1,999","2,033","1,832","1,079",595,"1,945","2,018","2,279","2,503","2,581","1,740",999,"1,843","2,006","2,184","2,204","1,982",886,411,"1,773","2,070","2,259","2,100","1,972",917,586,"1,993","2,159","2,229","2,171","1,758",930,603,"1,917","2,158","2,226","2,331","2,656","1,340",471,"1,933","2,318","2,282","2,083",454,904,427,524,"1,270","2,270","2,145","1,911",820,454,"1,894","2,135","2,135","1,795","1,582",826,469,"1,215","1,406","1,369","1,415","1,363",616,563,"1,302","1,492","1,503",665,"1,290",922,502,"1,548","1,987","2,087","1,874","1,832",910,417,"1,662","2,184","2,074","2,126","1,641",934,468,"1,654","1,789","1,848","1,629","1,590",770,418,"1,723","1,858","2,143","2,030","1,648",783,423,"1,624","1,867","1,666","1,778","1,402",855,471,565,"1,703","1,992","1,892","1,641",826,376,"1,547","1,694","1,980","1,701","1,310",696,423,"1,607","1,899","1,935","1,874","1,639",841,367,"1,484","1,716","1,852","1,729",573,678,424,"1,423","1,617","1,726","1,700","1,405",645,384,982,"1,151","1,190","1,234","1,025",725,416,782,"1,248","1,099","1,375","1,041",632,400,"1,704","1,716","1,932","1,925","1,648",862,457,"1,558","1,752","1,953","1,807","1,621",718,451,"1,668","1,804","1,901","1,810","1,669",798,437,"1,555","1,870","1,969","1,884","1,663",614,366,"1,301","1,789","1,855","1,862","1,661",818,414,"1,607","1,680","1,925","1,840","1,704",570,469,"1,552","1,605","1,823","1,802","1,525",806,484,"1,678","1,887","1,940","1,767","1,666",693,457,"1,656","1,580","1,803","1,765","1,499",805,522,"1,621","1,849","1,814","1,774","1,439",851,425,"1,236","1,381","1,280","1,324","1,203",653,438,979,"1,379","1,249","1,351","1,145",836,506,"1,663","1,722","1,827","1,857","1,590",777,475,"1,618","1,871","1,867","1,794","1,645",786,492,541,"1,536","1,766","1,815","1,704",842,482,"1,511","1,853","1,805","1,724","1,579",894,397,"1,501","1,611","1,623","1,709","1,050",816,448,"1,398","1,731","1,743","1,570","1,463",933,414,"1,476","1,497","1,625","1,627","1,468",583,389,"1,383","1,553","1,475","1,524","1,305",806,474,"1,223","1,371","1,415","1,124","1,164",839,477,870,"1,239","1,282","1,223","1,086",783,471,823,"1,029",238,590,631,774,418,661,906
"Mangere to ?t?huhu via Tidal Rd, Portage Rd, and Earlsworth Rd",South,326,20,17,48,48,45,22,18,81,93,111,118,109,26,19,83,124,126,143,102,45,23,120,105,148,134,114,41,17,27,154,186,244,194,39,12,198,39,348,303,293,53,23,315,315,366,318,310,47,22,337,340,365,360,298,37,18,331,360,313,351,376,55,27,259,329,322,343,349,43,30,279,313,339,353,290,56,20,304,353,417,380,306,57,19,315,335,362,349,40,81,26,25,142,342,338,334,41,22,310,343,368,322,267,37,30,127,152,177,151,157,32,24,124,173,179,37,130,37,26,309,298,364,304,284,43,27,283,296,312,333,272,52,24,274,239,226,214,226,35,25,257,267,335,293,229,45,13,253,263,252,260,173,45,19,14,224,283,252,232,49,23,256,256,275,267,255,34,23,238,244,311,249,273,50,14,240,239,250,203,19,39,4,236,245,255,256,224,29,3,102,103,125,136,113,45,15,88,126,117,143,110,32,19,228,219,300,284,269,36,28,260,284,246,273,242,31,11,254,265,327,250,230,28,25,235,238,280,297,204,32,15,219,222,314,306,240,36,18,308,265,340,250,274,41,27,220,265,276,286,263,35,17,275,289,292,276,268,36,15,281,245,304,321,227,35,19,248,293,326,261,226,53,19,122,144,148,106,131,28,12,93,151,153,161,136,27,15,271,263,311,287,265,27,30,307,330,295,293,242,54,28,29,314,317,282,238,31,33,256,273,278,262,222,28,25,213,252,283,250,173,37,24,222,273,258,240,223,47,22,237,240,265,248,200,31,12,175,220,202,224,144,47,23,150,164,196,151,128,31,35,85,136,143,131,117,38,18,77,124,17,23,29,32,22,32,32
Papakura to ?t?huhu via Manurewa and Manukau,South,33,"1,494","1,804","2,761","2,998","2,904","2,042","1,830","2,836","3,091","3,291","3,295","3,149","2,230","1,788","2,368","2,986","3,048","3,094","2,909","2,225","1,540","2,702","2,970","3,069","3,012","2,841","2,663","1,880","2,213","3,108","3,381","3,468","3,244","2,214","2,093","2,965","1,788","3,546","3,408","3,198","2,758","2,219","3,356","3,681","3,532","3,592","3,352","2,914","2,402","3,152","3,458","3,901","3,920","3,413","2,283","1,614","3,071","3,726","3,880","3,893","3,492","2,242","1,452","2,994","3,508","3,759","3,604","3,559","2,031","2,475","3,247","3,515","3,941","3,620","3,067","3,194","2,338","3,340","3,661","3,942","3,646","3,418","1,900","1,609","3,323","3,701","3,745","3,649","1,363","2,579","1,434","1,908","3,057","3,724","3,845","3,336","2,073","1,758","3,433","3,794","3,748","3,457","2,703","2,118","1,749","2,816","3,028","3,056","3,037","2,851","2,090","2,280","2,771","3,245","3,304","1,708","2,769","2,492","2,022","3,474","3,576","3,645","3,318","3,176","2,143","1,776","3,043","3,377","3,473","3,495","2,649","2,029","2,067","3,006","3,290","3,058","2,854","2,616","2,083","1,808","3,066","2,985","3,589","3,540","3,046","1,996","1,483","2,856","3,103","2,503","3,038","2,961","2,477","1,825","1,773","3,480","3,334","3,403","3,235","1,931","1,360","3,010","3,088","3,330","3,236","2,726","2,016","2,001","2,815","3,358","4,121","3,403","3,065","1,877","1,570","2,863","3,186","3,380","3,286","2,035","2,089","1,735","2,497","3,012","3,425","3,491","2,807","1,800","1,506","2,416","2,701","2,848","2,602","2,555","1,889","1,489","1,769","2,928","2,460","3,040","2,323","2,049","1,584","2,997","3,282","3,303","3,365","3,101","2,736","2,166","2,763","3,106","3,328","3,289","3,237","2,464","1,951","3,179","3,465","3,427","3,257","3,095","2,568","1,975","3,017","3,655","3,555","3,469","3,215","1,693","1,454","2,748","3,284","3,243","3,384","3,081","2,840","2,275","3,226","3,182","3,500","4,386","3,418","1,706","1,681","3,089","3,309","3,572","3,519","3,148","2,474","2,065","2,980","3,545","3,495","3,424","3,385","1,991","1,859","3,016","2,963","3,442","3,370","2,580","2,319","1,841","3,086","3,540","3,506","3,475","2,967","2,464","1,849","3,042","3,221","2,799","2,906","2,849","2,017","1,619","2,417","3,062","2,857","3,045","2,835","2,838","2,149","3,470","3,480","3,410","3,520","3,275","2,004","1,745","3,305","3,485","3,553","3,527","3,298","2,184","1,975","1,988","3,193","3,540","3,363","3,656","1,981","1,728","2,938","3,378","3,436","3,310","3,167","1,995","1,598","2,884","3,255","3,287","3,109","2,071","2,119","1,629","2,810","3,264","3,145","3,075","2,914","2,701","1,788","2,958","3,193","3,200","3,040","2,992","2,084","1,798","2,827","3,250","3,250","3,156","2,983","2,230","1,670","2,719","3,077","3,084","2,784","2,791","2,161","1,681","2,119","2,825","3,020","2,815","2,563","2,161","1,781","2,305","2,302",757,"1,693","2,342","2,010","1,667","2,372","2,870"
"Britomart to ?t?huhu via stations en route, late evenings, express",Central,333X,,,,,,,,,,1,,,,,,,7,2,,,,1,2,2,1,,,,,3,2,3,,,,1,,,2,,,,1,2,3,3,,,,1,,3,1,,,,,5,1,4,,,,3,,3,1,,,,1,,1,2,,,,3,2,1,1,,,,,2,5,5,,,,,2,2,4,,,,1,1,3,,,,,,3,,1,,,,,2,3,,,,,1,1,,3,,,,,1,,3,,,,,2,,,,,,,,5,1,,,,2,2,4,,,,,,,,,,,,1,2,1,1,,,,2,3,2,1,,,,,1,,1,,,,1,4,,,,,,1,,2,,,,,,,2,1,,,,1,2,1,1,,,,2,1,,2,,,,1,1,2,1,,,,,2,1,,,,,,2,1,1,,,,,,,3,,,,2,,,2,,,,,1,1,1,,,,,,1,,,,,2,2,2,2,,,,2,3,,,,,,2,1,,1,,,,2,1,,1,,,,2,1,3,,,,,,1,4,2,,,,1,1,3,,,,,2,,1,3,,,,,,,,,,,,,,,,,,,,,,,,,,,,,,,,,,,,,,,,,,,,,,,
Manukau to Botany via Chapel Rd and Ormiston,South,35,628,824,"1,130","1,144","1,116",891,839,"1,270","1,290","1,339","1,308","1,231","1,028",827,"1,207","1,356","1,427","1,439","1,299","1,009",812,"1,329","1,361","1,471","1,489","1,359",919,762,"1,003","1,424","1,738","1,781","1,631",933,"1,041","1,479","1,019","1,963","2,128","1,975","1,237","1,011","1,914","1,940","2,114","2,002","1,997","1,140",996,"2,065","2,048","2,135","2,112","2,075","1,394",831,"1,849","2,176","2,356","2,278","2,156","1,313",712,"1,794","2,077","2,301","2,245","2,098","1,188","1,003","2,098","2,135","2,196","2,119","1,771","1,274","1,029","2,035","2,188","2,372","2,353","2,257","1,048",892,"1,960","2,264","2,224","2,260",770,"1,244",761,982,"1,544","2,200","2,105","2,113","1,096","1,020","2,030","2,201","2,273","1,924","1,630","1,139","1,053","1,457","1,632","1,782","1,669","1,572",678,874,"1,412","1,718","1,730",887,"1,447","1,106",966,"1,909","2,180","2,143","1,956","1,935","1,049",892,"1,768","2,122","2,111","2,108","1,874","1,040",835,"1,888","1,981","1,850","1,759","1,841","1,025",902,"1,779","1,812","2,041","2,081","1,906","1,059",766,"1,797","1,872","1,623","1,852","1,798","1,102",846,916,"1,885","1,914","1,995","1,943","1,056",724,"1,642","1,805","1,933","1,950","1,602","1,015",913,"1,655","1,784","1,938","1,879","1,862","1,040",823,"1,659","1,867","1,981","1,959","1,055","1,066",863,"1,613","1,667","1,759","1,924","1,803",909,810,"1,269","1,384","1,577","1,426","1,336","1,004",778,997,"1,508","1,313","1,752","1,203",822,761,"1,859","1,877","2,213","2,048","2,013","1,086",941,"1,734","1,860","2,098","2,089","2,011","1,150",953,"1,904","1,995","2,253","2,063","1,811","1,169","1,071","1,751","2,110","2,205","1,991","1,984",759,775,"1,668","1,930","2,085","2,103","2,032","1,071",928,"1,774","1,735","2,080","2,041","2,082",814,862,"1,819","1,917","2,109","1,990","1,942","1,083",968,"1,843","1,942","2,159","2,053","1,991",904,891,"1,765","1,647","1,991","1,886","1,470","1,068",953,"1,759","2,011","2,065","2,021","1,850","1,213",860,"1,446","1,578","1,488","1,487","1,480",865,790,"1,277","1,568","1,523","1,486","1,491","1,000",833,"1,786","1,887","2,074","2,040","1,911","1,035",862,"1,763","1,934","2,101","1,922","1,936",959,959,833,"1,905","1,878","1,853","1,797",934,851,"1,615","1,889","1,846","1,860","1,759","1,097",838,"1,563","1,766","1,775","1,742","1,019","1,062",809,"1,640","1,784","1,803","1,750","1,809",999,922,"1,636","1,753","1,785","1,822","1,748",806,800,"1,506","1,658","1,695","1,752","1,523","1,011",831,"1,334","1,540","1,616","1,202","1,441",985,844,865,"1,425","1,516","1,327","1,350",914,861,"1,082",951,307,913,"1,076",880,784,958,908
?t?huhu to Botany via Highbrook,South,351,,,,,,,,231,247,267,255,264,,,291,305,332,292,308,,,314,338,379,372,354,,,,312,378,377,311,,,323,,388,382,360,,,355,425,401,363,377,,,361,369,408,371,341,,,339,367,404,378,362,,,361,402,407,370,332,,,394,408,375,342,315,,,360,388,414,394,376,,,402,413,412,422,,,,,333,379,386,321,,,407,405,368,368,310,,,334,334,324,330,307,,,271,330,321,,240,,,394,442,386,368,321,,,342,403,401,375,275,,,360,332,351,351,332,,,379,351,389,353,360,,,350,377,317,325,311,,,,362,358,360,293,,,307,334,356,376,256,,,341,382,361,373,349,,,374,394,379,335,,,,341,396,387,348,316,,,303,312,321,329,293,,,257,319,294,334,268,,,378,397,415,411,344,,,346,339,375,354,337,,,344,412,361,365,322,,,347,434,372,342,347,,,303,336,366,365,316,,,362,349,387,322,341,,,371,355,369,354,332,,,340,381,379,319,330,,,341,297,346,325,291,,,361,368,360,351,300,,,277,321,307,314,320,,,286,322,344,349,274,,,338,329,372,350,348,,,331,353,366,358,314,,,,338,391,310,335,,,344,334,352,328,317,,,337,372,355,352,268,,,362,362,353,344,314,,,358,343,346,357,298,,,343,339,341,340,305,,,328,337,334,316,341,,,309,336,331,262,308,,,185,140,,,,,,,
Manukau to Panmure via East Tamaki and Highbrook,South,352,,,,,,,,288,300,338,316,309,,,333,408,347,376,320,,,412,401,432,428,377,,,,420,484,452,425,,,440,,512,488,481,,,452,491,519,505,420,,,460,493,537,532,448,,,433,521,503,495,436,,,450,549,515,518,412,,,482,513,481,467,427,,,484,478,489,497,495,,,494,515,487,482,,,,,384,509,500,423,,,460,503,503,426,344,,,355,400,410,395,336,,,384,426,398,,263,,,503,547,501,502,433,,,477,518,521,501,443,,,508,532,449,363,427,,,457,490,492,519,438,,,458,521,414,436,358,,,,522,512,505,412,,,453,487,513,468,360,,,453,463,523,505,429,,,467,467,474,437,,,,440,471,441,445,338,,,341,346,386,363,316,,,332,388,363,389,303,,,398,461,457,458,429,,,405,468,462,425,419,,,418,482,466,410,414,,,450,480,446,430,408,,,436,426,476,431,373,,,461,436,458,438,450,,,409,441,539,484,435,,,418,463,498,474,398,,,445,460,465,427,344,,,455,501,490,426,399,,,373,357,335,331,342,,,335,398,368,397,331,,,427,476,469,446,410,,,420,459,461,434,415,,,,455,453,432,438,,,397,446,408,389,367,,,439,450,451,425,288,,,448,425,414,443,398,,,440,391,469,430,363,,,414,473,449,456,333,,,381,383,394,340,313,,,333,353,361,336,287,,,136,113,,,,,,,
"Manukau to Botany via Chapel Rd, Ormiston, and Mission Heights",South,353,97,172,328,334,309,198,165,278,314,307,342,336,265,186,294,325,324,333,313,216,189,290,303,427,372,353,211,153,175,339,361,369,354,182,185,307,214,364,385,383,234,176,399,399,417,447,403,276,166,408,419,438,553,533,499,221,438,464,512,507,420,234,138,378,490,522,456,422,252,209,391,445,464,401,391,301,229,416,460,486,485,590,381,205,367,450,466,392,185,259,169,221,362,425,458,390,223,186,409,441,384,391,304,204,159,309,285,355,346,299,169,185,305,365,354,191,323,256,218,348,410,429,395,326,218,173,373,369,439,368,321,217,186,322,373,356,345,329,217,189,341,331,395,359,356,183,177,320,340,341,318,327,244,190,172,412,399,386,347,209,149,310,387,382,386,310,208,232,352,357,413,380,341,159,165,341,380,387,397,209,203,154,325,326,358,403,314,184,141,284,315,361,327,321,219,153,237,340,305,339,278,178,188,374,362,395,391,381,226,186,330,386,444,418,379,250,193,370,401,405,369,354,267,181,357,407,437,419,384,140,134,333,363,411,388,363,247,170,316,324,403,388,373,163,149,334,335,350,340,291,198,189,328,361,348,337,332,174,181,334,264,389,327,272,195,146,333,321,388,329,296,202,123,264,290,284,305,297,142,156,254,315,311,295,288,189,136,340,317,376,358,335,215,132,318,325,343,375,321,208,174,130,307,319,339,348,209,155,305,352,371,371,342,180,184,336,327,348,336,228,205,143,295,348,372,346,315,156,157,314,327,374,334,387,202,131,319,368,386,333,349,178,158,254,312,332,269,304,171,157,226,317,330,289,319,160,190,250,223,70,131,207,164,157,235,244
Botany to Manukau via Mission Heights and Ormiston,South,355,312,440,507,558,501,443,402,685,691,749,698,696,444,403,592,762,775,778,779,478,371,752,842,933,844,863,448,318,447,964,"1,013","1,189","1,103",468,511,902,477,"1,350","1,380","1,172",500,473,"1,284","1,366","1,288","1,416","1,274",653,481,"1,285","1,300","1,481","1,464","1,267",726,425,"1,196","1,479","1,493","1,469","1,422",708,398,"1,212","1,401","1,500","1,483","1,403",565,519,"1,434","1,459","1,455","1,463","1,149",649,532,"1,420","1,500","1,524","1,509","1,421",454,504,"1,429","1,461","1,490","1,471",333,582,336,493,949,"1,434","1,439","1,342",556,489,"1,342","1,397","1,429","1,287","1,164",567,449,941,"1,045","1,132","1,073",918,348,427,896,"1,079","1,093",492,869,559,490,"1,392","1,484","1,526","1,356","1,317",529,512,"1,312","1,420","1,437","1,387","1,207",539,429,"1,278","1,354","1,246","1,201","1,257",501,454,"1,225","1,184","1,375","1,359","1,278",544,384,"1,202","1,294","1,100","1,200","1,090",530,412,423,"1,225","1,235","1,281","1,231",515,350,"1,140","1,258","1,259","1,272",948,569,429,"1,156","1,247","1,261","1,301","1,171",548,379,"1,191","1,179","1,261","1,241",455,477,368,"1,049","1,118","1,218","1,247","1,167",467,397,774,840,890,845,822,483,443,636,986,857,"1,070",792,398,305,"1,254","1,355","1,275","1,327","1,275",530,425,"1,149","1,140","1,352","1,262","1,250",503,405,"1,302","1,349","1,393","1,354","1,278",533,439,"1,229","1,327","1,375","1,285","1,237",397,381,"1,110","1,317","1,354","1,395","1,274",472,455,"1,285","1,152","1,284","1,182","1,212",405,444,"1,288","1,182","1,280","1,264","1,235",476,410,"1,223","1,247","1,346","1,234","1,231",489,453,"1,227","1,189","1,331","1,279","1,015",550,439,"1,239","1,316","1,378","1,398","1,109",521,384,921,902,889,951,901,444,447,775,971,882,986,843,467,406,"1,276","1,298","1,437","1,352","1,235",515,472,"1,182","1,309","1,305","1,332","1,184",436,461,404,"1,239","1,315","1,256","1,085",513,466,"1,175","1,244","1,313","1,290","1,180",523,469,"1,140","1,266","1,325","1,186",730,554,463,"1,145","1,278","1,277","1,289","1,216",539,538,"1,141","1,175","1,176","1,176","1,361",451,470,"1,107","1,082","1,167","1,135","1,055",539,494,906,"1,130","1,049",820,974,542,432,630,906,952,868,788,486,434,624,591,168,471,467,474,410,449,470
Manukau to Onehunga via Papatoetoe and Mangere,South,36,553,776,"1,081","1,180","1,029",837,745,"1,122","1,232","1,329","1,390","1,216","1,059",791,"1,077","1,322","1,443","1,363","1,249",919,731,"1,186","1,280","1,357","1,473","1,283",957,665,809,"1,308","1,605","1,609","1,560",837,731,"1,441",757,"1,582","1,654","1,589","1,041",650,"1,690","1,700","1,705","1,731","1,647","1,108",758,"1,616","1,851","1,748","1,785","1,630","1,069",704,"1,347","1,815","1,864","1,966","1,756","1,016",599,"1,388","1,821","1,893","1,934","1,602","1,061",814,"1,602","1,800","1,842","1,597","1,499","1,147",808,"1,569","1,860","1,830","1,772","1,753",894,754,"1,686","1,882","1,706","1,781",584,"1,188",661,940,"1,445","1,859","1,802","1,753",960,838,"1,678","1,895","1,894","1,688","1,374","1,094",839,"1,340","1,512","1,452","1,548","1,453",815,699,"1,254","1,506","1,597",809,"1,338","1,204",847,"1,655","1,734","1,666","1,579","1,514","1,016",817,"1,531","1,481","1,663","1,808","1,444","1,029",731,"1,526","1,684","1,472","1,335","1,359","1,028",711,"1,485","1,542","1,733","1,750","1,561",940,687,"1,487","1,485","1,362","1,575","1,380","1,085",703,715,"1,751","1,639","1,725","1,550","1,006",574,"1,477","1,476","1,714","1,739","1,325","1,016",771,"1,457","1,788","1,818","1,651","1,546",990,640,"1,379","1,654","1,473","1,579",827,984,759,"1,391","1,582","1,710","1,711","1,444",818,666,986,"1,253","1,430","1,320","1,270",932,646,763,"1,382","1,145","1,344","1,038",768,604,"1,418","1,655","1,682","1,735","1,630","1,034",728,"1,374","1,642","1,805","1,717","1,519","1,015",732,"1,468","1,609","1,799","1,733","1,520","1,029",689,"1,419","1,790","1,730","1,730","1,618",707,594,"1,459","1,631","1,704","1,783","1,596","1,106",735,"1,566","1,550","1,682","1,821","1,724",805,805,"1,610","1,640","1,730","1,792","1,623",940,791,"1,641","1,722","1,758","1,742","1,608",909,792,"1,511","1,272","1,696","1,777","1,350","1,085",691,"1,551","1,695","1,807","1,831","1,375","1,073",755,"1,311","1,268","1,287","1,324","1,325",835,682,"1,006","1,460","1,301","1,438","1,369",984,716,"1,558","1,679","1,792","1,680","1,653",976,828,"1,616","1,821","1,682","1,797","1,593",908,737,801,"1,634","1,757","1,799","1,645",887,687,"1,562","1,710","1,644","1,589","1,495",952,712,"1,541","1,723","1,701","1,652","1,012",952,761,"1,546","1,699","1,660","1,664","1,578",995,744,"1,393","1,561","1,614","1,636","1,547",882,697,"1,506","2,122","1,605","1,577","1,390",993,767,"1,329","1,552","1,502","1,247","1,331",956,776,993,"1,383","1,256","1,400","1,191",881,785,"1,070","1,137",365,805,937,969,721,"1,035","1,181"
"Manurewa to Otara via Clendon, Homai, Manukau, and Tui Rd",South,361,250,390,523,642,561,426,323,641,685,728,730,648,517,371,701,814,769,888,793,543,454,744,870,928,970,785,473,330,511,867,"1,102","1,174","1,012",482,473,887,495,"1,370","1,438","1,256",508,365,"1,258","1,381","1,474","1,482","1,382",581,394,"1,328","1,375","1,523","1,522","1,448",665,322,"1,377","1,556","1,551","1,580","1,345",626,325,"1,290","1,462","1,523","1,543","1,333",680,423,"1,432","1,503","1,610","1,589","1,266",761,408,"1,433","1,558","1,562","1,522","1,352",533,398,"1,406","1,596","1,468","1,454",292,556,308,426,942,"1,574","1,604","1,438",620,479,"1,445","1,589","1,671","1,365","1,078",625,427,879,927,934,"1,115",943,370,410,845,960,"1,073",463,857,557,465,"1,450","1,547","1,455","1,313","1,319",567,418,"1,219","1,374","1,411","1,288","1,093",600,386,"1,150","1,359","1,241","1,171","1,089",509,397,"1,100","1,176","1,315","1,268","1,162",512,343,"1,121","1,195","1,073","1,217",899,569,337,386,"1,171","1,326","1,367","1,154",551,341,"1,028","1,155","1,256","1,258","1,032",510,382,"1,182","1,281","1,295","1,269","1,026",570,345,"1,111","1,276","1,272","1,208",455,487,335,"1,064","1,149","1,156","1,183","1,017",462,360,740,840,826,823,770,507,335,614,890,789,889,724,404,354,"1,219","1,321","1,415","1,302","1,169",492,380,"1,136","1,309","1,411","1,347","1,135",524,406,"1,302","1,401","1,364","1,319","1,146",517,414,"1,224","1,425","1,364","1,321","1,073",419,330,"1,046","1,336","1,366","1,365","1,176",576,415,"1,309","1,268","1,445","1,294","1,124",435,442,"1,133","1,292","1,355","1,309","1,084",529,392,"1,212","1,450","1,388","1,353","1,109",561,384,"1,176","1,123","1,336","1,274",975,568,444,"1,266","1,353","1,368","1,354","1,046",513,320,805,898,819,928,833,520,348,694,883,916,920,877,571,357,"1,188","1,405","1,424","1,316","1,137",532,321,"1,170","1,367","1,338","1,301","1,077",451,393,323,"1,289","1,397","1,279","1,106",523,389,"1,156","1,358","1,311","1,227","1,077",533,387,"1,079","1,221","1,298","1,197",734,574,376,"1,180","1,324","1,287","1,160","1,088",459,394,"1,035","1,134","1,228","1,228","1,067",459,367,"1,093","1,216","1,242","1,053","1,040",595,456,901,977,"1,005",914,826,601,404,661,873,887,919,787,459,412,638,626,215,377,519,496,369,558,549
Manukau to Weymouth via Manurewa and Clendon,South,362,294,336,483,492,431,347,314,570,624,621,624,543,411,339,567,645,614,730,685,408,362,632,641,710,788,642,377,282,379,648,780,788,719,342,387,592,397,840,903,750,382,370,834,870,930,898,831,462,372,871,924,963,"1,003",780,486,280,783,927,954,994,890,414,257,742,856,"1,006",918,872,527,348,881,"1,013","1,022",956,757,473,449,956,"1,001","1,008","1,063",910,380,360,950,958,"1,042",958,246,498,282,381,785,"1,104","1,004",803,488,332,834,941,979,920,753,487,353,719,806,786,822,640,291,323,707,818,858,335,645,433,371,869,929,935,804,859,373,362,854,982,"1,031",977,827,398,376,856,913,836,884,805,383,372,796,868,"1,007","1,008",764,413,291,802,848,708,827,671,477,338,333,831,931,878,849,390,303,802,879,921,814,661,362,349,708,868,909,903,869,377,306,733,856,872,829,357,367,327,718,803,828,864,718,327,320,545,739,673,737,579,368,283,453,713,583,744,534,283,243,771,852,905,836,878,380,325,721,809,861,872,807,404,303,825,933,898,809,789,378,348,740,994,926,923,848,283,253,678,806,935,953,854,307,404,765,831,928,948,833,290,353,795,894,903,882,737,371,362,853,922,881,863,799,337,311,746,695,839,835,655,416,369,846,879,920,929,826,372,278,636,739,661,711,644,349,308,566,773,631,803,633,363,330,733,819,881,917,880,383,328,858,916,908,940,863,392,405,335,827,859,902,776,386,331,755,956,920,872,849,455,345,697,825,875,786,516,437,351,748,887,815,868,781,447,412,744,806,871,814,826,459,336,759,798,888,847,732,495,330,682,738,742,680,684,460,363,524,677,644,786,627,406,292,521,506,185,390,411,327,266,367,571
Manurewa to Wattle Downs,South,363,29,55,53,93,274,49,72,121,116,91,102,86,62,65,98,145,140,139,118,63,85,146,118,153,163,165,59,45,53,185,204,214,197,58,59,175,49,255,226,233,59,68,217,240,262,232,229,69,63,206,248,260,277,236,61,53,241,287,258,334,266,83,45,244,250,267,262,254,106,54,275,274,222,301,238,77,56,251,277,272,313,260,64,47,258,281,264,264,32,64,51,47,163,299,236,232,60,66,255,263,281,255,208,98,60,172,139,204,186,151,44,57,147,167,185,68,147,72,70,256,268,281,255,239,83,69,221,261,268,225,237,82,43,228,253,208,211,246,80,66,213,208,273,245,240,41,52,245,244,218,224,205,85,41,61,186,264,237,207,83,58,211,186,215,204,161,82,54,217,191,225,203,194,60,57,186,192,211,186,50,58,65,211,192,214,238,191,74,48,169,159,143,151,139,88,62,96,156,148,155,140,45,45,224,205,232,223,229,55,79,189,232,256,217,202,46,61,226,219,257,223,223,59,60,193,226,258,256,220,49,37,185,229,286,221,216,63,68,236,221,253,225,219,48,56,187,220,265,224,164,67,52,210,216,250,228,211,54,67,202,167,238,236,162,87,83,231,251,241,229,173,58,52,147,138,119,128,140,71,58,117,163,178,142,144,68,66,209,227,245,213,222,60,54,213,222,261,223,224,64,63,46,212,235,250,212,58,84,211,220,254,229,251,77,60,194,208,247,224,132,87,74,209,214,226,185,195,57,69,182,172,213,215,202,57,71,191,178,220,152,154,80,70,155,156,183,148,172,79,55,103,126,152,145,122,48,51,78,76,26,65,58,56,54,77,72
"Papakura to Manukau via Takaanini, Randwick Park, Manurewa, and Homai",South,365,335,365,621,622,574,374,388,721,788,819,849,744,462,394,729,829,801,803,758,444,406,783,901,944,870,843,576,379,432,983,"1,022","1,113","1,063",485,536,894,420,"1,142","1,266","1,135",552,417,"1,159","1,275","1,285","1,310","1,202",507,437,"1,105","1,181","1,233","1,265","1,103",498,373,"1,138","1,364","1,448","1,373","1,228",517,303,"1,038","1,233","1,315","1,289","1,188",479,488,"1,212","1,202","1,337","1,213","1,116",634,471,"1,103","1,309","1,352","1,304","1,182",447,414,"1,177","1,285","1,304","1,238",347,571,351,414,"1,002","1,346","1,337","1,235",472,388,"1,209","1,336","1,417","1,262","1,040",506,416,881,961,"1,051","1,062",844,366,532,865,"1,036","1,049",450,864,574,538,"1,229","1,347","1,321","1,246","1,186",453,488,"1,078","1,299","1,263","1,278","1,013",443,464,"1,027","1,210","1,102","1,094","1,004",486,439,"1,029","1,101","1,290","1,165","1,080",469,361,"1,064","1,138",967,"1,038","1,006",546,455,357,"1,184","1,258","1,216","1,085",459,365,"1,103","1,104","1,169","1,143",911,504,475,"1,029","1,211","1,303","1,173","1,093",426,358,"1,068","1,197","1,261","1,099",467,513,461,"1,009","1,084","1,197","1,173",906,395,365,741,853,929,813,764,466,418,570,892,751,996,687,413,415,"1,082","1,155","1,220","1,226","1,104",473,435,"1,009","1,128","1,225","1,256","1,127",559,408,"1,084","1,235","1,213","1,173","1,109",525,460,"1,015","1,287","1,293","1,169","1,061",359,329,978,"1,187","1,245","1,263","1,053",503,517,"1,019","1,048","1,291","1,608","1,118",394,430,"1,135","1,189","1,299","1,162","1,108",514,529,"1,187","1,209","1,291","1,246","1,212",383,469,"1,134","1,045","1,197","1,195",846,521,425,"1,139","1,264","1,248","1,214",942,618,441,961,"1,040",874,803,818,419,379,737,946,842,854,779,581,470,"1,245","1,320","1,225","1,302","1,170",410,414,"1,083","1,296","1,191","1,242","1,024",518,517,436,"1,151","1,282","1,192","1,224",442,399,"1,094","1,218","1,184","1,227","1,086",515,385,"1,014","1,239","1,159","1,157",677,517,417,"1,071","1,159","1,142","1,086","1,077",563,464,"1,090","1,148","1,307","1,138","1,019",468,452,"1,005","1,211","1,150","1,058",969,465,522,878,"1,081","1,058",808,964,489,462,610,888,848,836,726,447,400,536,583,183,389,504,411,405,517,533
Manurewa to Manukau via The Gardens,South,366,229,291,341,371,338,236,266,424,443,365,404,470,274,200,404,456,490,530,467,291,313,526,525,570,565,525,237,184,283,663,743,676,603,223,284,629,282,823,858,820,293,266,809,853,810,872,768,323,239,777,795,950,912,813,379,231,749,894,959,"1,000",845,312,174,677,853,900,925,847,433,234,824,840,966,926,720,315,263,844,891,975,955,796,279,262,852,849,921,948,185,301,200,244,535,910,981,813,442,290,805,821,904,856,672,279,290,546,634,631,611,488,185,220,542,641,626,270,533,288,232,848,875,890,799,797,319,247,754,900,911,862,671,337,232,752,768,681,736,749,332,269,743,655,878,863,739,307,232,705,700,718,778,687,317,267,233,776,821,854,751,316,178,671,690,787,711,586,344,216,668,694,725,804,754,347,202,672,671,730,713,484,282,219,633,683,701,786,679,264,232,459,493,552,531,509,330,249,384,611,472,601,444,235,198,705,707,769,784,735,292,232,639,748,793,753,714,344,240,742,768,894,762,673,383,244,661,830,768,740,750,227,192,696,678,780,754,747,328,265,707,592,791,724,699,182,268,697,734,769,777,563,290,259,731,766,823,755,694,241,228,660,637,712,739,562,353,324,743,770,864,784,568,338,245,588,617,538,629,564,269,220,449,683,498,631,444,274,222,675,685,742,733,679,302,267,689,728,737,740,571,219,245,198,687,703,673,622,308,254,582,719,688,666,595,344,221,577,650,718,592,369,316,257,578,576,589,574,545,278,285,585,597,662,576,582,205,235,544,613,596,605,640,338,253,494,552,636,417,503,326,213,338,474,421,432,497,245,220,378,328,98,236,255,259,208,220,253
Papakura to Sheehan Ave and Clevedon Rd,South,372,109,133,207,223,189,96,127,192,225,210,219,183,118,104,229,246,250,238,189,152,112,194,226,267,216,183,150,104,107,261,277,278,243,121,140,248,140,319,306,303,145,139,310,352,321,320,317,192,128,317,329,325,329,330,166,122,292,340,393,355,324,176,128,268,330,384,396,363,166,133,328,329,354,316,335,188,128,336,384,373,413,345,145,124,357,352,405,336,72,172,81,147,292,396,375,353,160,166,372,411,396,375,264,170,124,268,312,267,315,263,91,121,247,318,285,133,234,168,149,416,381,402,334,350,158,177,297,361,363,362,285,160,149,332,343,283,311,324,141,99,319,307,393,376,313,136,113,326,322,300,362,299,150,103,97,310,364,360,335,152,93,278,349,329,295,253,164,146,290,343,340,321,312,154,133,292,296,309,343,150,129,143,259,282,318,318,301,168,88,209,275,228,248,224,167,115,182,260,207,266,196,86,132,282,366,327,351,346,151,132,259,303,311,319,353,179,113,328,351,351,358,367,206,126,366,321,383,375,319,116,89,270,327,369,372,333,122,120,304,333,306,344,346,126,122,317,354,345,365,309,138,165,328,380,363,370,327,166,164,322,323,373,391,229,196,100,359,374,388,393,291,181,102,315,286,265,300,286,149,112,225,317,295,340,243,154,105,360,366,395,392,334,170,116,332,366,368,403,302,154,128,108,340,372,413,305,180,162,395,402,366,383,355,223,133,357,371,355,370,221,192,154,348,379,331,380,300,190,183,338,375,357,399,351,141,162,309,364,344,374,308,231,161,295,316,302,270,325,209,144,188,284,285,274,225,159,101,171,217,35,126,162,162,163,180,211
Papakura to Red Hill,South,373,37,52,72,68,68,54,42,85,81,71,120,104,42,34,105,105,113,120,97,64,51,96,96,122,132,97,77,34,41,136,114,139,159,36,47,100,42,156,108,142,106,55,133,149,155,144,145,72,55,142,110,155,155,158,71,40,128,166,178,173,166,104,38,123,106,161,141,146,92,50,163,127,188,157,143,74,60,146,164,131,147,129,72,51,139,153,175,157,15,72,40,27,129,167,155,140,72,49,129,144,163,171,114,78,46,130,126,141,126,128,49,56,122,144,151,47,123,60,63,174,173,189,141,156,83,49,140,159,186,157,139,57,43,143,135,151,161,159,56,40,146,148,164,148,132,72,36,142,136,121,152,125,63,34,29,142,166,165,171,72,64,137,140,156,143,112,74,42,112,135,149,151,159,54,42,142,139,141,142,44,48,38,118,123,144,154,121,65,50,91,134,136,120,105,68,60,70,125,104,125,103,84,43,150,167,191,157,147,67,50,149,144,178,171,144,74,51,155,167,146,158,121,77,61,120,177,167,171,147,45,32,120,136,161,183,147,60,85,136,139,161,169,161,74,86,131,161,164,174,155,82,58,144,143,169,196,184,71,55,150,137,165,163,152,63,64,129,150,186,189,128,84,57,135,140,122,160,107,48,31,90,98,120,144,97,51,40,132,139,143,154,133,66,50,137,148,172,171,164,49,34,35,119,126,169,135,72,36,119,136,166,165,121,85,49,100,169,170,134,116,65,59,140,160,155,168,152,54,46,143,140,162,139,140,63,29,133,117,156,131,130,67,51,97,143,165,125,139,65,56,77,99,140,122,103,53,32,71,67,18,38,61,54,25,49,63
Papakura to Drury,South,376,51,50,99,90,83,74,74,90,106,136,131,110,93,61,114,144,146,147,162,100,79,132,143,172,176,159,81,42,63,168,196,196,160,70,79,140,59,186,202,212,85,62,178,198,200,197,170,81,79,165,180,193,228,163,111,65,195,191,233,237,173,129,61,150,181,204,227,187,95,75,175,180,247,227,200,118,58,187,193,238,226,217,94,64,178,213,206,240,44,71,49,53,142,217,217,185,77,85,205,238,254,207,200,101,93,165,213,209,201,150,52,65,156,187,202,77,136,105,96,208,257,280,229,218,92,74,207,230,265,238,194,91,65,201,231,228,223,216,80,86,210,208,262,263,236,103,75,200,232,211,228,193,76,66,47,227,266,253,234,107,56,207,226,236,215,186,77,63,185,211,205,216,214,77,84,192,222,234,241,84,60,75,164,199,205,188,200,102,66,140,177,180,172,147,76,71,134,180,156,204,162,57,71,168,226,223,220,195,79,76,201,213,234,250,226,94,79,189,279,230,231,176,92,72,192,260,284,230,213,88,67,190,215,232,246,235,104,46,172,201,245,237,226,72,84,229,227,252,282,178,108,66,230,225,257,260,184,86,68,203,219,247,220,190,140,100,235,238,229,242,228,124,88,223,195,204,192,141,94,72,166,235,205,230,159,78,62,242,239,299,284,230,98,64,200,247,285,260,218,108,69,68,227,281,248,197,108,79,216,266,222,247,209,109,71,193,279,221,231,148,125,73,221,228,219,214,206,92,93,235,208,226,216,205,93,64,184,192,235,241,185,123,73,185,184,227,197,170,96,64,132,164,182,167,161,100,54,107,94,28,57,75,76,58,70,87
Papakura to Rosehill,South,377,62,56,69,81,65,58,39,70,82,96,87,92,68,50,85,125,119,121,118,56,52,91,121,113,115,108,72,35,54,122,171,140,126,78,62,152,53,207,202,210,60,56,209,256,215,187,168,63,82,230,229,241,225,218,76,71,228,284,254,264,231,63,37,213,239,232,235,234,83,48,200,263,239,227,206,68,64,224,270,253,260,237,61,72,228,265,281,184,34,63,41,45,109,263,259,188,52,55,240,237,273,241,179,87,51,135,145,144,130,121,48,39,95,135,155,69,113,65,73,257,268,241,258,213,81,86,237,240,224,222,209,67,71,227,254,206,192,199,76,45,226,230,272,242,121,74,65,222,244,197,219,197,42,49,47,159,245,227,205,57,40,201,249,237,198,174,63,50,196,223,240,226,187,50,45,203,237,246,200,66,43,50,103,198,198,203,196,75,42,85,109,112,146,117,66,40,70,117,87,104,87,52,40,192,212,223,208,203,72,51,185,203,232,202,214,72,40,197,227,229,197,222,115,48,181,231,206,222,110,57,45,164,135,222,238,190,58,44,181,177,209,161,197,39,35,202,225,181,235,186,59,33,182,236,222,195,207,56,41,176,175,193,195,160,62,64,175,199,199,214,157,48,30,88,85,120,108,98,52,46,79,119,83,117,95,51,42,191,202,190,199,187,66,45,162,190,188,207,189,39,18,40,205,169,172,154,65,60,164,190,186,215,175,72,55,171,177,186,195,90,79,57,173,171,180,180,162,66,57,161,135,163,192,171,51,52,147,175,156,135,129,80,70,130,157,105,127,123,67,68,87,126,135,97,108,54,61,80,80,20,41,40,62,57,53,83
Papakura to Karaka Harbourside,South,378,14,19,46,43,39,36,29,39,51,68,50,51,41,18,60,85,72,78,73,28,39,68,66,99,81,76,37,20,28,93,87,101,82,35,41,62,22,116,84,85,27,34,122,105,104,122,104,35,40,101,110,159,114,106,56,32,110,100,178,164,150,52,31,103,105,116,135,111,49,27,115,126,123,118,95,26,41,130,149,118,120,122,38,39,128,100,144,137,20,39,31,30,65,104,135,126,26,37,121,122,127,136,108,46,40,92,94,115,106,96,26,37,84,89,110,31,84,35,34,123,145,143,133,143,50,37,117,139,123,119,120,44,41,122,117,100,97,97,67,58,127,145,128,117,90,56,55,121,115,94,117,94,29,24,35,131,129,117,102,47,28,93,118,101,106,97,28,40,107,94,96,94,91,25,49,78,103,93,123,35,40,46,81,81,89,106,93,38,34,85,61,91,101,81,48,38,57,86,65,98,53,48,37,108,120,157,128,114,52,57,99,117,130,145,125,53,47,102,122,124,126,156,58,45,120,119,138,123,123,29,27,119,129,111,131,124,42,38,100,109,122,109,122,41,47,108,133,117,141,113,52,39,116,125,128,106,123,41,41,109,85,136,120,99,61,39,113,123,141,117,113,52,28,89,79,97,63,98,62,30,71,77,87,96,90,49,35,134,119,156,111,151,50,80,130,112,128,139,94,38,35,41,108,109,126,99,45,47,102,105,98,121,128,54,40,102,124,126,131,85,53,47,90,100,101,101,104,37,28,108,104,83,118,110,32,64,89,103,105,102,81,47,23,71,75,69,82,103,38,34,74,85,84,93,67,35,21,54,58,12,26,47,35,32,29,40
Onehunga to Airport via Mangere,South,38,559,639,849,864,801,589,527,890,920,966,931,888,647,484,928,938,993,979,906,623,480,958,914,"1,031","1,043",916,874,640,718,"1,014","1,045","1,143",985,581,505,930,530,"1,176","1,235","1,172",795,687,"1,169","1,185","1,320","1,163","1,093",796,599,"1,185","1,226","1,276","1,241","1,208",707,461,"1,151","1,132","1,235","1,215","1,189",756,471,"1,051","1,146","1,309","1,356","1,214",660,712,"1,183","1,289","1,330","1,326","1,041",918,625,"1,221","1,222","1,305","1,320","1,136",648,519,"1,272","1,282","1,333","1,304",499,746,516,576,"1,119","1,347","1,308","1,193",628,496,"1,213","1,291","1,369","1,215",937,587,508,"1,015","1,080","1,050","1,037",954,487,418,926,"1,017","1,046",513,875,703,525,"1,111","1,052","1,193","1,187","1,006",669,499,"1,026","1,180","1,145","1,192",908,568,490,986,"1,027","1,062",906,791,728,451,910,986,"1,101","1,136",971,572,358,"1,024","1,001",909,"1,030",899,617,462,527,998,"1,083","1,068","1,033",554,337,970,"1,097","1,180","1,132",908,598,497,977,"1,060","1,178","1,115",951,532,360,"1,010",993,"1,158","1,121",584,636,497,938,953,"1,182","1,088","1,006",515,361,829,734,931,856,997,595,420,597,910,809,877,663,529,416,947,"1,024","1,109","1,061","1,033",593,480,953,"1,022","1,113","1,098",969,628,462,911,"1,128","1,129","1,053","1,026",596,436,970,"1,056","1,202","1,105","1,003",552,347,906,"1,007","1,142","1,160","1,040",671,544,"1,004",978,"1,157","1,189","1,098",493,438,"1,019","1,049","1,164","1,149","1,047",651,488,"1,085","1,104","1,181","1,173","1,195",592,485,919,982,"1,112","1,136",892,727,527,"1,113","1,115","1,199","1,244",989,761,599,"1,015",968,977,"1,009",961,600,547,749,"1,030",979,"1,009",945,682,473,"1,042","1,080","1,186","1,063","1,086",722,434,"1,024","1,197","1,262","1,149","1,096",750,615,599,"1,074","1,233","1,292","1,090",710,577,"1,067","1,116","1,279","1,088","1,154",705,505,"1,118","1,280","1,233","1,203",843,839,463,"1,064","1,096","1,108","1,162","1,142",801,533,"1,059","1,113","1,100","1,197","1,003",641,559,989,"1,116","1,167","1,180",999,586,429,920,989,"1,016",861,971,583,442,728,"1,019",976,889,864,605,433,617,614,276,443,643,610,470,712,677
Pukekohe Northeast Loop,South,391,20,19,27,24,17,20,12,57,37,48,49,48,13,15,48,50,39,41,33,28,21,59,46,38,56,43,21,14,17,55,61,63,90,13,15,78,11,106,101,112,21,15,98,85,113,76,74,33,15,92,86,96,80,99,24,11,72,71,112,88,88,32,8,91,101,93,78,80,27,18,73,80,97,89,59,28,16,85,89,91,85,99,15,21,86,96,102,96,17,19,5,12,65,98,89,81,30,23,76,81,100,81,51,26,15,55,62,57,45,36,18,13,34,55,46,20,37,33,21,95,99,119,83,95,25,16,84,75,106,77,87,23,9,88,86,89,83,75,27,12,86,93,85,97,73,18,15,75,99,84,94,80,33,21,14,55,92,94,78,22,14,71,82,84,98,65,29,19,77,88,94,86,88,35,17,65,88,77,77,9,29,12,63,64,79,86,74,22,11,31,29,30,43,39,20,12,29,54,46,33,38,14,12,66,80,93,89,90,18,17,89,83,89,80,79,20,15,92,103,90,107,80,17,15,84,80,85,88,97,18,13,67,77,74,88,89,19,16,72,62,91,100,75,17,21,75,69,86,104,86,19,14,80,91,91,92,98,25,17,92,82,89,74,74,17,27,91,87,101,106,83,24,13,38,47,47,32,52,27,10,35,62,46,57,44,11,13,89,88,103,82,94,30,25,74,106,93,98,76,17,18,13,91,78,96,81,17,11,65,72,76,84,69,27,9,57,103,73,84,39,40,10,76,92,71,83,71,28,17,75,75,83,82,66,14,17,71,85,101,82,80,19,17,71,89,80,78,56,15,16,41,55,47,50,48,22,23,30,24,1,16,27,21,16,23,35
Pukekohe Northwest Loop,South,392,15,27,41,44,36,31,20,41,66,79,61,56,37,20,67,105,82,78,68,35,24,62,61,74,66,86,40,19,33,72,89,81,100,42,39,77,54,103,130,110,37,25,132,135,126,82,92,56,35,116,168,138,124,147,72,40,141,125,127,144,124,51,31,120,128,136,127,138,57,,127,143,132,159,98,75,38,130,140,151,135,115,44,53,154,147,141,167,58,71,32,34,67,165,158,125,76,30,163,158,180,164,99,55,43,89,128,108,113,93,41,33,90,126,112,56,74,62,39,166,164,152,184,145,62,36,174,195,181,172,144,68,43,154,162,136,139,119,68,44,155,159,186,153,124,68,35,138,154,135,151,147,67,43,63,141,170,154,162,68,24,128,164,158,146,132,86,34,166,166,177,177,166,96,36,154,178,166,176,61,59,39,117,174,178,180,146,52,43,121,101,138,104,89,43,39,84,124,97,102,78,45,38,150,168,191,143,146,61,44,139,138,156,136,143,68,39,143,155,167,145,137,65,40,118,175,156,150,157,51,48,117,157,173,180,117,57,44,151,139,174,154,167,57,71,136,167,184,164,163,55,33,148,158,169,142,150,61,46,147,150,143,136,113,64,35,142,158,175,165,160,90,40,116,111,113,94,109,42,55,99,91,103,107,87,54,32,169,174,163,157,139,58,35,121,191,157,147,126,81,47,38,129,147,149,126,58,39,123,140,150,147,145,77,47,152,153,148,134,75,64,31,126,138,138,124,133,55,40,115,121,122,136,124,40,33,122,139,153,154,117,55,49,114,127,111,101,93,61,49,80,118,97,118,77,58,33,61,91,27,47,55,69,40,49,61
Pukekohe South Loop,South,393,6,24,41,55,56,33,9,54,50,49,42,36,32,16,38,70,65,59,36,41,18,38,55,47,61,61,26,22,28,72,58,60,57,19,19,43,21,48,46,62,36,16,37,61,58,41,51,42,11,54,63,53,50,51,50,24,47,86,65,66,60,43,20,44,52,56,66,59,38,16,44,36,44,56,40,36,18,56,51,59,55,53,35,18,64,70,44,73,16,32,11,24,51,53,54,45,42,16,43,59,50,35,39,36,14,41,47,56,49,40,27,15,54,62,58,43,42,32,22,32,58,50,44,41,26,17,45,49,40,31,29,35,19,27,51,39,43,40,46,13,32,43,42,49,35,33,8,39,47,35,28,35,37,9,14,41,45,38,43,32,13,24,46,37,48,23,34,17,27,52,35,35,52,32,15,30,45,37,35,26,30,15,31,46,39,55,30,24,30,46,45,34,41,34,21,14,29,43,33,60,41,14,15,32,49,48,43,46,24,16,46,33,50,31,42,23,7,43,36,52,38,50,46,19,39,53,42,39,43,21,13,30,52,43,32,43,14,7,53,38,46,33,46,28,14,34,41,59,45,47,23,21,39,43,41,47,25,35,21,35,37,63,36,40,29,24,38,48,40,40,42,24,2,36,44,37,36,39,19,7,33,49,47,47,33,17,11,37,40,45,46,34,37,12,46,54,46,55,42,27,14,15,44,39,42,34,24,18,38,39,39,45,31,36,15,31,34,34,55,31,18,10,32,62,40,54,41,26,13,34,59,47,49,40,22,25,34,37,67,41,24,29,8,44,37,57,48,28,39,19,41,46,43,46,43,22,22,29,39,3,20,21,24,25,22,26
Pukekohe to Papakura Station via Wesley College and Paerata Heights,South,394,144,180,316,307,318,237,189,341,446,428,444,365,246,195,473,603,626,604,557,283,246,615,640,681,729,598,335,167,238,646,736,794,702,258,206,559,248,745,737,728,280,213,801,795,825,775,779,308,247,786,841,941,810,819,305,220,872,999,"1,006","1,044",857,411,251,819,902,965,907,861,407,275,879,930,"1,006",933,844,335,272,947,949,"1,006",993,887,342,263,919,949,990,947,155,298,183,211,733,949,926,872,332,250,853,855,947,876,715,311,249,679,698,746,735,655,251,249,617,766,785,294,558,316,296,907,962,907,800,821,366,247,888,904,"1,000",900,757,427,220,821,888,844,784,821,372,226,816,810,868,851,918,343,252,848,861,817,774,718,353,192,232,781,902,835,745,382,223,791,764,898,817,658,402,289,723,747,757,772,779,366,291,732,820,827,830,247,343,192,693,722,855,734,732,342,252,576,607,689,714,635,331,289,560,696,661,795,576,243,254,768,918,905,857,821,334,236,785,790,939,861,827,390,215,809,902,"1,014",960,817,384,231,803,931,972,909,867,333,263,744,853,903,878,833,304,291,844,796,968,846,788,298,264,763,802,901,898,836,321,331,843,849,924,871,856,313,295,838,815,"1,006",831,731,395,273,860,818,939,848,761,369,230,677,776,758,689,712,364,272,640,788,757,820,695,326,235,839,890,938,892,822,390,297,816,905,956,824,724,304,236,236,800,824,807,738,352,276,764,832,857,886,820,392,275,773,879,846,841,657,370,255,733,813,904,771,800,338,328,767,805,840,751,727,281,245,702,810,763,815,706,398,278,631,639,723,652,690,380,225,481,669,574,596,566,276,243,383,360,92,209,266,249,214,239,272
Papakura to Waiuku,South,395,,,7,3,2,,,6,4,7,9,5,,,7,21,18,17,24,,,15,15,26,23,10,,,,22,23,23,17,,,18,,28,23,18,,,13,19,21,27,8,,,26,19,18,13,16,,,29,24,25,27,27,,,21,27,25,21,22,,,32,26,24,27,18,,,28,29,29,21,19,,,19,25,21,14,,,,,19,28,25,18,,,30,33,28,12,11,,,17,20,22,16,13,,,27,37,24,,15,,,22,24,32,18,18,,,25,27,25,18,19,,,22,34,33,25,15,,,27,31,29,21,23,,,22,29,16,16,15,,,,25,32,25,15,,,28,35,24,16,13,,,21,29,20,25,16,,,31,20,27,21,,,,19,27,23,14,12,,,9,25,19,15,9,,,11,12,26,19,12,,,21,25,21,19,16,,,16,29,16,19,18,,,21,24,21,18,15,,,26,27,25,15,23,,,25,25,31,17,11,,,25,29,19,17,17,,,30,30,33,27,25,,,29,32,25,29,30,,,29,31,31,35,25,,,28,31,30,25,14,,,22,28,30,28,16,,,17,22,24,15,17,,,18,29,27,19,27,,,34,31,21,20,18,,,,36,29,22,17,,,24,32,21,27,19,,,26,28,22,24,20,,,24,18,27,26,13,,,18,20,31,12,17,,,22,16,26,22,18,,,26,30,27,13,17,,,25,26,20,11,11,,,8,11,,,5,,,,
Pukekohe to Waiuku via Patumahoe,South,396,9,15,37,50,29,18,21,25,51,34,40,30,26,12,21,39,54,45,42,22,18,36,39,54,53,47,29,17,24,50,66,56,55,13,12,32,31,67,63,47,26,22,32,56,70,52,62,26,21,50,43,57,54,48,21,11,42,43,71,54,60,23,16,48,47,63,45,60,34,22,49,42,69,54,44,32,23,61,55,63,62,32,35,20,60,60,60,54,22,23,14,12,47,59,54,48,46,26,67,61,56,65,36,33,19,41,50,54,64,43,18,24,36,45,61,24,31,26,29,54,81,69,66,60,42,29,44,49,68,55,59,29,25,48,60,58,43,26,45,24,35,65,63,43,54,29,28,36,55,39,52,55,33,15,18,48,60,41,48,34,11,39,47,44,34,35,29,29,35,50,59,48,48,27,14,50,50,71,56,24,31,23,42,42,57,58,53,19,28,43,40,39,36,54,27,16,48,44,41,51,21,22,27,58,54,57,55,54,25,12,58,62,64,40,51,37,14,40,52,61,41,55,26,15,50,58,69,56,48,28,24,46,69,48,41,49,29,17,46,51,69,50,32,28,20,40,53,46,31,48,25,18,38,59,59,56,46,41,22,47,63,52,55,46,22,21,53,49,74,52,36,29,9,38,37,40,37,25,28,13,35,54,48,59,33,18,16,42,47,47,46,36,39,22,45,42,61,40,49,21,18,14,54,42,34,29,16,12,41,29,32,49,35,18,15,39,46,51,33,33,37,13,39,48,37,44,35,18,7,38,53,44,37,56,9,13,52,61,31,47,48,19,22,19,38,38,25,42,17,13,36,32,29,46,25,26,14,17,24,2,20,24,10,9,14,18
Pukekohe to Port Waikato via Tuakau,South,399,,,,,,,,,,,2,,,,,,,13,,,,,,,18,,,,,,,11,,,,,,,5,,,,,,,7,,,,,,,4,,,,,,,8,,,,,,,6,,,,,,,9,,,,,,,8,,,,,,,5,,,,,,,8,,,,,,,12,,,,,,,12,,,,,,,,,,,,,,5,,,,,,,9,,,,,,,7,,,,,,,6,,,,,,,8,,,,,,,10,,,,,,,6,,,,,,,9,,,,,,,15,,,,,,,9,,,,,,,10,,,,,,,24,,,,,,,7,,,,,,,2,,,,,,,10,,,,,,,7,,,,,,,14,,,,,,,8,,,,,,,12,,,,,,,8,,,,,,,12,,,,,,,15,,,,,,,23,,,,,,,29,,,,,,,3,,,,,,,3,,,,,,,10,,,,,,,18,,,,,,,9,,,,,,,10,,,,,,,11,,,,,,,34,,,,,,,6,,,,,,,11,,,,,,,,,,,,
Kennedy Point to Matiatia via Surfdale and Oneroa,Waiheke,501,290,328,359,383,321,208,294,293,337,325,292,352,281,273,215,220,277,321,209,282,213,250,193,229,270,320,242,183,270,183,275,229,205,178,287,291,286,274,255,237,231,307,241,209,365,234,308,300,310,226,266,278,282,246,282,235,151,168,198,253,369,268,152,129,151,189,253,283,258,322,184,185,192,238,196,242,243,192,211,213,241,201,190,204,176,188,173,168,236,246,398,313,225,178,158,179,180,237,198,176,242,155,115,181,216,223,223,183,238,221,167,228,219,259,265,241,169,249,217,148,149,181,131,164,209,190,132,100,121,143,141,210,190,109,123,93,92,143,175,179,103,118,162,117,142,174,133,100,135,71,109,183,217,246,259,110,140,137,145,175,100,136,131,100,104,85,213,148,108,134,83,125,157,208,96,95,77,90,131,238,224,207,106,94,138,125,157,154,141,175,149,171,131,151,190,223,84,104,96,151,129,49,86,103,115,94,110,146,278,159,85,78,88,117,121,197,191,117,108,96,131,124,214,182,119,131,146,122,145,135,79,109,112,120,170,159,169,188,151,119,125,118,211,122,223,144,118,124,154,138,182,221,140,153,116,148,168,155,160,89,73,123,87,114,212,169,175,123,127,170,96,222,125,223,165,135,133,212,157,201,147,227,102,200,168,200,177,137,113,137,172,155,182,217,170,136,122,183,203,113,236,157,195,105,139,162,166,181,154,168,178,186,185,203,173,211,219,166,164,148,169,223,239,168,106,153,162,205,128,161,144,166,219,172,116,113,143,104,144,146,190,220,152,138,152,173,97,150,137,166,113,190,246,212,162,120,171,156,141,120,116,169,238,190,206,214
"?miha (Rocky Bay) to Matiatia via Ostend, Palm Beach, and Oneroa",Waiheke,502,"1,182","1,266","1,298","1,316","1,075",952,"1,056","1,073","1,231","1,192","1,160","1,223","1,545","1,071",685,903,850,930,"1,004","1,141","1,049",867,788,885,"1,045","1,197","1,136",725,881,993,907,895,805,861,"1,033","1,174","1,243",839,808,886,"1,073","1,022",893,800,920,"1,062","1,089","1,473","1,052",952,902,846,843,905,"1,461",704,533,661,859,817,936,"1,312",674,532,631,809,663,870,"1,125","1,010",748,657,726,832,678,989,838,722,694,728,794,805,633,836,745,697,653,812,844,"1,316","1,155",814,783,664,630,789,812,633,687,635,578,461,568,867,786,763,774,700,736,726,468,514,621,775,805,735,942,969,783,628,534,552,502,612,777,603,489,574,535,628,528,721,751,502,504,419,426,566,619,560,488,465,549,574,580,591,396,466,446,358,402,733,828,735,678,529,457,475,558,571,406,444,447,496,468,462,604,425,364,435,390,487,576,539,411,456,536,502,700,803,733,531,391,404,443,523,582,479,502,642,546,544,596,708,654,475,315,473,431,548,418,386,369,417,447,428,499,660,739,574,350,366,419,458,529,624,418,439,496,494,426,636,514,503,378,508,513,501,566,378,329,385,484,478,506,592,464,541,466,450,466,419,617,494,634,620,449,477,619,626,679,558,456,493,459,447,581,486,538,423,367,467,457,482,861,676,495,495,515,503,506,673,503,813,670,541,548,787,573,514,484,841,600,726,654,692,426,444,482,522,598,622,777,637,545,604,493,666,794,676,986,708,604,509,638,819,738,732,623,625,612,627,821,904,712,669,809,645,592,491,981,753,746,796,628,633,682,622,734,664,532,661,689,733,506,517,664,676,696,648,797,980,621,574,556,638,511,921,"1,094",701,474,841,880,898,806,510,597,666,555,404,474,781,"1,029",982,770,769
"Matiatia to Oneroa (summer only, one direction only)",Waiheke,503,65,173,189,142,58,72,163,86,82,126,87,103,177,67,21,57,41,81,54,148,133,42,30,82,32,67,81,64,67,29,77,48,53,63,67,65,169,32,65,67,136,82,27,34,44,14,64,139,118,55,45,97,45,76,149,33,18,24,64,38,47,50,36,43,4,49,56,39,83,90,81,30,39,55,33,85,51,32,45,34,56,65,55,59,40,44,20,34,93,225,118,99,29,13,20,50,40,81,55,12,44,9,20,40,,,,,,,,,,,,,,,,,,,,,,,,,,,,,,,,,,,,,,,,,,,,,,,,,,,,,,,,,,,,,,,,,,,,,,,,,,,,,,,,,,,,,,,,,,,,,,,,,,,,,,,,,,,,,,,,,,,,,,,,,,,,,,,,,,,,,,,,,,,,,,,,,,,,,,,,,,,,,,,,,,,,,,,,,,,,,,,,,,,,,,,,,,,,,,,,,,,48,54,65,33,20,8,34,25,40,25,68,40,16,21,78,66,27,8,74,39,32,25,86,106,41,44,48,,41,57,45,9,17,49,40,52,48,9,13,37,57,15,43,46,37,20,13,15,22,37,97,27,30,49,76,80,54,15,62,42,30,21,25,60,61,79,63,49
"Onetangi (Seventh Ave) to Matiatia via Ostend, Surfdale, and Oneroa",Waiheke,50A,"1,389","1,625","1,590","1,559","1,252","1,373","1,550","1,195","1,378","1,256","1,291","1,437","2,006","1,517",828,"1,055","1,021","1,014","1,207","1,605","1,227","1,041",765,"1,169","1,260","1,354","1,426","1,015","1,182",949,"1,119","1,137","1,109","1,240","1,594","1,329","1,486","1,197","1,116","1,126","1,331","1,270","1,009","1,075","1,216","1,172","1,219","1,780","1,331","1,283","1,145","1,156","1,260","1,293","1,901",860,769,969,"1,099","1,100","1,215","1,942",865,772,975,"1,093",942,"1,106","1,920","1,262","1,113",861,930,"1,036",848,"1,471","1,096",829,"1,018",999,978,894,955,"1,038",905,856,846,866,983,"1,909","1,588","1,092",852,802,937,959,"1,193","1,030",828,779,699,514,680,"1,038",806,777,827,846,945,851,556,633,672,857,"1,055",875,892,"1,074",753,682,659,651,600,681,959,633,512,591,709,679,645,837,715,608,565,478,505,780,825,716,526,413,628,644,721,796,488,464,483,373,470,803,"1,034","1,028",566,519,552,600,677,785,422,465,495,548,426,444,785,485,522,502,553,536,657,656,460,445,479,522,821,895,956,653,466,506,547,504,550,686,629,734,660,732,709,853,946,599,379,591,466,642,564,589,340,427,528,539,542,718,796,610,444,484,480,460,603,843,418,503,485,572,463,604,793,652,480,517,556,573,600,455,376,417,480,568,581,648,545,581,473,405,523,492,743,532,668,642,429,559,582,588,784,616,503,542,582,594,665,572,594,461,364,572,554,503,"1,048",739,574,627,647,602,637,948,581,746,677,566,703,838,800,614,637,878,673,947,784,974,424,536,580,676,696,754,963,594,692,635,691,739,818,783,"1,216",656,676,614,793,904,961,817,746,726,693,817,928,"1,600",919,792,"1,095",845,876,645,"1,693",939,927,900,737,764,886,933,875,643,657,795,788,753,695,621,702,763,823,718,874,"1,051",747,563,622,693,561,964,"1,156",786,624,913,786,905,924,649,755,828,732,294,499,823,"1,091","1,112",941,"1,003"
"Onetangi (Fourth Ave) to Matiatia via Ostend, Surfdale, and Oneroa",Waiheke,50B,771,"1,199","1,273","1,290","1,114","1,138","1,236",840,965,"1,086",901,954,"1,305","1,022",532,585,720,791,923,"1,153","1,019",756,653,798,746,"1,036",997,739,817,636,755,689,706,787,"1,204",819,"1,139",730,752,806,928,969,784,738,864,873,934,"1,535","1,039",807,729,703,883,835,"1,548",644,490,543,807,805,861,"1,299",574,412,486,686,705,883,"1,340",968,683,498,620,728,620,"1,205",823,576,508,643,690,685,776,814,570,589,527,674,644,"1,565","1,144",713,602,651,607,603,873,827,621,552,461,360,408,749,678,605,548,593,596,642,382,578,521,569,724,714,659,937,653,396,408,520,363,366,879,537,368,397,457,425,506,805,515,378,368,332,280,448,579,498,298,288,414,414,347,504,328,300,293,253,285,463,782,717,485,349,346,359,440,574,254,270,323,410,290,227,530,402,352,334,335,343,427,609,312,298,265,358,446,913,805,503,264,286,419,466,457,456,429,492,498,421,438,643,695,476,169,311,262,515,349,325,228,268,313,322,395,459,590,533,243,240,281,331,415,655,380,313,294,399,261,444,722,445,321,310,434,336,397,312,246,285,356,365,394,490,375,554,360,251,347,269,455,376,570,428,318,362,453,440,555,547,361,355,381,356,440,481,489,351,250,488,366,350,820,541,338,404,481,465,367,838,491,532,463,392,387,703,709,533,384,696,358,569,564,833,384,384,394,466,545,482,709,518,408,423,486,513,605,646,988,603,419,376,566,530,746,704,525,556,628,564,664,"1,209",758,521,702,609,539,493,"1,181",735,601,624,494,560,546,755,707,486,384,526,589,542,476,460,547,504,560,563,583,910,693,390,472,547,462,730,989,510,276,592,770,737,557,481,731,616,532,308,397,609,813,836,819,684
Newmarket to Kingsland via Mt Eden (From 17th Nov 24 - St Lukes To Newmarket via Kingsland and Maungawhau),Central,64,363,389,570,580,589,480,455,741,788,786,787,827,549,555,918,946,"1,030",952,854,587,585,852,"1,031","1,021","1,059",943,558,479,543,941,"1,077","1,147",963,603,603,927,573,"1,124","1,163","1,024",630,619,"1,005","1,099","1,172","1,152","1,064",730,587,"1,056","1,024","1,091","1,172","1,079",712,485,980,"1,155","1,115","1,160","1,130",737,503,951,"1,168","1,157","1,128","1,104",747,636,"1,089","1,088","1,165","1,156","1,080",786,708,"1,121","1,138","1,210","1,043","1,104",631,629,"1,066","1,212","1,167","1,144",358,643,407,554,935,"1,191","1,191","1,067",722,674,"1,104","1,116","1,149","1,117",975,748,649,940,"1,053",990,"1,045",994,463,552,923,"1,044","1,039",586,898,740,529,"1,087","1,159","1,230","1,190","1,114",704,632,"1,066","1,180","1,167","1,244","1,040",678,557,"1,059","1,143","1,180","1,004",986,867,710,"1,000","1,153","1,218","1,093","1,050",741,588,952,"1,005","1,019","1,088","1,031",856,551,484,"1,065","1,123","1,109","1,040",706,483,"1,031","1,143","1,076","1,087",976,783,616,"1,008","1,146","1,189","1,096","1,066",646,495,"1,024","1,157","1,066","1,186",630,705,549,"1,006","1,056","1,158","1,196",972,644,578,887,"1,034","1,009",986,934,667,545,657,852,865,"1,023",839,731,571,"1,136","1,157","1,232","1,168","1,037",733,666,"1,039","1,131","1,186","1,189","1,117",718,657,"1,052","1,150","1,172","1,186","1,156",821,635,"1,065","1,128","1,139","1,179","1,127",590,550,"1,022","1,144","1,094","1,189","1,125",650,624,"1,118","1,085","1,145","1,097","1,178",604,706,"1,144","1,149","1,203","1,187","1,139",772,600,"1,103","1,104","1,136","1,199","1,100",714,627,"1,092","1,017","1,128","1,104","1,011",809,732,"1,113","1,113","1,179","1,161","1,084",753,721,857,"1,040",919,996,937,387,578,853,972,"1,004",982,921,705,526,"1,030","1,117","1,101","1,241","1,102",803,608,"1,092","1,125","1,217","1,211","1,099",674,602,637,"1,244","1,135","1,194","1,094",705,612,"1,073","1,203","1,217","1,274","1,129",749,648,"1,171","1,256","1,245","1,228",939,838,"1,257","1,963","2,089","2,079","2,081","1,948","1,395","1,305","1,961","2,025","1,989","2,066","2,258","1,410","1,314","2,035","2,226","2,164","2,079","1,980","1,412","1,202","1,836","2,054","2,065","1,827","2,003","1,747","1,237","1,621","1,884","2,107","2,015","1,884","1,369","1,214","1,371","1,322",305,"1,249","1,316","1,210","1,066","1,272","1,218"
"Pt Chevalier to Glen Innes via St Lukes, Balmoral Rd, and Greenlane",Central,65,,,,,,,,,,,,,,,,,,,,,,,,,,,,,,,,,,,,,,,,,,,,,,,,,,,,,,,,,,,,,,,,,,,,,,,,,,,,,,,,,,,,,,,,,,,,,,,,,,,,,,,,,,,,,,,,,,,,,,,,,,,,,,,,,,,,,,,,,,,,,,,,,,,,,,,,,,,,,,,,,,,,,,,,,,,,,,,,,,,,,,,,,,,,,,,,,,,,,,,,,,,,,,,,,,,,,,,,,,,,,,,,,,,,,,,,,,,,,,,,,,,,,,,,,,,,,,,,,,,,,,,,,,,,,,,,,,,,,,,,,,,,,,,,,,,,,,,,,,,,,,,,,,,,,,,,,,,,,,,,,,"1,429","2,282","2,310","2,229","2,174","2,238","1,381","1,409","2,237","2,312","2,301","2,321","2,305","1,308","1,407","2,177","2,281","2,378","2,261","2,225","1,550","1,240","2,021","1,721","2,193","1,962","2,151","1,523","1,475","1,531","2,254","2,144","2,077","1,975","1,323","1,386","1,411","1,395",459,"1,031","1,236","1,144",990,"1,179","1,266"
Glen Innes to Pt Chevalier Shops via Greenlane Clinical Centre and St Lukes,Central,650,383,455,691,616,654,528,536,956,"1,024","1,042","1,042","1,005",639,631,"1,094","1,164","1,218","1,289","1,010",641,604,"1,102","1,119","1,224","1,197","1,081",628,514,588,"1,310","1,480","1,334","1,404","1,512",556,"1,291",622,"1,505","1,636","1,513",732,726,"1,609","1,585","1,722","1,620","1,461",802,726,"1,573","1,593","1,661","1,601","1,512",885,537,"1,507","1,603","1,745","1,686","1,501",900,593,"1,448","1,507","1,708","1,627","1,490","1,277","1,014","1,574","1,436","1,568","1,505","1,440",854,768,"1,575","1,521","1,664","1,500","1,593",697,667,"1,580","1,578","1,740","1,637",563,"1,132",738,882,"1,310","1,620","1,564","1,586",824,674,"1,587","1,569","1,609","1,364","1,220",896,806,"1,395","1,370","1,357","1,361","1,277",521,583,"1,321","1,413","1,411",572,"1,256",924,787,"1,592","1,593","1,565","1,493","1,462",843,771,"1,404","1,540","1,659","1,508","1,359",804,728,"1,550","1,532","1,417","1,279","1,341",775,736,"1,399","1,284","1,686","1,471","1,452",643,621,"1,414","1,411","1,290","1,451","1,263",862,773,612,"1,490","1,575","1,584","1,365",999,585,"1,391","1,499","1,513","1,351","1,188","1,077","1,035","1,439","1,477","1,550","1,550","1,459",712,628,"1,281","1,346","1,533","1,445",675,727,601,"1,373","1,399","1,598","1,473","1,291",667,644,"1,163","1,171","1,300","1,227","1,135",760,631,786,"1,261","1,023","1,289","1,067",647,555,"1,430","1,474","1,523","1,568","1,617",906,816,"1,409","1,387","1,491","1,494","1,511",796,731,"1,457","1,521","1,560","1,408","1,469",857,689,"1,400","1,521","1,554","1,457","1,425",632,533,"1,356","1,381","1,485","1,507","1,543",679,790,"1,517","1,462","1,583","1,451","1,388",595,712,"1,416","1,444","1,582","1,613","1,597",785,728,"1,445","1,607","1,510","1,532","1,516",907,841,"1,343","1,324","1,406","1,382","1,194",993,831,"1,422","1,484","1,604","1,479","1,269","1,055",715,"1,207","1,242","1,168","1,149","1,264",524,570,987,"1,249","1,122","1,187","1,180",748,590,"1,380","1,473","1,487","1,530","1,477",768,715,"1,426","1,547","1,619","1,556","1,401","1,225","1,070",791,"1,317","1,526","1,442","1,455",769,768,"1,419","1,475","1,496","1,428","1,427",800,737,"1,481","1,497","1,538","1,401","1,167",877,,,,,,,,,,,,,,,,,,,,,,,,,,,,,,,,,,,,,,,,,,,,,
Sylvia Park to Pt Chevalier Beach via Royal Oak and Mt Albert,Central,66,"1,112","1,277","1,845","1,884","1,919","1,465","1,422","2,111","2,304","2,407","2,339","2,370","1,740","1,561","2,120","2,501","2,594","2,601","2,361","1,911","1,545","2,347","2,581","2,611","2,696","2,634","1,681","1,270","1,567","2,420","2,942","3,011","2,740","1,736","1,758","2,732","1,893","3,295","3,389","3,143","1,823","1,631","3,214","3,302","3,410","3,497","3,250","1,929","3,268","3,096","3,252","3,479","3,431","3,335","2,118","1,305","3,069","3,562","3,769","3,599","3,430","2,175","1,293","2,954","3,566","3,736","3,551","3,671","2,152","1,779","3,362","3,403","3,649","3,500","3,009","2,234","1,598","3,262","3,514","3,735","3,695","3,229","1,817","1,467","3,324","3,644","3,655","3,429",895,"1,930","1,275","1,604","2,668","3,565","3,546","3,298","1,954","1,456","3,371","3,447","3,434","3,118","2,584","1,940","1,632","2,566","2,684","2,612","2,588","2,522","1,182","1,348","2,360","2,769","2,762","1,531","2,430","1,980","1,555","3,210","3,396","3,359","3,124","2,881","1,861","1,476","2,872","3,193","3,339","3,311","2,807","1,956","1,363","2,831","3,052","3,058","2,752","2,680","1,962","1,466","2,786","2,851","3,255","3,223","2,813","1,720","1,487","2,804","3,003","2,525","3,029","2,549","1,823","1,398","1,411","3,094","3,110","3,119","2,926","1,790","1,175","2,685","2,899","3,092","2,915","2,464","1,990","1,453","2,717","2,967","2,907","2,937","2,691","1,858","1,362","2,608","2,800","3,014","2,911","1,637","1,766","1,467","2,433","2,672","2,872","2,692","2,602","1,492","1,350","2,142","2,314","2,355","2,382","2,377","1,710","1,274","1,510","2,399","2,101","2,553","2,041","1,516","1,169","2,783","3,162","3,047","3,146","2,912","1,760","1,405","2,791","3,037","3,117","3,081","3,039","1,854","1,392","2,898","3,170","3,101","2,953","2,928","1,943","1,668","2,727","3,160","3,127","3,052","2,923","1,477","1,309","2,595","3,144","3,090","3,136","2,925","1,736","1,526","2,835","2,934","3,112","2,949","3,001","1,467","1,618","2,835","2,916","3,091","3,091","2,966","1,871","1,575","2,772","3,043","3,237","3,176","2,864","1,596","1,517","2,891","2,734","3,136","3,114","2,387","1,932","1,455","2,976","3,079","3,011","2,987","2,705","2,044","1,388","2,220","2,634","2,182","2,355","2,391","1,574","1,387","2,019","2,681","2,321","2,586","2,296","1,791","1,285","2,744","2,942","3,210","3,156","2,846","2,240","1,419","2,678","3,040","3,114","3,198","3,007","1,607","1,854","1,211","2,984","2,982","3,107","2,824","1,913","1,427","2,686","3,080","2,920","2,940","3,029","2,064","1,540","2,679","3,201","3,053","2,924","2,153","2,034","1,585","2,736","2,988","2,868","2,872","2,895","1,781","1,592","2,600","2,822","2,831","2,767","2,931","1,940","1,398","2,575","2,874","2,852","2,826","2,583","1,972","1,356","2,216","2,284","2,567","2,336","2,578","1,750","1,407","1,896","2,752","2,517","2,601","2,407","1,861","1,343","1,745","1,701",514,"1,546","1,573","1,411","1,187","1,525","1,635"
?t?huhu to New Lynn via Onehunga and Avondale,Central,670,519,713,"1,009","1,063",988,848,972,"1,346","1,403","1,396","1,417","1,319",825,861,"1,263","1,456","1,386","1,587","1,375","1,043",896,"1,274","1,258","1,381","1,477","1,376",851,734,676,"1,444","1,536","1,661","1,558",797,829,"1,301",692,"1,805","1,837","1,705",904,821,"1,762","1,920","1,863","1,932","1,657",870,881,"1,826","1,858","1,881","1,990","1,747","1,016",769,"1,703","1,867","1,859","1,934","1,725",926,642,"1,575","1,806","1,777","1,895","1,746",894,"1,089","1,816","1,771","1,936","1,814","1,540",995,948,"1,785","1,824","1,862","1,974","1,698",751,900,"1,714","1,806","1,880","1,747",535,950,813,688,"1,462","1,845","1,920","1,741",936,968,"1,759","1,849","1,837","1,618","1,506","1,009",985,"1,297","1,384","1,417","1,396","1,329",677,807,"1,319","1,535","1,394",719,"1,308","1,010","1,043","1,671","1,834","1,847","1,658","1,608","1,005",895,"1,673","1,782","1,787","1,855","1,471",861,797,"1,595","1,801","1,591","1,380","1,481","1,077",944,"1,363","1,686","1,701","1,847","1,476",824,850,"1,547","1,707","1,465","1,629","1,427",923,843,684,"1,713","1,695","1,748","1,734",907,592,"1,564","1,675","1,708","1,642","1,363","1,014",932,"1,568","1,704","1,823","1,657","1,587",906,806,"1,578","1,655","1,683","1,787",867,"1,025",937,"1,420","1,593","1,701","1,810","1,612",831,698,"1,237","1,221","1,344","1,323","1,259",786,744,909,"1,287","1,194","1,429","1,125",929,814,"1,528","1,564","1,611","1,559","1,724",894,941,"1,452","1,617","1,696","1,537","1,608","1,009",921,"1,628","1,715","1,739","1,713","1,671","1,021",764,"1,547","1,692","1,718","1,725","1,584",651,658,"1,503","1,671","1,679","1,691","1,577",830,867,"1,597","1,542","1,765","1,703","1,604",716,828,"1,531","1,752","1,835","1,723","1,657",879,916,"1,578","1,715","1,765","1,704","1,613",828,945,"1,492","1,425","1,665","1,738","1,419",980,873,"1,594","1,797","1,697","1,700","1,526","1,089",889,"1,298","1,305","1,289","1,321","1,306",596,889,"1,091","1,411","1,294","1,453","1,207","1,016",847,"1,660","1,645","1,707","1,700","1,610","1,093",868,"1,573","1,700","1,764","1,785","1,588",947,"1,099",669,"1,555","1,641","1,711","1,592",899,873,"1,468","1,688","1,676","1,746","1,661",882,898,"1,487","1,656","1,563","1,663","1,183",868,,,,,,,,,,,,,,,,,,,,,,,,,,,,,,,,,,,,,,,,,,,,,
"New Lynn to ?t?huhu via Avondale, Stoddard Rd, and Onehunga",Central,67A,,,,,,,,,,,,,,,,,,,,,,,,,,,,,,,,,,,,,,,,,,,,,,,,,,,,,,,,,,,,,,,,,,,,,,,,,,,,,,,,,,,,,,,,,,,,,,,,,,,,,,,,,,,,,,,,,,,,,,,,,,,,,,,,,,,,,,,,,,,,,,,,,,,,,,,,,,,,,,,,,,,,,,,,,,,,,,,,,,,,,,,,,,,,,,,,,,,,,,,,,,,,,,,,,,,,,,,,,,,,,,,,,,,,,,,,,,,,,,,,,,,,,,,,,,,,,,,,,,,,,,,,,,,,,,,,,,,,,,,,,,,,,,,,,,,,,,,,,,,,,,,,,,,,,,,,,,,,,,,,,,563,"1,301","1,502","1,484","1,568","1,399",596,594,"1,347","1,436","1,428","1,505","1,427",735,666,"1,317","1,372","1,497","1,400","1,322",864,611,"1,244","1,332","1,390","1,186","1,245",634,655,"1,023","1,247","1,333","1,205","1,104",686,655,903,978,201,580,723,564,630,680,723
New Lynn to Onehunga via Avondale and Stoddard Rd,Central,67B,,,,,,,,,,,,,,,,,,,,,,,,,,,,,,,,,,,,,,,,,,,,,,,,,,,,,,,,,,,,,,,,,,,,,,,,,,,,,,,,,,,,,,,,,,,,,,,,,,,,,,,,,,,,,,,,,,,,,,,,,,,,,,,,,,,,,,,,,,,,,,,,,,,,,,,,,,,,,,,,,,,,,,,,,,,,,,,,,,,,,,,,,,,,,,,,,,,,,,,,,,,,,,,,,,,,,,,,,,,,,,,,,,,,,,,,,,,,,,,,,,,,,,,,,,,,,,,,,,,,,,,,,,,,,,,,,,,,,,,,,,,,,,,,,,,,,,,,,,,,,,,,,,,,,,,,,,,,,,,,,,411,281,314,300,257,335,394,424,239,327,314,356,312,354,401,314,350,239,341,381,404,461,232,297,279,273,242,329,385,184,326,275,331,270,329,445,221,249,113,354,384,340,369,389,411
Onehunga to New Lynn via Hillsborough and Blockhouse Bay (From 17th Nov 24 - New Lynn to Onehunga Station via Blockhouse Bay and Hillsborough),Central,68,538,696,"1,010","1,026",954,807,682,"1,043","1,191","1,292","1,142","1,246",907,803,"1,121","1,308","1,325","1,339","1,349",965,720,"1,315","1,304","1,456","1,519","1,393",856,670,872,"1,576","2,195","1,955","2,001",931,771,"1,894",916,"2,116","2,140","1,980",995,822,"2,098","2,140","2,245","2,286","2,155","1,144",898,"2,162","2,167","2,228","2,219","2,122","1,164",802,"1,843","2,138","2,284","2,108","2,228","1,111",668,"1,779","1,986","2,228","2,129","2,266","1,100",951,"2,107","2,038","2,272","2,118","1,945","1,258",885,"2,068","2,078","2,263","2,232","2,155",983,827,"2,092","2,221","2,228","2,431",587,"1,121",659,952,"1,463","2,271","2,300","2,200","1,343",884,"2,103","2,217","2,336","2,033","1,593","1,198",880,"1,390","1,443","1,625","1,424","1,354",778,840,"1,244","1,500","1,493",852,"1,266","1,081",891,"2,053","2,231","2,159","2,079","2,077","1,142",879,"1,936","2,144","2,061","2,242","1,755","1,058",796,"1,927","2,003","1,907","1,832","1,809","1,176",827,"1,832","1,913","1,981","2,026","1,917",970,751,"1,790","1,955","1,817","1,936","1,493","1,150",880,767,"2,029","2,026","1,997","2,006","1,017",694,"1,835","1,932","2,062","2,014","1,775","1,004",863,"1,831","1,902","2,074","2,087","2,079","1,048",726,"1,751","1,944","1,965","2,092",887,934,824,"1,774","1,834","2,042","1,997","1,889","1,004",808,"1,120","1,213","1,384","1,394","1,292",894,755,893,"1,193","1,160","1,411","1,081","1,026",744,"1,867","2,002","2,045","2,094","2,019","1,114",839,"1,928","1,872","2,117","2,055","1,971","1,117",871,"1,953","2,127","2,112","2,117","1,962","1,079",902,"1,874","2,068","2,085","2,115","1,950",779,710,"1,819","2,053","2,253","2,217","1,886","1,025",820,"1,897","1,941","1,853","2,010","2,109",883,916,"1,891","1,982","2,102","2,214","1,878","1,101",829,"1,991","2,065","2,083","2,139","2,047",978,906,"1,843","1,750","2,073","2,123","1,741","1,085",836,"1,934","2,138","2,083","2,207","1,972","1,126",788,"1,388","1,362","1,268","1,393","1,385",669,789,"1,167","1,501","1,341","1,463","1,448",994,901,"1,951","2,019","2,135","2,209","2,075","1,145",873,"1,939","2,157","2,204","2,183","1,892",977,816,685,"1,802","2,008","2,069","1,925","1,040",927,"1,919","2,177","2,077","2,142","1,911","1,092",777,"1,807","2,050","2,058","2,069","1,286","1,051",812,"1,824","2,002","1,950","1,954","1,885","1,008",860,"1,896","1,989","2,022","1,930","1,994",889,776,"1,832","1,953","1,985","1,836","1,731","1,047",853,"1,616","1,738","1,769","1,595","1,687",900,787,"1,092","1,388","1,445","1,326","1,334",965,763,"1,087",972,280,834,864,804,737,852,868
"Botany to Britomart via Pakuranga, Panmure, and Ellerslie",East,70,"4,101","5,089","7,389","7,893","8,092","6,132","5,963","8,853","9,604","9,874","9,613","9,600","6,709","6,024","9,890","11,193","11,372","11,011","10,368","7,333","6,067","9,512","10,479","10,744","10,388","9,812","7,584","6,197","6,474","9,449","10,885","11,094","10,806","7,399","6,822","9,383","5,795","11,751","11,274","10,652","7,164","5,966","10,819","11,370","11,893","11,329","11,019","7,480","6,047","11,134","12,218","12,497","12,633","11,426","7,639","5,639","14,832","15,918","16,491","15,774","14,718","7,851","5,666","14,457","15,653","16,239","15,210","15,025","7,996","6,457","14,269","15,712","16,147","15,258","13,979","8,337","6,465","14,051","15,178","15,418","15,380","14,218","6,735","6,091","13,899","15,019","15,183","14,262","5,235","8,818","5,668","7,019","9,852","12,148","12,204","11,639","7,003","5,712","11,734","12,251","12,338","11,184","9,937","7,021","5,949","12,023","13,009","13,465","13,084","12,887","5,683","5,824","11,531","12,876","13,741","5,765","10,940","8,486","6,641","13,587","14,744","14,701","13,700","13,235","8,494","6,935","12,944","14,092","14,727","14,633","11,919","7,529","6,030","12,618","13,083","13,258","12,294","11,667","8,758","6,778","12,533","12,575","13,726","13,251","12,482","6,605","5,320","11,798","12,886","12,115","12,489","12,625","8,067","6,439","5,987","13,345","12,696","12,519","12,998","7,229","5,035","10,666","11,407","11,254","11,154","10,340","7,315","6,567","10,485","10,988","11,665","10,816","10,608","6,794","5,311","9,431","10,293","10,563","10,185","7,532","7,457","6,101","8,899","9,771","10,638","11,415","9,797","6,144","5,711","8,855","9,539","9,937","9,563","8,978","6,830","5,512","10,947","12,846","12,560","12,962","11,241","7,483","5,764","13,257","14,125","14,603","14,081","13,102","7,370","6,330","12,620","13,426","14,232","14,325","13,216","8,655","6,872","12,787","13,751","14,143","13,705","12,924","8,493","7,162","12,280","13,530","13,722","13,648","12,996","5,693","5,220","11,731","13,177","13,529","12,954","12,586","8,586","5,716","10,244","10,433","11,163","11,446","10,758","5,556","5,552","9,727","10,491","12,929","10,737","10,202","7,805","6,606","11,531","12,543","12,832","12,536","12,738","7,782","6,970","12,306","12,411","13,457","13,157","11,552","7,202","5,756","12,142","13,087","13,482","13,191","12,009","8,763","6,312","11,436","12,413","11,835","11,878","11,572","7,327","6,411","11,009","12,376","12,037","12,630","11,527","6,833","5,366","11,989","12,669","12,999","12,632","11,860","7,068","6,085","10,142","10,907","11,037","11,337","10,771","6,825","6,682","5,607","10,704","11,235","11,155","11,282","6,399","5,484","10,300","10,908","10,757","10,920","10,686","6,702","5,407","9,182","10,602","10,441","9,834","8,307","6,786","5,481","9,283","10,034","10,177","9,782","9,799","6,424","5,454","9,304","9,427","9,827","9,823","9,981","6,688","6,175","8,998","9,685","9,536","9,311","8,840","5,991","4,789","7,942","8,648","8,637","8,079","8,412","6,296","5,074","6,706","8,282","8,286","8,425","7,649","5,247","4,703","5,489","4,896","2,130","4,850","5,620","5,514","4,713","5,607","6,233"
"Britomart to Botany via Ellerslie, Panmure, Pakuranga, and Howick, late night Fri/Sat",East,70H,243,,,,,12,8,,,,,,15,20,,,,,,20,31,,,,,,18,28,,,,,,24,13,,,,,,14,29,,,,,,11,25,,,,,,18,19,,,,,,24,38,,,,,,18,31,,,,,,21,33,,,,,,20,4,,,,,,,11,,,,,,12,25,,,,,,29,32,,,,,,36,26,,,,,,25,31,,,,,,37,47,,,,,,16,21,,,,,,18,35,,,,,,14,18,,,,,,34,20,,,,,,20,17,,,,,,18,31,,,,,,15,16,,,,,,15,15,,,,,,12,15,,,,,,14,22,,,,,,23,23,,,,,,19,22,,,,,,32,26,,,,,,21,20,,,,,,21,30,,,,,,16,27,,,,,,15,14,,,,,,17,22,,,,,,32,21,,,,,,7,23,,,,,,21,11,,,,,,27,24,,,,,,16,27,,,,,,13,19,,,,,,22,20,,,,,,22,20,,,,,,18,24,,,,,,26,34,,,,,,19,34,,,,,,15,15,,,,,,21,27,,,,,,21,18,,,,,,10,13,,,,,,8,12,,
Howick to Panmure via Cascades Road,East,711,97,132,166,195,221,159,132,294,316,334,258,332,174,143,302,328,333,352,390,188,104,357,336,405,403,420,153,153,150,365,451,450,450,177,149,343,177,426,504,432,189,149,449,471,510,501,499,207,175,439,530,506,451,464,237,142,496,564,610,612,578,254,127,500,555,604,554,644,227,180,545,554,601,586,503,259,151,494,559,626,527,598,201,203,478,591,624,516,125,202,133,149,356,519,517,479,211,168,516,565,514,464,411,216,158,456,480,442,423,423,146,145,352,502,452,161,389,226,168,534,540,570,511,546,211,182,486,547,536,489,386,188,153,428,461,471,386,420,181,145,444,418,509,518,429,207,137,472,450,373,473,408,205,143,121,460,495,465,475,212,132,403,466,517,468,405,235,127,424,450,479,506,394,215,161,404,452,484,425,182,198,165,416,446,417,459,429,184,180,352,402,380,410,326,215,151,304,435,420,463,410,151,123,475,521,572,510,496,214,165,447,513,551,528,493,185,129,521,494,564,531,481,192,174,467,506,589,576,482,196,129,498,553,568,584,484,185,149,471,463,526,513,503,162,120,435,453,476,466,427,177,144,477,465,524,480,492,186,160,455,409,477,477,361,232,176,497,547,592,558,439,174,109,410,456,382,421,414,117,136,392,448,415,502,405,203,149,509,498,537,564,436,222,181,471,512,492,516,412,159,149,126,461,497,496,444,188,164,425,462,501,493,449,217,169,412,513,484,404,304,217,153,447,500,501,477,411,187,195,424,495,484,489,478,206,187,431,479,495,434,424,266,166,368,382,430,358,402,226,191,289,441,402,363,343,162,161,232,219,57,116,170,161,141,144,160
Panmure to Bucklands Beach via Casuarina Rd,East,712,301,376,471,476,492,425,318,573,540,543,527,618,412,391,539,684,679,730,701,475,411,696,649,773,824,811,506,391,458,"1,023","1,049","1,048","1,020",470,478,957,482,"1,141","1,090",995,537,454,"1,049","1,131","1,109",992,"1,069",609,485,"1,134","1,054","1,195","1,117","1,077",625,360,"1,232","1,172","1,325","1,255","1,263",669,379,"1,139","1,327","1,349","1,308","1,344",685,486,"1,258","1,271","1,357","1,303","1,224",702,543,"1,290","1,375","1,326","1,408","1,363",528,576,"1,269","1,292","1,292","1,238",366,627,439,532,827,"1,135","1,091","1,201",589,492,"1,082","1,168","1,194","1,028",857,574,486,911,"1,001",955,859,823,314,446,874,906,875,455,799,552,475,"1,205","1,292","1,196","1,169","1,185",559,501,"1,153","1,277","1,179","1,164","1,040",581,482,"1,179","1,141","1,088","1,033","1,059",602,445,"1,098","1,016","1,226","1,140","1,040",578,393,"1,130","1,099",998,"1,047",914,555,407,439,864,"1,121","1,017","1,105",567,359,"1,067","1,055","1,101","1,064",904,577,490,"1,020","1,029","1,022","1,045","1,024",541,396,999,998,"1,059",933,654,519,396,913,991,911,"1,002",971,409,390,686,715,762,661,732,598,439,574,877,782,896,716,404,328,"1,079","1,153","1,123","1,150","1,196",580,488,"1,051","1,074","1,190","1,188","1,175",622,468,"1,158","1,178","1,222","1,173","1,205",575,489,"1,098","1,142","1,247","1,211","1,191",421,378,"1,069","1,103","1,213","1,142","1,179",585,459,"1,003",998,"1,102",997,"1,089",426,466,996,948,"1,125","1,110","1,058",523,475,"1,074","1,188","1,172","1,155","1,153",425,490,"1,092","1,038","1,126","1,178","1,014",557,481,"1,022","1,158","1,188","1,150","1,021",526,427,870,840,820,872,874,281,403,731,985,786,938,762,458,374,"1,096","1,133","1,099","1,139","1,101",502,481,"1,068","1,057","1,125","1,086","1,058",384,414,376,"1,023","1,082","1,204","1,054",511,398,"1,046","1,076","1,026","1,039","1,093",576,476,968,"1,077","1,037",929,713,602,470,"1,049",967,"1,004","1,004","1,104",517,646,945,"1,018","1,028","1,063",955,395,424,"1,020",984,992,"1,017",857,504,419,828,851,917,748,814,485,475,574,774,794,793,749,423,456,519,437,168,337,431,399,372,381,352
Botany to Panmure via Chapel Rd and Howick,East,72C,456,594,799,939,907,681,664,769,869,859,903,921,821,681,901,"1,058",995,"1,091",991,898,671,"1,109",981,"1,242","1,188","1,122",920,630,757,"1,252","1,206","1,494","1,368",846,878,"1,312",842,"1,504","1,532","1,388",975,789,"1,332","1,519","1,464","1,511","1,559","1,001",881,"1,398","1,471","1,620","1,666","1,627","1,108",669,"1,477","1,738","1,831","1,797","1,800","1,107",784,"1,482","1,740","1,633","1,653","1,780","1,226",921,"1,498","1,664","1,755","1,658","1,508","1,075",868,"1,513","1,655","1,785","1,635","1,753",968,763,"1,654","1,758","1,835","1,828",570,"1,122",630,804,"1,275","1,618","1,527","1,544",986,789,"1,502","1,546","1,773","1,469","1,310","1,014",779,"1,289","1,314","1,396","1,452","1,379",630,714,"1,247","1,538","1,457",755,"1,137",962,790,"1,606","1,683","1,666","1,454","1,507","1,098",852,"1,444","1,681","1,543","1,623","1,480","1,062",753,"1,590","1,618","1,440","1,227","1,474","1,041",854,"1,382","1,340","1,557","1,558","1,412",939,639,"1,335","1,398","1,223","1,220","1,488",917,743,705,"1,456","1,499","1,469","1,397",978,566,"1,321","1,409","1,428","1,391","1,232","1,004",746,"1,351","1,476","1,594","1,513","1,390","1,046",766,"1,373","1,486","1,450","1,540","1,026",967,737,"1,275","1,335","1,392","1,471","1,360",841,734,"1,162","1,176","1,288","1,220","1,145",915,710,840,"1,306","1,188","1,259","1,137",792,649,"1,377","1,535","1,520","1,481","1,455","1,049",791,"1,405","1,365","1,629","1,504","1,645","1,275",764,"1,525","1,542","1,568","1,505","1,604","1,095",817,"1,364","1,524","1,534","1,496","1,465",779,648,"1,206","1,566","1,536","1,504","1,547",996,705,"1,438","1,358","1,435","1,418","1,352",751,810,"1,345","1,396","1,338","1,413","1,318",907,755,"1,429","1,541","1,510","1,512","1,505",876,674,"1,392","1,234","1,556","1,455","1,164",956,695,"1,391","1,449","1,602","1,507","1,383",920,706,"1,182","1,139","1,135","1,206","1,147",860,611,"1,161","1,324","1,206","1,233","1,224",871,567,"1,449","1,355","1,540","1,439","1,441",934,754,"1,297","1,526","1,417","1,396","1,369",861,733,633,"1,434","1,401","1,516","1,361",941,729,"1,247","1,402","1,466","1,477","1,451",945,791,"1,176","1,396","1,397","1,351",949,"1,002",756,"1,220","1,345","1,357","1,361","1,297",933,813,"1,349","1,355","1,378","1,367","1,358",850,784,"1,248","1,326","1,410","1,435","1,263",983,822,"1,143","1,295","1,318","1,083","1,154",950,711,849,"1,211","1,314","1,231","1,085",889,777,831,706,246,659,796,747,634,785,797
"Botany to Panmure via Millhouse Dr, Meadowland Dr, and Howick",East,72M,445,643,919,845,818,689,664,763,705,722,703,707,703,677,650,844,816,816,831,879,661,846,714,980,952,968,831,594,692,957,"1,057","1,192","1,131",838,845,"1,077",919,"1,274","1,363","1,343",917,803,"1,322","1,390","1,509","1,280","1,344","1,157",837,"1,319","1,338","1,526","1,337","1,579","1,266",738,"1,237","1,472","1,649","1,493","1,494","1,237",773,"1,137","1,339","1,612","1,301","1,509","1,214",885,"1,294","1,373","1,484","1,416","1,352","1,214",919,"1,196","1,468","1,569","1,429","1,577","1,024",878,"1,356","1,386","1,533","1,387",511,894,611,719,969,"1,407","1,320","1,379","1,020",794,"1,321","1,382","1,493","1,177","1,090",990,817,"1,009","1,143",985,"1,109",921,569,656,936,"1,066","1,109",725,922,998,669,"1,283","1,524","1,557","1,344","1,345",966,773,"1,359","1,558","1,526","1,448","1,184","1,107",745,"1,482","1,317","1,413","1,246","1,322",990,740,"1,138","1,289","1,423","1,292","1,336","1,017",700,"1,233","1,317","1,116","1,296","1,162",956,688,719,"1,332","1,334","1,371","1,274","1,051",647,"1,120","1,162","1,331","1,268","1,083",995,722,"1,082","1,243","1,310","1,275","1,228","1,162",683,"1,120","1,253","1,374","1,240",901,967,685,"1,155","1,189","1,314","1,169","1,171",850,670,852,852,940,955,837,828,683,678,986,870,"1,003",869,824,564,"1,249","1,303","1,513","1,412","1,368","1,127",820,"1,217","1,306","1,451","1,359","1,365","1,080",712,"1,303","1,448","1,436","1,415","1,336","1,114",783,"1,282","1,462","1,470","1,414","1,389",852,610,"1,144","1,325","1,428","1,436","1,313",984,791,"1,119","1,203","1,386","1,255","1,257",789,746,"1,109","1,226","1,334","1,227","1,271","1,001",748,"1,350","1,370","1,452","1,379","1,281",991,711,"1,298","1,262","1,322","1,432","1,126","1,011",758,"1,243","1,333","1,455","1,282","1,253",982,657,897,956,878,907,"1,013",798,647,803,938,864,"1,010",894,"1,006",679,"1,207","1,276","1,378","1,301","1,298","1,077",748,"1,293","1,295","1,387","1,258","1,199",817,790,650,"1,201","1,196","1,298","1,170",967,733,"1,094","1,297","1,196","1,256","1,158","1,037",704,"1,058","1,327","1,237","1,189",744,"1,147",753,"1,119","1,226","1,263","1,169","1,237",915,830,"1,065","1,139","1,126","1,105","1,119",731,669,"1,038","1,076","1,128","1,143","1,143","1,006",809,996,"1,070","1,091",868,"1,008","1,028",748,632,813,"1,043",797,977,854,747,707,584,267,607,696,748,517,665,715
"Botany to Britomart via Millhouse Dr, Meadowland Dr, Howick, Panmure, and Southern Motorway, express",East,72X,,,,,,,,"1,286","1,343","1,445","1,385","1,216",,,"1,620","1,746","1,634","1,723","1,392",,,"1,345","1,551","1,431","1,341","1,150",,,,"1,226","1,499","1,417","1,259",,,"1,071",,"1,652","1,608","1,349",,,"1,686","1,714","1,727","1,616","1,390",,,"1,620","1,764","1,762","1,731","1,373",,,"2,365","2,369","2,465","2,239","1,901",,,"2,091","2,281","2,277","2,199","1,885",,,"2,242","2,335","2,370","2,167","1,713",,,"2,124","2,284","2,299","2,141","1,775",,,"1,955","2,175","2,150","1,912",,,,,"1,109","1,743","1,661","1,425",,,"1,601","1,847","1,807","1,541","1,277",,,"1,634","1,679","1,683","1,609","1,453",,,"1,626","1,658","1,658",,"1,198",,,"2,075","2,233","2,149","2,012","1,735",,,"1,955","2,128","2,102","2,055","1,688",,,"1,875","2,027","1,871","1,725","1,373",,,"1,804","1,871","1,967","1,972","1,621",,,"1,736","1,920","1,676","1,720","1,405",,,,"1,755","1,580","1,683","1,601",,,"1,621","1,711","1,664","1,661","1,312",,,"1,481","1,660","1,659","1,464","1,257",,,"1,281","1,386","1,464","1,295",,,,"1,170","1,342","1,421","1,701","1,105",,,"1,120","1,225","1,115","1,114",904,,,"1,594","1,837","1,648","1,660","1,337",,,"1,942","2,102","1,980","1,965","1,698",,,"1,848","2,038","2,029","1,949","1,595",,,"1,914","2,037","2,027","1,929","1,617",,,"1,824","2,005","2,026","1,833","1,521",,,"1,816","1,996","1,931","1,918","1,566",,,"1,402","1,545","1,618","1,531","1,230",,,"1,426","1,560","1,974","1,522","1,243",,,"1,663","1,776","1,708","1,742","1,667",,,"1,759","1,731","1,778","1,783","1,489",,,"1,958","1,954","1,873","1,898","1,471",,,"1,526","1,698","1,469","1,519","1,283",,,"1,536","1,657","1,625","1,505","1,247",,,"1,691","1,836","1,737","1,803","1,485",,,"1,458","1,515","1,598","1,611","1,374",,,,"1,650","1,532","1,480","1,340",,,"1,457","1,602","1,397","1,473","1,286",,,"1,314","1,576","1,347","1,387",978,,,"1,305","1,428","1,337","1,283","1,153",,,"1,260","1,337","1,360","1,179","1,022",,,"1,242","1,396","1,342","1,203",979,,,"1,165","1,217","1,213","1,038",888,,,919,"1,107",971,946,711,,,407,304,,,,,,,
Bucklands Beach to Botany via Highland Park,East,733,184,206,307,287,244,288,215,334,248,421,362,381,266,199,282,398,344,417,348,300,212,427,343,450,463,461,283,195,220,425,620,597,564,311,298,613,410,706,597,591,316,278,589,653,726,650,691,451,305,628,640,646,711,660,415,272,543,694,761,683,707,486,266,496,652,671,656,745,443,345,572,622,732,645,597,382,382,619,646,698,636,687,308,337,622,655,633,662,181,331,231,257,500,666,712,661,367,280,634,673,661,598,471,298,276,450,452,496,453,442,163,234,429,435,441,233,424,296,296,610,666,664,593,629,355,279,539,589,693,629,561,370,193,671,608,569,561,592,333,289,581,598,627,601,628,348,280,520,571,526,618,584,351,273,267,563,610,633,552,407,235,506,587,618,619,598,368,311,579,623,589,614,604,371,251,575,537,659,641,316,395,262,537,581,623,598,582,248,267,379,450,456,392,455,272,205,223,409,344,408,365,241,230,538,583,603,600,634,392,285,532,555,600,606,633,338,304,605,632,613,633,619,417,315,544,625,647,545,646,244,256,478,624,568,591,609,348,281,572,550,594,552,594,285,268,533,571,607,558,594,402,327,462,547,581,519,508,378,252,474,439,546,517,408,332,251,535,563,588,627,515,399,234,409,442,447,425,402,288,262,315,387,385,470,365,356,230,487,497,603,540,553,341,232,457,522,543,527,542,310,262,258,460,495,542,526,318,289,497,525,541,570,551,338,270,471,534,542,490,358,283,222,459,522,501,454,545,234,232,396,525,551,474,492,215,254,382,411,444,436,408,255,244,361,392,432,329,382,278,256,239,375,440,347,364,252,248,262,273,53,183,238,254,222,190,218
Half Moon Bay to Botany via Highland Park,East,734,110,124,208,202,171,147,138,295,269,281,321,298,187,144,269,357,373,363,298,168,134,337,337,376,362,410,160,165,166,395,458,474,456,150,177,434,178,487,519,551,161,156,472,472,491,494,475,239,211,449,511,539,486,536,243,130,456,529,553,550,580,213,141,448,469,516,581,543,205,155,491,483,584,536,457,229,163,439,515,532,515,563,169,146,476,491,477,509,111,179,148,188,407,385,572,465,203,136,417,485,473,469,394,201,157,424,404,428,418,391,93,140,386,399,373,136,329,201,154,435,492,478,445,502,230,159,383,488,460,503,419,188,147,521,406,407,448,346,197,190,431,374,475,482,440,214,163,425,407,320,397,454,202,148,179,464,363,420,433,171,135,379,412,435,444,359,173,146,364,459,481,474,433,217,172,426,424,507,532,231,164,158,347,385,389,417,464,183,136,315,359,375,371,335,164,132,217,365,308,369,304,134,131,416,429,455,476,469,187,169,403,448,455,508,467,218,158,468,452,505,448,488,205,165,382,497,469,467,439,133,98,360,384,472,564,384,209,193,392,409,456,432,424,127,148,382,382,495,445,436,179,137,465,478,472,526,487,184,152,454,379,407,489,369,199,142,439,417,431,469,433,224,130,306,359,350,361,352,149,139,255,361,369,360,367,188,168,390,479,451,461,464,197,155,417,468,465,459,408,172,178,150,468,424,410,457,189,151,420,391,402,435,475,213,162,399,426,422,363,220,217,157,402,430,442,436,472,198,183,388,410,406,389,461,137,197,409,427,399,407,460,222,148,370,359,437,359,400,193,145,223,331,349,334,323,147,149,249,189,46,130,153,169,158,155,134
Half Moon Bay to Botany via Howick and Shelly Park,East,735,104,154,183,196,178,170,133,377,328,333,385,371,148,164,338,388,455,460,414,188,139,431,438,541,481,486,175,127,179,570,707,571,555,217,231,594,222,729,624,597,231,182,586,622,768,653,604,249,188,578,628,700,637,679,279,156,553,648,728,625,732,272,141,502,540,698,597,691,265,232,556,543,689,654,562,299,227,614,642,698,675,679,206,204,620,647,696,590,120,300,148,223,519,667,675,638,240,221,599,658,750,597,539,230,214,441,517,545,508,409,114,181,460,537,527,173,373,217,246,621,620,686,628,606,307,198,552,670,632,614,528,259,151,765,565,616,494,534,265,206,486,525,610,557,485,262,175,541,582,521,552,481,289,199,186,553,588,572,535,293,162,471,530,634,559,474,272,203,607,588,631,592,659,295,174,540,576,627,577,246,248,174,519,511,630,562,574,195,155,391,428,493,447,402,178,165,258,465,369,475,300,193,164,559,496,653,585,607,253,188,494,550,621,571,622,240,231,546,632,628,599,583,303,211,521,579,592,595,571,172,140,472,541,643,574,544,217,222,531,495,613,595,618,165,228,549,500,601,579,536,231,163,581,538,579,531,538,226,198,587,416,533,594,461,286,177,592,566,656,598,542,300,189,467,470,436,483,458,123,131,341,507,457,469,413,218,146,543,545,706,581,583,270,180,532,585,613,562,543,221,235,144,516,574,648,601,234,192,600,691,588,598,629,266,203,574,634,610,544,355,290,215,559,652,575,654,640,226,200,532,618,637,604,590,201,171,568,580,632,583,540,242,173,398,506,495,372,453,191,170,322,469,480,430,441,212,168,300,304,58,127,191,186,144,210,131
"Maraetai to Botany via Beachlands, Whitford, and Ormiston",East,739,212,206,236,288,247,218,233,286,321,354,321,273,304,254,369,380,424,349,316,248,215,417,368,405,392,335,226,231,244,447,389,358,352,236,305,350,300,405,301,253,255,274,315,347,331,305,311,345,277,287,303,308,300,299,301,219,239,266,314,333,332,351,250,260,282,339,337,314,346,322,313,286,327,302,285,366,310,270,285,347,324,338,221,244,276,277,326,326,151,342,163,315,447,358,317,272,315,285,260,290,276,278,266,253,238,356,348,453,367,376,205,268,337,361,360,200,360,286,277,272,309,322,278,298,241,284,250,288,293,291,260,266,157,317,254,252,205,246,233,287,298,233,287,239,255,263,249,214,218,222,254,301,278,206,265,265,259,296,274,248,241,172,268,322,229,198,249,257,222,262,278,266,283,296,243,272,255,287,304,356,254,251,171,215,280,278,267,225,218,278,332,321,262,281,174,198,248,354,301,301,291,168,176,210,272,264,269,260,232,275,213,238,263,255,282,229,271,248,255,285,259,251,273,253,213,255,313,241,270,189,210,206,244,280,274,277,250,270,357,250,278,298,255,187,204,270,233,316,269,269,225,234,255,285,338,319,296,269,211,295,260,320,332,273,294,283,259,281,275,293,240,260,204,380,381,335,305,364,131,204,263,380,283,362,342,285,190,215,292,285,295,270,314,277,229,348,277,336,290,247,279,221,281,326,331,298,280,215,283,318,305,343,349,293,257,256,369,297,241,202,296,212,261,289,282,298,330,282,275,311,301,313,358,313,233,238,291,331,378,376,338,339,229,325,317,342,286,282,280,243,252,266,396,379,344,218,229,238,171,64,178,176,139,218,172,166
Onehunga to Glen Innes via Sylvia Park and Panmure,Central,74,811,"1,101","1,465","1,635","1,761","1,374","1,162","1,684","1,886","1,888","1,862","1,888","1,467","1,158","1,555","1,869","1,758","1,722","1,654","1,429","1,119","1,665","1,810","1,798","1,804","1,754","1,279",988,"1,141","1,765","1,971","1,978","1,942","1,292","1,156","1,838","1,336","1,948","2,056","1,767","1,286","1,033","1,963","2,022","2,160","2,107","1,983","1,460","1,134","1,925","2,005","2,100","2,267","1,882","1,402",888,"1,794","2,094","2,161","2,181","2,046","1,506",898,"1,790","1,940","2,014","1,991","2,201","1,489","1,113","1,818","1,978","2,151","1,993","1,752","1,553","1,127","1,874","1,954","2,021","1,940","1,938","1,281","1,113","1,826","2,061","2,034","2,109",754,"2,025",921,"1,582","1,807","2,016","1,894","1,994","1,492","1,008","2,000","2,127","2,067","1,889","1,708","1,457","1,118","1,770","1,899","1,811","1,805","1,887",910,994,"1,749","1,911","1,846","1,222","1,650","1,530","1,250","1,890","1,968","1,918","1,837","1,772","1,669","1,415","1,748","2,072","2,002","2,063","1,720","1,429","1,051","1,813","1,821","1,738","1,717","1,692","1,743","1,324","1,688","1,813","1,997","1,864","1,839","1,340","1,077","1,683","1,769","1,521","2,000","1,815","1,797","1,335","1,380","2,170","1,964","1,904","1,850","1,389",923,"1,690","1,765","1,858","1,920","1,625","1,557","1,437","1,653","1,914","2,215","1,923","1,865","1,400","1,041","1,591","1,808","1,953","1,891","1,733","1,562","1,286","1,566","1,765","2,020","2,120","1,885","1,265","1,079","1,521","1,625","1,677","1,697","1,640","1,296",854,"1,162","1,810","1,391","1,769","1,555","1,566","1,136","1,649","1,811","1,843","1,918","2,013","1,405","1,171","1,596","1,880","1,928","1,820","2,091","1,907","1,286","1,660","1,862","1,974","1,756","1,751","1,732","1,351","1,541","1,899","1,909","1,967","1,946","1,098",944,"1,482","1,748","1,899","1,758","1,832","1,194","1,039","1,620","1,619","1,804","1,888","1,797","1,130",991,"1,772","1,770","2,217","1,940","1,821","1,673","1,217","1,764","1,888","1,860","1,838","1,898","1,408","1,440","1,689","1,496","1,831","1,885","1,468","1,339",968,"1,695","1,866","1,921","1,823","1,657","1,608","1,204","1,520","1,589","1,509","1,575","1,758","1,164","1,136","1,376","1,692","1,552","1,796","1,623","1,289",997,"1,696","1,763","1,816","1,806","1,747","1,555","1,035","1,550","1,860","1,979","1,840","1,663","1,489","1,461","1,238","1,826","1,793","1,950","2,081","1,373",933,"1,721","1,808","1,901","1,971","1,982","1,321","1,295","1,609","1,897","1,861","1,714","1,330","1,406","1,094","1,776","1,874","1,824","1,815","1,903","1,260","1,097","1,737","1,914","1,969","1,796","2,013","1,776","1,439","1,718","1,943","1,932","1,858","1,841","1,684","1,034","1,662","1,789","1,752","1,552","1,718","1,312","1,018","1,283","1,739","1,733","1,791","1,645","1,377","1,030","1,318","1,312",329,"1,415","1,609","1,389","1,086","1,475","1,584"
Panmure to St Heliers via Glen Innes,Central,744,229,275,321,337,318,274,241,410,399,429,448,412,385,298,450,465,459,448,426,270,280,444,485,496,528,453,298,199,360,554,670,595,560,285,350,606,347,658,676,559,330,279,655,686,648,636,582,367,308,709,652,679,597,618,366,265,574,614,670,641,563,408,216,636,592,637,604,626,361,296,622,607,651,625,560,397,248,599,632,674,610,564,282,277,558,619,615,628,251,370,206,294,524,566,624,609,339,248,626,618,638,534,490,327,241,518,459,477,439,511,205,235,448,502,509,223,414,296,300,602,592,573,627,563,398,329,570,650,567,566,503,339,215,623,541,530,430,477,353,261,527,495,565,543,569,280,204,548,521,483,529,473,318,251,266,495,511,500,495,322,178,488,487,515,465,419,281,322,525,522,566,501,482,277,253,481,509,467,512,289,315,264,432,481,505,514,531,260,254,397,398,435,357,383,277,218,246,436,336,432,347,255,232,507,499,480,477,518,378,267,492,480,474,434,463,293,250,483,512,499,462,497,335,272,502,513,518,477,507,240,230,491,508,539,533,488,261,274,486,425,501,496,552,213,240,510,476,577,530,496,314,268,541,519,539,475,518,284,255,487,422,513,478,438,306,243,492,514,577,503,449,314,205,404,389,386,379,409,198,235,340,412,373,411,351,261,233,481,497,606,532,462,274,267,532,548,522,535,514,267,271,261,491,529,489,532,292,271,516,558,521,521,480,299,258,487,478,519,493,407,287,275,518,550,529,492,546,248,299,537,477,547,491,499,268,266,514,505,571,511,501,284,258,425,497,442,416,473,361,274,336,441,463,496,433,258,245,351,301,116,205,306,252,260,258,294
Panmure to Glen Innes via Stonefields,Central,747,77,126,169,135,186,169,124,220,233,257,236,218,141,144,224,286,271,253,284,208,171,324,366,354,315,313,194,127,143,319,349,407,352,168,195,404,189,384,446,385,185,188,418,384,336,429,375,222,170,440,411,409,470,419,225,137,397,441,447,441,410,190,157,414,475,484,444,439,205,197,415,427,400,424,379,199,159,425,455,411,408,416,185,158,419,465,418,377,86,160,86,172,322,383,406,369,181,162,419,421,371,376,317,201,171,320,374,369,351,353,121,161,314,365,404,131,313,163,156,401,414,388,400,347,234,194,346,400,373,376,306,257,137,415,416,307,313,327,212,168,312,370,380,411,351,228,129,369,379,299,329,303,195,156,174,363,360,368,325,241,105,311,384,339,335,329,181,146,345,344,367,364,314,181,162,308,304,342,400,162,175,135,315,348,328,350,345,147,124,257,276,321,292,273,138,134,218,348,293,306,254,165,136,342,415,387,388,333,214,154,355,354,376,382,333,217,168,378,375,395,369,302,182,129,294,355,386,413,338,183,139,280,323,361,353,319,137,166,316,285,304,326,309,144,138,346,323,361,345,333,152,142,378,332,363,369,337,143,159,331,289,317,348,271,171,160,345,351,318,345,310,199,124,274,283,275,278,276,98,131,233,307,260,283,300,156,110,367,356,321,333,368,197,155,287,334,352,360,369,148,206,127,344,353,404,378,193,118,328,333,357,344,311,197,157,287,346,350,317,263,174,170,389,358,288,357,329,172,144,358,332,343,326,344,113,156,313,351,340,332,320,170,142,275,285,295,291,319,197,142,215,324,341,325,313,175,156,202,195,22,117,143,165,147,122,129
Glen Innes to Wynyard Quarter via St Johns Rd and Remuera Rd,Central,75,"1,289","1,733","2,583","2,712","2,564","1,874","1,932","3,755","4,010","4,182","4,335","3,887","2,395","2,046","4,866","5,512","5,432","5,477","4,550","2,543","2,104","4,709","5,360","5,318","5,503","4,821","2,686","2,440","2,357","4,868","5,642","5,763","5,120","2,587","2,350","4,671","2,104","5,903","5,945","5,224","2,997","2,484","5,445","6,006","5,999","5,865","5,272","2,791","2,264","5,491","6,309","6,250","6,366","5,606","2,852","2,142","6,951","7,582","7,593","7,356","6,960","3,005","2,063","6,662","7,312","7,390","6,999","6,852","3,077","2,425","6,950","7,177","7,585","7,484","6,433","2,822","2,611","6,820","7,441","7,272","7,084","6,592","2,717","2,242","6,468","7,146","7,052","6,871","1,847","2,595","1,941","2,198","4,891","6,320","6,147","5,913","2,746","2,296","5,768","6,307","6,331","5,866","5,179","2,733","2,383","5,555","6,081","6,193","6,009","5,572","2,111","2,053","5,416","6,267","6,158","1,971","4,596","2,784","2,257","6,600","6,985","6,940","6,748","5,992","2,927","2,291","6,135","6,955","7,003","6,813","5,484","2,607","1,992","6,137","6,707","6,369","6,076","5,616","2,959","2,509","5,784","6,102","6,600","6,329","5,648","2,697","2,009","5,889","6,435","5,584","6,290","5,509","2,568","2,175","1,962","6,318","5,756","5,904","5,271","2,463","1,790","5,284","5,607","5,584","5,792","4,749","2,458","2,082","5,237","5,652","5,880","5,367","4,827","2,377","1,931","4,888","5,327","5,216","5,127","2,138","2,319","2,067","4,582","4,923","5,127","5,600","4,624","2,308","1,987","4,286","4,849","4,749","4,548","4,166","2,409","2,020","4,821","5,710","5,664","5,851","5,008","2,433","2,036","6,120","6,542","6,631","6,372","6,067","2,863","2,277","5,902","6,672","6,510","6,582","6,082","2,754","2,148","6,050","6,674","6,400","6,504","5,917","2,700","2,267","6,063","6,376","6,841","6,459","6,012","2,320","1,968","5,963","6,321","6,428","6,639","5,649","2,953","2,141","5,243","5,446","6,116","5,745","5,231","2,210","2,253","5,102","5,412","6,564","5,566","4,899","2,615","2,277","5,782","6,110","6,111","6,228","5,734","2,543","2,417","5,964","5,941","6,243","6,103","5,131","2,645","2,198","5,894","6,636","6,445","6,277","5,639","2,725","2,110","5,234","5,773","5,549","5,471","5,122","2,054","2,113","5,299","5,831","5,657","6,004","5,069","2,504","2,262","5,734","6,201","6,237","6,178","5,645","2,968","2,492","5,207","5,719","5,794","5,743","5,245","2,200","2,173","1,768","5,650","5,656","5,808","5,206","2,661","2,113","5,074","5,694","5,677","5,712","5,179","2,676","1,978","5,183","5,607","5,803","5,631","4,399","2,544","1,974","4,967","5,406","5,322","5,300","4,754","2,277","2,057","4,777","5,086","5,165","5,390","4,813","2,212","2,040","4,904","5,357","5,216","5,360","4,391","2,365","1,825","4,339","4,898","4,795","4,358","4,164","2,511","1,830","3,705","4,560","4,303","4,244","3,574","1,902","1,683","2,365","1,953",622,"1,453","1,895","1,610","1,384","1,727","1,701"
Panmure to Newmarket via Marua Rd and Remuera Rd,Central,751,196,237,324,308,314,201,267,426,412,410,404,404,294,265,371,534,509,493,482,333,233,467,531,582,577,502,317,280,292,460,575,618,596,339,309,525,273,673,595,631,342,285,522,592,589,627,559,360,326,589,637,683,659,606,269,289,623,629,676,628,598,337,252,602,644,656,616,669,371,291,657,647,683,652,626,378,252,662,718,708,677,648,312,273,683,626,656,692,222,314,213,298,517,611,711,669,343,340,656,652,666,591,538,291,275,479,565,555,543,479,241,250,569,518,510,248,458,345,252,594,630,661,633,570,367,357,603,645,635,668,526,372,289,607,672,603,591,629,348,262,604,585,633,643,572,328,244,570,522,458,625,533,273,246,278,585,550,616,614,330,224,553,593,553,535,459,386,301,560,551,632,582,568,368,272,525,565,590,594,267,366,262,530,602,546,552,473,233,235,499,512,515,496,493,294,240,338,477,464,490,437,318,281,610,637,650,602,546,320,321,601,552,553,633,592,333,277,646,624,687,632,570,362,278,614,649,598,585,607,265,264,547,609,637,645,598,325,298,641,607,601,568,606,255,248,603,562,616,604,553,380,273,623,550,568,591,592,366,302,591,502,650,608,478,358,302,524,607,628,643,564,352,272,564,520,466,534,524,228,292,467,544,501,531,496,308,217,569,528,625,558,583,326,271,495,600,558,557,501,271,290,220,582,637,567,579,334,210,495,640,605,475,548,408,307,523,608,591,641,420,330,144,469,459,433,424,462,173,174,407,414,403,384,407,146,153,405,428,411,433,424,187,159,388,345,389,327,366,187,197,321,377,348,329,315,134,142,198,167,50,125,125,139,159,205,158
Britomart to Benson Rd to Britomart via Portland Rd and Gladstone Rd,Central,755,212,289,360,326,334,269,315,506,538,567,482,458,328,244,683,771,759,766,637,341,312,592,642,726,652,596,375,316,278,760,875,941,810,349,298,634,277,993,887,792,299,240,902,965,934,931,769,320,267,861,897,878,864,827,345,233,856,"1,009",958,955,894,378,290,977,"1,002","1,015","1,039",920,314,296,895,969,979,944,839,349,311,900,"1,011",959,990,883,322,236,862,936,945,876,170,364,213,263,619,945,917,854,336,280,827,875,847,848,665,293,256,686,758,690,699,687,236,241,693,689,710,230,602,318,243,878,973,942,891,790,291,247,811,877,905,895,744,283,210,797,855,799,847,730,298,234,788,850,898,885,816,326,189,722,806,752,772,667,320,226,207,885,844,821,797,260,198,739,823,758,839,677,268,201,701,806,807,817,784,304,198,750,844,857,803,248,292,188,707,824,833,753,699,281,202,547,658,577,591,515,265,242,555,666,654,661,559,333,202,729,824,823,855,762,318,230,749,836,816,886,788,294,224,800,845,841,852,821,378,265,754,882,858,836,773,281,213,734,825,776,810,764,320,237,702,756,823,746,726,215,222,671,769,853,788,739,305,262,722,817,822,813,852,263,240,782,721,843,781,752,315,243,784,827,787,783,758,366,246,565,647,697,645,577,121,323,538,613,614,651,619,312,269,745,847,856,868,759,374,266,726,805,844,813,730,306,274,239,822,848,819,805,328,318,829,879,890,939,874,486,"1,130",857,923,897,911,698,466,340,782,914,927,885,861,341,258,736,830,822,795,750,264,212,703,833,874,850,704,333,248,685,717,780,640,623,280,211,577,722,673,582,513,289,186,310,236,108,159,233,222,193,258,243
Glen Innes to Britomart via West Tamaki Rd and Eastridge,Central,76,548,651,837,976,907,660,726,"1,364","1,434","1,503","1,383","1,433",854,733,"1,579","1,945","1,901","1,873","1,640",868,673,"1,638","1,813","1,666","1,773","1,532",894,734,849,"1,798","1,971","2,119","1,929",974,833,"1,675",927,"2,274","2,255","2,115",910,757,"2,241","2,345","2,498","2,375","2,119","1,048",877,"2,335","2,389","2,676","2,473","2,268","1,088",715,"2,480","2,705","2,634","2,739","2,424","1,252",759,"2,336","2,549","2,608","2,711","2,477","1,185",894,"2,583","2,539","2,706","2,623","2,165","1,237",897,"2,626","2,623","2,562","2,549","2,391",958,821,"2,393","2,568","2,627","2,535",577,"1,119",583,804,"1,707","2,574","2,422","2,302",955,889,"2,357","2,463","2,526","2,418","2,139","1,005",818,"1,820","1,965","1,945","1,934","1,727",667,712,"1,734","1,960","1,882",695,"1,569","1,201",844,"2,402","2,535","2,555","2,493","2,292","1,176",978,"2,269","2,555","2,559","2,529","1,925","1,053",677,"2,486","2,452","2,383","2,178","1,964","1,075",856,"2,130","2,236","2,411","2,466","2,140",881,614,"2,305","2,387","2,255","2,456","1,847","1,061",817,774,"2,277","2,301","2,335","2,033",967,547,"2,111","2,142","2,172","2,233","1,934","1,055",771,"2,081","2,265","2,402","2,136","2,026",898,685,"1,999","2,193","2,255","2,097",937,901,764,"1,929","2,057","2,123","2,370","1,839",752,630,"1,444","1,527","1,567","1,497","1,358",987,618,"1,297","1,708","1,598","1,806","1,565",925,588,"2,242","2,266","2,327","2,436","2,106","1,153",713,"2,098","2,296","2,404","2,409","2,242","1,178",795,"2,275","2,390","2,413","2,352","2,371","1,184",911,"2,209","2,485","2,464","2,284","2,239",899,738,"2,127","2,273","2,304","2,302","2,040","1,039",669,"1,957","2,049","2,262","2,124","2,070",785,655,"1,930","2,100","2,346","2,131","1,778",942,775,"2,137","2,255","2,326","2,219","2,223",862,810,"2,107","2,093","2,365","2,314","1,929",950,712,"2,121","2,381","2,383","2,310","2,094","1,110",724,"1,520","1,738","1,659","1,680","1,649",551,789,"1,447","1,822","1,633","1,795","1,533",839,670,"2,169","2,294","2,365","2,342","1,883","1,017",792,"1,928","2,176","2,405","2,220","2,037",947,806,704,"2,256","2,278","2,290","2,036",966,766,"2,052","2,383","2,152","2,204","2,038",942,848,"1,816","2,341","2,201","2,248","1,719","1,120",828,"2,120","2,092","2,170","2,000","1,762","1,051",731,"1,922","1,997","2,096","1,982","1,818",913,802,"1,877","2,031","2,074","1,886","1,690",995,719,"1,613","1,882","1,771","1,629","1,575",930,721,"1,217","1,610","1,527","1,545","1,309",747,667,836,773,273,486,736,755,629,784,914
Mt Taylor Dr to Britomart via Long Dr and Tamaki Dr,Central,774,,,,,,,,162,225,247,221,178,,,304,322,366,321,205,,,245,324,299,332,229,,,,362,437,360,257,,,237,,355,333,277,,,381,359,412,391,290,,,392,408,331,412,261,,,407,428,413,389,318,,,358,360,390,374,301,,,391,405,346,355,285,,,356,334,344,398,301,,,395,433,333,351,,,,,302,358,328,205,,,310,383,375,261,237,,,344,369,313,309,275,,,330,340,369,,152,,,346,402,337,396,312,,,341,410,360,415,283,,,353,364,314,371,265,,,345,355,346,383,259,,,353,371,374,302,243,,,,372,386,378,281,,,362,368,363,339,269,,,385,381,344,349,267,,,336,359,380,312,,,,311,297,318,396,231,,,320,278,319,294,218,,,276,319,356,324,274,,,387,341,341,328,308,,,376,353,360,391,283,,,293,343,411,397,298,,,328,382,351,367,280,,,299,342,371,378,268,,,303,316,354,329,303,,,319,333,363,394,247,,,276,360,356,384,269,,,400,410,383,291,278,,,367,357,367,375,271,,,333,311,306,326,288,,,349,390,308,337,251,,,382,405,365,382,262,,,376,290,343,326,249,,,,320,331,368,285,,,334,337,330,303,265,,,353,346,310,333,221,,,328,312,291,355,252,,,299,332,313,342,242,,,311,304,273,291,213,,,268,279,299,274,182,,,236,263,277,267,174,,,71,52,,,,,,,
Glendowie to Britomart via St Heliers and Tamaki Dr,Central,775,,,,,,,,330,317,414,313,310,,,445,475,479,496,374,,,458,433,495,544,348,,,,383,397,486,361,,,363,,485,551,411,,,494,497,506,522,443,,,484,461,526,476,389,,,535,513,577,558,491,,,520,528,521,615,461,,,503,476,483,567,375,,,452,513,464,524,445,,,539,499,469,429,,,,,360,399,419,364,,,424,475,430,480,303,,,464,524,460,529,385,,,464,505,515,,273,,,454,484,496,451,429,,,437,459,525,494,319,,,445,457,449,437,331,,,426,485,463,476,369,,,419,468,403,386,301,,,,411,438,338,341,,,400,439,444,372,358,,,395,490,419,474,373,,,419,430,355,380,,,,361,433,377,376,326,,,432,441,432,397,304,,,404,476,410,469,323,,,448,509,518,462,429,,,451,472,449,443,327,,,433,523,427,469,382,,,441,469,471,440,363,,,361,474,442,451,416,,,375,407,433,475,358,,,416,455,459,383,346,,,379,386,507,431,359,,,445,344,496,419,365,,,473,505,477,496,351,,,435,474,515,400,371,,,374,450,407,468,348,,,440,478,404,489,382,,,426,450,442,469,317,,,,444,472,437,379,,,365,433,443,477,379,,,450,541,411,449,351,,,431,379,446,396,300,,,454,422,418,424,360,,,371,380,411,331,330,,,355,361,349,319,363,,,336,345,352,370,248,,,117,95,,,,,,,
Mission Bay to Auckland Museum via ?r?kei and Newmarket,Central,781,262,346,396,396,342,332,365,437,520,492,579,541,453,373,506,582,575,586,488,455,443,572,668,729,723,694,422,346,462,723,807,764,855,457,684,764,493,865,861,857,460,440,827,868,946,945,867,492,405,804,911,851,"1,035",857,561,319,775,958,929,847,872,500,330,801,802,841,839,843,553,453,774,814,812,837,615,562,411,815,848,841,822,818,384,351,854,825,808,811,217,357,281,370,564,886,896,845,453,401,869,837,802,721,722,464,343,547,585,508,566,548,277,297,538,617,579,367,509,418,325,755,911,843,769,850,443,365,755,821,729,771,717,472,326,883,703,774,753,498,451,341,798,755,881,800,737,397,316,725,808,680,724,611,424,305,336,784,684,774,805,431,295,683,791,772,831,640,432,292,719,786,828,852,744,410,304,709,808,827,789,356,320,295,657,634,723,764,681,339,287,463,532,550,518,470,385,310,378,576,533,606,449,348,303,696,819,781,780,785,454,407,753,720,833,873,781,459,373,771,790,762,744,732,442,379,739,802,817,772,791,334,289,719,741,759,854,706,373,358,741,729,774,737,750,296,368,724,758,860,778,614,390,364,717,822,797,747,789,386,350,718,686,783,753,699,476,403,727,791,738,779,730,407,348,532,582,544,539,525,236,291,430,586,508,588,503,378,296,750,770,815,769,784,475,420,718,789,736,764,721,316,363,239,928,747,817,710,388,318,660,797,725,770,778,486,321,694,811,810,755,503,455,333,711,771,710,734,699,362,391,748,740,745,771,764,346,310,736,820,819,734,735,418,326,600,678,733,552,630,411,311,487,564,666,532,518,309,311,371,336,142,246,328,316,249,275,333
Sylvia Park to Mission Bay via Ellerslie and Meadowbank,Central,782,145,181,258,251,269,196,220,294,392,394,410,425,261,176,374,536,451,483,446,249,217,432,498,480,560,480,207,158,233,563,524,638,689,248,311,618,274,754,748,681,270,194,702,705,804,619,701,319,235,728,727,772,721,673,303,148,681,740,765,746,711,300,175,653,742,712,817,752,276,209,751,762,799,783,692,272,213,763,702,766,740,715,285,175,757,786,767,771,118,244,172,203,508,755,769,687,300,149,744,760,802,682,566,250,207,483,477,516,482,517,160,176,467,536,460,173,369,319,211,730,735,747,690,704,283,193,633,674,789,688,585,264,177,671,612,764,617,639,310,216,677,671,702,671,670,233,151,757,706,664,724,532,266,224,213,641,731,716,674,248,169,683,620,687,765,571,204,176,629,638,709,688,633,257,183,614,641,729,656,210,247,186,629,656,694,647,587,191,158,407,442,454,471,438,231,154,352,455,389,423,346,249,166,648,677,713,731,705,246,194,640,677,766,713,608,279,195,647,679,742,686,652,279,187,639,692,715,697,641,193,178,633,722,739,747,671,228,178,666,626,778,694,740,202,188,550,656,793,693,585,290,230,646,681,742,732,701,274,222,690,628,742,674,567,284,250,694,701,775,747,589,303,192,477,446,451,447,481,186,216,389,574,478,501,474,233,171,662,658,722,652,663,240,184,658,721,745,713,623,205,214,160,678,677,628,590,275,236,562,726,706,611,587,273,174,550,694,683,656,544,252,167,626,672,650,587,612,289,202,582,563,700,639,600,227,278,593,644,652,655,598,252,193,533,574,602,514,590,277,236,372,555,518,582,451,202,189,313,285,76,226,185,222,165,215,248
Eastern Bays Loop,Central,783,56,66,80,88,64,55,48,91,82,91,120,101,100,68,100,99,124,108,106,112,75,107,123,113,130,150,81,67,63,106,147,150,155,90,125,149,134,162,178,180,100,88,141,157,187,187,142,124,120,176,153,162,183,163,128,78,133,156,157,171,158,129,50,141,155,157,137,181,109,98,148,164,185,163,166,134,116,164,162,187,170,152,95,113,163,169,163,160,60,101,62,72,117,138,155,164,101,74,155,171,180,138,127,90,77,114,117,125,110,121,59,75,105,113,113,62,110,105,83,145,153,144,138,159,106,84,128,163,151,155,99,94,65,148,111,125,126,133,75,78,106,112,127,144,141,68,76,127,121,114,145,136,84,68,73,101,122,125,135,82,73,124,102,131,113,120,71,83,131,143,122,113,166,80,47,115,114,122,120,88,83,70,123,129,123,114,103,66,65,80,102,91,69,83,79,83,61,95,82,90,73,87,83,122,130,133,145,137,88,90,130,128,137,126,143,104,82,145,182,147,137,159,99,88,133,150,148,133,142,65,75,93,152,147,154,149,105,93,146,114,112,115,147,88,85,96,135,134,131,132,102,88,117,149,117,143,130,70,91,125,126,149,147,107,90,108,116,134,164,123,144,105,67,113,82,88,93,93,43,77,115,116,119,139,100,95,81,134,140,147,146,151,81,100,133,145,161,156,160,80,90,81,129,132,139,131,91,82,140,131,142,116,123,93,83,103,160,137,156,109,107,98,118,128,146,147,135,70,85,113,141,143,180,143,79,83,142,186,182,146,143,79,122,103,144,141,128,118,133,96,89,118,112,161,114,75,88,67,63,42,65,53,84,90,70,63
Akoranga to Bayswater Wharf via Takapuna,North,801,171,232,330,394,365,306,313,522,428,505,541,466,337,341,537,601,627,569,530,379,397,620,630,680,735,652,411,376,384,623,907,832,751,400,448,647,417,825,824,727,455,395,778,807,860,811,738,494,451,703,728,722,812,823,549,384,722,788,871,809,837,518,391,692,762,853,753,817,490,387,708,812,850,820,696,464,401,757,886,855,827,710,472,369,801,818,"1,034",808,277,360,290,309,661,778,913,699,454,394,635,685,751,624,649,457,401,695,668,722,703,607,288,350,641,702,743,303,597,406,432,717,767,841,659,721,476,374,626,730,746,667,655,496,360,711,621,718,780,588,437,402,610,755,751,717,624,411,353,628,632,612,672,704,425,388,309,703,706,664,629,503,333,625,685,680,686,589,388,365,591,646,642,692,658,514,349,599,643,737,728,411,399,361,529,611,623,645,643,354,388,535,548,584,631,514,393,340,480,634,580,587,510,368,302,610,690,705,788,774,516,478,590,644,719,672,709,470,344,653,734,747,662,694,469,358,594,619,705,712,651,315,298,571,663,721,715,601,454,401,589,629,636,575,688,361,388,674,657,671,658,591,407,361,643,670,692,717,643,422,376,643,667,683,695,624,486,372,643,653,764,714,656,427,332,619,644,623,656,606,237,323,565,664,584,611,556,343,325,647,713,681,724,658,485,439,636,662,724,726,668,366,395,322,645,805,720,667,457,413,599,665,715,655,709,452,399,664,781,702,776,572,498,376,697,837,704,727,637,485,468,641,679,715,734,706,379,382,626,669,809,687,615,448,364,555,624,667,611,656,379,364,528,670,644,672,571,299,346,429,306,103,286,351,273,276,335,318
Bayswater to City Centre,North,802,,,,,,,,172,178,187,202,132,,,277,276,308,299,184,,,269,328,304,280,178,,,,205,332,327,203,,,179,,353,343,191,,,322,341,359,351,223,,,322,375,373,340,236,,,377,396,358,368,286,,,338,381,385,366,280,,,353,348,393,357,241,,,347,357,391,363,236,,,371,399,369,333,,,,,241,356,336,238,,,353,373,365,343,201,,,326,366,318,305,243,,,343,361,311,,166,,,371,409,351,403,274,,,370,386,344,368,242,,,353,350,326,355,199,,,260,363,357,333,248,,,304,362,290,282,237,,,,346,312,313,222,,,310,328,314,324,197,,,268,317,308,325,192,,,279,327,275,265,,,,250,306,294,291,206,,,242,273,262,266,174,,,202,362,283,316,206,,,356,359,333,357,227,,,288,347,334,351,236,,,301,339,329,322,219,,,292,347,320,323,201,,,277,325,313,292,206,,,260,291,280,279,153,,,276,310,263,287,192,,,269,340,272,286,190,,,283,319,278,299,203,,,265,298,272,307,200,,,266,292,253,235,173,,,248,275,267,408,171,,,294,296,271,287,195,,,279,286,270,302,158,,,,299,291,312,197,,,287,290,269,306,172,,,254,295,229,326,171,,,288,312,270,306,170,,,252,273,226,246,159,,,250,252,241,232,159,,,249,252,242,249,150,,,224,210,216,184,135,,,47,30,,,,,,,
Belmont shops to Devonport via Lake Rd,North,805,,,30,33,22,,,25,24,40,33,26,,,41,33,46,44,28,,,49,36,18,44,32,,,,49,54,45,48,,,42,,39,35,51,,,39,47,55,40,44,,,46,33,33,29,38,,,25,47,46,21,36,,,37,29,55,39,40,,,41,27,47,35,28,,,40,35,44,29,30,,,27,32,79,25,,,,,34,36,41,27,,,23,39,39,27,26,,,32,30,37,40,20,,,37,44,33,,38,,,30,29,26,14,31,,,22,28,43,25,22,,,17,28,17,39,27,,,21,35,21,38,31,,,16,34,23,21,56,,,,24,24,17,30,,,34,34,22,22,21,,,27,39,24,37,32,,,28,30,32,34,,,,25,28,28,26,30,,,33,36,44,32,39,,,17,27,21,41,33,,,28,29,21,33,33,,,31,32,36,19,35,,,21,27,33,30,24,,,20,22,31,33,23,,,23,30,25,40,19,,,22,22,26,23,26,,,34,24,27,31,29,,,19,33,33,25,37,,,32,30,27,30,23,,,37,33,32,34,18,,,31,26,24,30,28,,,29,30,25,24,30,,,25,23,36,22,29,,,34,29,28,18,28,,,,21,27,30,26,,,23,40,28,19,24,,,29,44,29,23,22,,,51,24,24,46,42,,,32,34,45,32,45,,,35,43,41,37,32,,,46,28,38,42,47,,,44,33,27,38,33,,,22,31,,,18,,,29,28
Devonport to Stanley Pt,North,806,43,61,67,58,79,46,55,119,124,136,145,121,68,60,143,163,195,170,164,75,62,171,184,151,152,156,64,65,50,182,203,185,126,43,97,90,109,134,113,123,107,78,110,135,123,155,154,104,76,122,164,151,124,142,90,58,127,141,168,128,152,85,23,126,131,157,158,146,54,80,116,139,150,119,144,64,45,141,131,181,144,116,47,39,124,137,132,167,23,49,22,54,131,143,129,121,59,42,145,106,151,115,119,35,27,123,139,139,141,125,35,46,119,104,125,26,74,53,34,118,137,137,114,99,57,33,99,129,125,121,93,65,56,131,118,128,127,91,63,40,131,118,127,123,93,75,31,103,130,129,114,117,70,35,38,83,103,121,77,54,28,94,102,116,108,91,64,43,86,85,106,121,65,59,42,77,78,115,85,64,51,57,97,91,99,88,99,37,34,79,112,111,109,70,56,38,78,87,102,103,85,41,48,122,122,136,136,94,56,48,120,137,147,116,99,88,63,110,148,119,96,121,96,46,101,133,154,117,125,64,45,117,123,110,107,122,86,72,115,116,98,96,122,49,64,114,85,109,88,98,49,61,109,123,103,115,113,86,80,100,97,114,138,91,84,56,94,110,122,104,99,54,14,94,100,121,104,108,9,56,97,103,118,115,92,84,42,98,105,117,107,101,72,72,92,89,127,96,108,38,53,56,100,128,139,113,75,69,115,131,100,130,116,72,57,116,139,141,125,120,98,62,128,136,169,122,135,52,80,138,134,134,166,134,48,38,121,151,165,129,128,68,64,147,153,153,132,141,101,45,123,175,142,148,126,73,68,63,67,15,38,56,77,46,59,66
Devonport to Cheltenham,North,807,70,62,72,67,63,60,55,95,111,100,121,124,106,88,99,134,139,166,128,113,91,123,132,146,167,145,65,56,70,134,166,131,127,37,117,90,146,148,151,109,81,82,110,120,133,101,117,148,65,113,139,155,182,131,130,65,121,148,158,116,100,100,61,115,123,162,135,121,120,130,113,139,135,126,145,88,60,120,129,149,133,146,74,66,139,156,140,146,25,75,63,57,141,132,112,97,88,49,112,109,149,120,114,61,47,83,111,118,102,96,39,33,80,116,95,34,82,53,68,85,91,123,109,82,69,82,88,106,87,110,76,52,40,80,110,84,96,100,70,39,94,91,87,90,71,44,46,75,86,84,84,99,58,50,58,67,88,70,47,54,53,57,70,72,73,54,44,28,61,75,82,74,65,50,36,47,78,69,72,51,45,52,84,69,87,58,61,54,26,89,73,108,110,75,72,21,64,91,77,99,58,39,34,70,73,71,81,67,50,65,70,59,95,80,85,78,30,55,80,66,73,69,71,45,69,89,108,116,109,57,40,56,83,66,61,67,61,48,56,82,68,75,78,46,63,44,75,64,50,72,61,47,53,71,80,88,54,68,37,63,75,79,75,71,89,38,60,73,61,96,87,85,53,69,77,86,76,72,19,27,63,83,87,88,75,60,24,54,121,115,85,87,61,49,77,122,81,77,82,42,44,44,66,85,81,72,51,47,79,79,77,90,130,86,56,82,108,109,89,88,84,61,100,136,121,108,143,52,51,113,101,131,112,103,65,31,105,144,157,134,161,81,51,115,144,153,111,138,80,104,102,145,139,160,166,61,54,84,71,26,44,58,67,39,57,40
Akoranga to Devonport via Takapuna and Narrow Neck,North,814,804,865,"1,124","1,123","1,018",842,"1,029","1,350","1,472","1,619","1,528","1,482","1,118","1,043","1,475","1,843","1,776","1,764","1,494","1,153","1,139","1,719","1,715","1,756","1,870","1,803","1,100",842,"1,038","1,920","2,295","2,103","1,846","1,081","1,273","1,796","1,398","2,138","2,089","2,081","1,344","1,204","2,003","2,153","2,245","2,105","2,109","1,486","1,154","2,049","2,057","2,244","2,194","2,154","1,613",948,"1,905","2,121","2,377","2,241","2,197","1,481",887,"1,785","2,124","2,193","2,150","2,151","1,477","1,221","1,958","2,053","2,289","2,109","1,934","1,459","1,247","1,869","2,184","2,229","2,216","2,129","1,301","1,166","2,065","2,106","2,307","2,082",790,"1,244",899,936,"1,962","2,117","2,212","2,010","1,276","1,157","1,885","2,149","2,152","1,907","1,842","1,186","1,202","1,786","1,907","1,859","1,845","1,657",743,877,"1,708","1,932","1,955",968,"1,542","1,182","1,090","1,879","2,103","2,068","1,827","2,000","1,317","1,074","1,755","1,984","2,112","1,911","1,706","1,381",887,"1,804","1,906","1,807","1,974","1,740","1,248","1,013","1,755","1,794","2,073","1,941","1,836","1,195",897,"1,659","1,829","1,618","1,837","1,754","1,284","1,115",808,"1,818","1,897","1,849","1,759","1,253",792,"1,663","1,766","1,859","1,799","1,547","1,139",904,"1,572","1,794","1,893","1,834","1,853","1,333",946,"1,597","1,769","2,010","1,763","1,112","1,111",918,"1,481","1,766","1,763","1,807","1,791","1,029",915,"1,485","1,594","1,617","1,504","1,458","1,084",833,"1,085","1,686","1,464","1,588","1,425",957,805,"1,725","1,979","2,003","2,185","2,188","1,470","1,075","1,719","1,912","2,077","1,866","1,950","1,225","1,014","1,741","1,874","1,882","1,821","1,882","1,260","1,020","1,766","1,910","1,936","1,755","1,894",911,861,"1,575","1,823","1,998","1,939","1,914","1,165","1,054","1,683","1,724","1,889","1,821","1,918","1,036","1,016","1,658","1,764","1,906","1,956","1,864","1,152",990,"1,722","1,901","1,942","1,915","1,943","1,067",951,"1,868","1,886","2,037","1,953","1,765","1,317","1,065","1,872","1,959","1,943","1,871","1,845","1,188",930,"1,597","1,651","1,508","1,678","1,608",565,"1,007","1,475","1,764","1,681","1,690","1,649","1,129",784,"1,648","1,840","1,946","1,914","1,822","1,283","1,012","1,665","1,901","1,736","1,955","1,797",962,"1,201",763,"1,870","2,225","2,108","1,838","1,155",832,"1,541","1,993","1,781","1,961","2,006","1,255","1,111","1,852","2,157","2,215","2,055","1,624","1,382","1,147","1,892","2,000","1,875","1,815","1,945","1,142","1,233","1,581","1,776","1,949","1,873","1,871","1,009",983,"1,798","1,821","2,066","1,875","1,726","1,083",920,"1,506","1,714","1,665","1,467","1,815","1,140",998,"1,302","1,795","1,712","1,694","1,461",949,916,"1,083",790,332,650,792,882,895,768,856
Milford to City Centre via Takapuna,North,82,"1,046",864,"1,225","1,260","1,025",826,"1,380","1,483","1,690","1,769","1,762","1,636","1,436","1,491","1,531","1,884","2,007","2,052","1,640","1,351","1,563","1,770","1,891","1,971","2,133","1,852","1,047",926,"1,088","1,776","2,273","2,222","1,735","1,007","1,312","1,598","1,583","2,103","2,108","1,930","1,732","1,322","1,976","2,294","2,178","2,139","1,953","1,460","1,331","1,906","2,127","2,179","2,219","1,875","1,807",884,"2,022","2,246","2,475","2,504","2,056","1,796",951,"2,047","2,317","2,532","2,326","2,325","1,465","1,391","2,076","2,439","2,267","2,405","1,900","1,561","1,236","2,011","2,447","2,408","2,218","1,980","1,118","1,176","2,138","2,374","2,409","2,105",772,"1,145","1,001",815,"1,838","2,087","2,017","1,847","1,058","1,092","1,884","2,015","2,133","1,922","1,604","1,047","1,229","1,977","2,125","2,156","2,068","1,698",773,920,"1,802","2,131","2,207",807,"1,629","1,163","1,047","1,925","2,344","2,271","1,987","1,858","1,473","1,035","1,931","2,178","2,184","2,183","1,703","1,209","1,039","1,874","2,056","1,899","1,802","1,765","1,263","1,215","1,664","1,970","2,200","2,066","1,676","1,067",834,"1,746","2,037","1,707","1,806","1,720","1,042","1,013",764,"1,678","1,842","1,899","1,723",940,690,"1,613","1,844","1,855","1,843","1,292",994,958,"1,571","1,883","1,683","1,804","1,823","1,023",846,"1,542","1,699","1,775","1,595",905,988,988,"1,392","1,698","1,605","1,771","1,519",885,892,"1,520","1,732","1,767","1,677","1,596","1,047",960,"1,422","1,972","1,858","2,044","1,491",997,816,"1,649","2,079","1,934","2,210","2,175","1,865","1,864","1,714","1,949","1,994","1,984","1,771","1,168","1,026","1,820","2,072","2,115","1,939","1,797","1,207","1,008","1,759","2,048","1,953","1,929","1,773",874,773,"1,613","1,921","2,055","1,936","1,638","1,133","1,043","1,641","1,768","1,815","1,816","1,859",817,"1,161","1,504","1,805","1,870","1,859","1,533","1,032","1,065","1,746","2,013","1,910","1,860","1,590",960,"1,094","1,641","1,719","1,957","1,831","1,534","1,331","1,220","1,714","2,062","2,106","1,964","1,539","1,265",986,"1,919","1,973","1,862","2,014","1,865",579,983,"1,653","2,155","1,869","1,983","1,666","1,118",892,"1,735","1,978","2,011","1,949","1,761","1,175","1,103","1,633","2,010","1,823","1,972","1,690",888,"1,291",660,"1,888","2,003","2,021","1,939","1,194","1,104","1,814","2,007","1,859","2,068","1,960","1,273","1,174","1,711","2,328","1,848","1,917","1,480","1,219","1,140","1,785","2,177","1,770","1,764","1,833","1,034","1,013","1,621","1,897","1,923","2,233","1,749",898,926,"1,772","1,931","2,057","2,034","1,645","1,183","1,204","1,473","1,748","1,757","1,535","1,680","1,294","1,271","1,233","1,761","1,912","1,936","1,532",911,"1,052",932,858,486,659,851,908,909,815,836
"Massey University to Takapuna via Albany, Browns Bay, and Constellation",North,83,"1,220","1,376","1,864","1,999","1,931","1,649","1,763","2,483","2,492","2,860","2,682","2,582","2,035","1,840","2,499","2,782","3,206","3,154","2,478","1,958","1,823","2,856","2,901","3,199","3,118","3,004","2,000","1,686","1,980","3,353","3,607","3,213","2,986","2,138","2,094","2,745","2,289","3,276","3,328","3,056","2,246","2,183","3,003","3,350","3,804","3,279","3,080","2,586","2,069","3,184","3,358","3,538","3,446","3,355","2,925","1,839","3,044","3,609","3,878","3,780","4,007","2,762","1,789","3,038","3,472","3,851","3,579","3,408","2,604","2,273","3,361","3,467","3,634","3,745","3,068","2,942","2,305","3,342","3,657","3,617","3,717","3,560","2,228","2,014","3,231","3,691","3,789","3,654","1,040","2,403","1,449","1,899","3,361","3,162","3,380","3,108","2,363","2,044","3,125","3,494","3,404","3,017","2,851","2,283","2,176","3,253","3,605","3,735","3,738","3,383","1,507","1,999","3,132","3,592","3,686","1,630","2,921","2,232","2,003","3,347","3,676","3,508","3,359","3,340","2,455","2,121","3,174","3,480","3,396","3,395","2,923","2,564","1,763","3,062","3,386","3,261","3,638","2,942","2,520","2,183","2,904","3,395","3,351","3,564","2,994","2,321","1,679","2,938","3,139","2,936","3,003","3,214","2,272","1,951","1,756","3,056","3,077","3,035","2,925","2,232","1,490","2,882","3,192","3,186","3,185","2,600","2,203","1,952","2,769","3,073","3,090","3,141","3,042","2,278","1,766","2,659","2,901","3,021","2,958","2,156","2,197","1,901","2,581","2,919","3,102","3,133","2,851","1,957","1,978","2,815","2,948","3,109","2,861","2,746","2,080","1,743","2,050","3,330","2,911","3,503","2,886","2,174","1,757","3,145","3,625","3,369","3,542","3,545","2,627","2,215","2,955","3,358","3,434","3,489","3,171","2,463","1,954","3,018","3,605","3,573","3,447","3,294","2,448","2,179","2,958","3,386","3,441","3,442","3,496","1,918","1,782","2,770","3,324","3,391","3,285","3,249","2,263","2,226","2,925","2,870","3,209","3,030","3,220","2,215","1,921","2,862","2,959","3,134","3,280","3,340","2,248","2,174","2,913","3,181","3,272","3,266","3,078","2,259","2,004","2,962","2,932","3,284","3,248","2,584","2,537","2,018","2,985","3,188","3,127","3,273","2,967","2,431","1,889","3,209","3,424","3,048","3,306","3,179","2,077","1,931","3,010","3,447","3,173","3,453","3,209","2,225","1,937","3,023","3,115","3,137","3,230","3,040","2,599","2,296","2,844","3,203","3,073","3,176","3,061","2,202","2,290","1,710","3,005","3,361","3,306","3,137","2,211","2,039","2,914","3,390","3,117","3,335","3,404","2,518","2,193","3,009","3,808","3,392","3,388","2,693","2,570","2,068","3,144","3,524","3,349","3,334","3,409","2,196","2,178","2,936","3,151","3,399","3,477","3,299","2,267","2,094","3,097","3,438","3,440","3,425","3,296","2,388","1,987","2,854","3,374","3,621","3,089","3,452","2,394","2,112","2,448","3,272","3,499","3,304","2,913","2,092","2,001","2,252","1,859",646,"1,681","1,894","1,908","1,773","1,876","1,692"
Crown Hill to Smales Farm,North,842,,,,,,,,107,114,128,103,88,,,172,184,189,187,115,,,166,189,182,189,136,,,,167,228,273,205,,,167,,260,278,198,,,264,302,246,219,224,,,271,289,248,278,223,,,284,304,286,291,201,,,270,285,235,264,204,,,292,281,251,235,220,,,304,308,258,294,227,,,260,278,296,237,,,,,168,275,249,210,,,267,273,289,262,169,,,193,258,209,216,152,,,198,203,193,,98,,,303,320,283,263,224,,,261,299,258,258,163,,,268,288,261,208,176,,,252,254,259,264,162,,,227,258,205,218,155,,,,223,242,229,154,,,256,254,234,223,161,,,213,236,235,218,158,,,239,217,191,197,,,,215,234,241,219,158,,,198,208,184,168,131,,,128,190,208,183,128,,,257,292,260,290,195,,,219,278,216,251,196,,,240,266,255,256,191,,,256,257,227,264,173,,,237,304,252,262,193,,,247,228,228,235,178,,,225,283,233,222,159,,,232,261,239,234,165,,,255,220,239,288,180,,,230,255,240,233,166,,,152,194,182,176,144,,,165,219,190,196,147,,,249,259,234,237,212,,,240,279,234,242,173,,,,231,226,202,192,,,220,241,233,224,218,,,229,237,198,209,147,,,221,242,217,215,170,,,198,210,227,196,161,,,206,211,216,189,159,,,173,170,168,156,136,,,166,158,134,119,79,,,29,20,,,,,,,
Constellation to Smales Farm via Sunnynook and Crown Hill,North,843,254,312,420,440,446,344,363,528,520,573,495,605,454,442,527,573,636,662,534,435,516,622,590,576,668,652,366,333,427,593,728,645,628,436,491,518,450,620,624,549,510,402,587,652,661,670,634,548,406,589,619,679,668,667,538,364,575,702,701,646,760,541,321,603,672,660,681,666,591,443,598,702,700,722,614,506,449,583,693,713,719,668,420,450,575,676,669,677,273,475,299,333,598,692,611,595,533,429,578,623,661,590,433,411,421,560,625,653,622,602,304,386,517,661,681,338,526,431,451,521,626,605,626,595,459,361,501,653,650,636,555,469,382,516,581,544,570,477,472,419,500,577,617,639,575,446,335,510,546,503,497,554,416,352,298,506,570,532,511,383,253,486,511,571,511,465,459,338,434,602,511,531,532,435,341,431,536,528,588,443,367,350,472,535,612,568,523,395,383,526,573,571,532,586,384,328,357,617,553,641,522,408,328,516,579,624,639,679,585,444,545,640,585,643,598,490,350,503,639,608,549,574,493,349,516,650,572,601,624,343,321,460,585,632,589,619,440,372,595,551,582,494,624,416,385,503,576,573,580,604,387,462,556,668,629,607,619,432,344,544,568,631,610,494,484,410,615,642,626,586,588,461,393,580,655,489,648,604,246,344,571,740,551,606,599,424,365,616,619,592,588,635,494,524,575,648,603,622,610,368,468,288,595,548,651,609,467,448,570,677,583,519,653,454,379,557,698,606,634,455,514,353,580,683,567,611,728,420,431,566,598,656,623,621,418,366,608,684,680,751,624,479,360,489,640,686,572,625,541,463,398,660,638,643,579,387,361,446,349,97,228,356,367,337,339,398
Milford to Takapuna via Nile Rd,North,845,48,92,113,103,101,85,102,183,166,204,162,164,86,89,206,233,208,247,207,112,78,193,183,201,176,203,102,69,93,252,280,257,238,99,87,218,100,232,251,246,122,82,237,294,286,245,299,126,106,254,248,271,246,245,116,84,240,279,283,282,266,117,90,250,270,277,288,261,79,95,257,272,267,252,213,89,98,231,267,274,252,257,96,66,266,294,310,288,57,90,56,104,229,277,235,234,130,76,259,293,273,254,219,90,96,196,213,233,203,205,81,79,199,250,222,80,191,87,62,231,276,267,223,265,116,78,210,249,281,215,174,108,74,214,252,227,296,202,83,91,234,257,256,242,213,94,67,208,243,224,212,208,98,96,106,223,247,232,208,117,75,198,238,236,212,194,99,94,191,239,236,220,227,88,80,189,224,222,210,97,79,91,197,220,195,208,193,67,90,171,195,184,181,199,88,78,149,228,198,188,182,78,67,212,252,248,236,218,119,101,231,253,255,243,225,91,92,243,256,271,238,238,91,87,237,266,226,254,248,73,94,233,288,244,273,218,80,82,214,229,246,260,226,84,84,200,245,235,255,216,91,91,220,262,252,255,239,127,86,213,227,249,253,236,107,94,249,244,251,236,203,104,98,180,186,183,166,184,56,99,197,210,200,202,189,100,76,249,247,246,235,209,97,100,232,241,225,225,227,80,100,93,244,251,237,219,83,80,200,238,215,235,212,93,75,244,260,218,254,214,115,93,215,223,241,250,265,87,82,227,272,247,246,206,70,84,206,226,261,228,226,81,96,193,232,225,212,182,78,86,166,232,195,239,149,85,81,126,120,30,73,82,79,76,96,87
"Albany to Takapuna to Torbay, Browns Bay, and Castor Bay",North,856,488,622,760,843,797,632,734,"1,051","1,195","1,163","1,150","1,074",808,759,"1,129","1,421","1,418","1,291","1,152",807,747,"1,380","1,434","1,435","1,521","1,400",762,669,788,"1,618","1,749","1,804","1,710",791,873,"1,527",975,"1,904","1,892","1,768",977,914,"1,792","1,879","1,933","1,915","1,759","1,066",913,"1,676","1,799","1,838","1,855","1,796","1,155",773,"1,690","1,914","1,975","2,117","1,838","1,110",646,"1,741","1,908","1,999","1,881","1,920","1,087",854,"1,781","2,011","2,031","2,012","1,794","1,014",906,"1,842","2,051","2,028","1,910","1,885",931,854,"1,830","1,891","2,037","1,732",559,828,633,748,"1,360","1,886","1,858","1,782",904,854,"1,819","1,787","1,840","1,703","1,697",867,865,"1,446","1,637","1,609","1,638","1,345",589,686,"1,362","1,558","1,579",691,"1,226",926,738,"1,735","2,039","1,901","1,798","1,730","1,033",815,"1,690","1,877","2,030","1,914","1,686",947,723,"1,669","1,782","1,806","2,013","1,635","1,006",815,"1,601","1,724","1,837","1,932","1,726",870,606,"1,627","1,802","1,584","1,746","1,609",966,881,747,"1,674","1,765","1,673","1,736",866,623,"1,602","1,746","1,792","1,842","1,532",860,788,"1,591","1,736","1,716","1,693","1,708",913,694,"1,556","1,753","1,697","1,871",882,841,723,"1,531","1,757","1,719","1,683","1,741",731,737,"1,323","1,421","1,314","1,318","1,214",782,639,817,"1,416","1,288","1,356","1,196",781,579,"1,640","1,847","1,932","1,825","1,735","1,057",852,"1,586","1,814","1,895","1,803","1,633",945,694,"1,733","1,824","1,849","1,814","1,784","1,094",815,"1,602","1,860","1,942","1,823","1,883",740,697,"1,651","1,860","1,839","1,832","1,758",913,798,"1,698","1,654","1,676","1,842","1,811",970,816,"1,652","1,947","1,799","1,907","1,802",928,846,"1,666","1,826","1,884","1,865","1,854",927,820,"1,819","1,713","2,001","1,826","1,605","1,097",803,"1,755","1,946","1,991","1,896","1,686",965,760,"1,333","1,560","1,330","1,476","1,507",712,732,"1,229","1,599","1,435","1,518","1,333",843,740,"1,638","1,870","1,780","1,708","1,834",910,889,"1,598","1,813","1,781","1,930","1,728",813,918,666,"1,657","1,664","1,874","1,646",971,797,"1,574","1,962","1,747","1,802","1,802","1,019",789,"1,724","2,033","1,599","1,620","1,292","1,064",733,"1,596","2,046","1,813","1,840","1,865",877,942,"1,668","1,717","1,839","1,778","1,732",804,694,"1,694","1,882","2,005","1,882","1,659","1,047",769,"1,502","1,643","1,643","1,410","1,582",962,842,"1,005","1,572","1,589","1,515","1,304",822,702,900,734,300,601,750,660,614,729,767
Long Bay to Constellation via Albany and Bush Rd,North,861,404,475,697,729,727,704,557,886,974,964,898,868,790,577,886,"1,077","1,129","1,159","1,021",700,593,"1,149","1,178","1,137","1,169","1,055",689,498,725,"1,202","1,299","1,278","1,191",743,672,"1,129",758,"1,456","1,401","1,216",733,731,"1,250","1,417","1,517","1,413","1,329",916,673,"1,360","1,399","1,659","1,500","1,455",932,629,"1,487","1,566","1,754","1,814","1,660",964,588,"1,469","1,582","1,722","1,817","1,698","1,021",707,"1,600","1,710","1,661","1,768","1,517","1,010",761,"1,534","1,693","1,647","1,589","1,552",763,787,"1,596","1,560","1,685","1,555",518,901,529,812,"1,253","1,456","1,460","1,392",805,751,"1,381","1,415","1,456","1,241","1,177",814,818,"1,333","1,408","1,471","1,391","1,258",475,681,"1,321","1,457","1,278",702,"1,125",836,681,"1,446","1,550","1,490","1,517","1,302",836,738,"1,354","1,388","1,549","1,507","1,410",888,614,"1,349","1,439","1,441","1,355","1,332",841,649,"1,305","1,356","1,513","1,631","1,310",857,619,"1,318","1,395","1,190","1,381","1,359",860,735,737,"1,269","1,331","1,375","1,279",766,554,"1,224","1,303","1,357","1,356","1,119",849,648,"1,162","1,284","1,300","1,299","1,213",748,625,"1,170","1,214","1,243","1,283",860,786,671,"1,151","1,197","1,245","1,388","1,188",732,655,"1,145","1,126","1,144","1,072","1,045",731,523,826,"1,279","1,314","1,327","1,249",685,677,"1,234","1,456","1,670","1,440","1,460",891,722,"1,236","1,443","1,552","1,544","1,369",954,574,"1,374","1,487","1,592","1,514","1,319",920,733,"1,331","1,537","1,499","1,447","1,473",705,646,"1,278","1,476","1,450","1,508","1,368",859,817,"1,205","1,275","1,395","1,283","1,338",702,684,"1,301","1,339","1,393","1,462","1,432",788,688,"1,352","1,457","1,401","1,515","1,344",714,695,"1,419","1,251","1,483","1,475","1,075",890,671,"1,300","1,439","1,417","1,374","1,327",788,629,"1,170","1,319","1,173","1,303","1,201",546,637,"1,150","1,441","1,348","1,324","1,198",765,628,"1,339","1,447","1,507","1,535","1,539",988,764,"1,346","1,440","1,396","1,578","1,354",684,765,698,"1,380","1,364","1,612","1,369",777,741,"1,242","1,507","1,576","1,533","1,438",950,773,"1,402","1,677","1,383","1,426","1,204","1,143",730,"1,309","1,286","1,387","1,469","1,275",810,714,"1,226","1,288","1,218","1,359","1,366",723,660,"1,141","1,317","1,386","1,348","1,321",785,639,"1,095","1,262","1,260","1,577","1,231",773,688,924,"1,196","1,117","1,253",967,668,631,697,663,244,706,628,555,540,662,640
Browns Bay to Albany via Oaktree Ave,North,865,131,119,204,194,226,168,187,242,295,302,281,272,231,202,279,322,318,410,283,224,172,308,351,348,376,339,192,206,259,351,394,371,307,168,216,263,223,355,359,331,199,231,332,400,381,350,361,241,245,332,391,415,412,370,249,222,382,422,484,486,452,284,198,353,383,450,465,451,269,253,425,440,444,454,361,276,264,411,474,464,451,367,186,185,401,477,448,442,165,212,177,224,360,381,356,379,287,302,384,385,392,319,286,192,224,383,447,452,423,380,145,185,387,412,410,220,333,265,218,351,447,396,374,346,237,205,341,409,406,382,335,231,210,345,382,377,430,339,231,204,338,372,418,381,345,219,164,295,366,321,355,318,276,203,214,333,333,358,349,245,192,346,344,336,379,261,265,219,289,364,357,364,344,219,204,318,344,348,348,201,232,213,316,351,398,349,317,188,208,331,375,351,400,358,231,198,227,417,351,454,327,207,195,327,432,438,455,389,263,195,338,378,415,431,380,286,224,375,429,457,384,437,251,196,360,413,459,405,433,191,158,309,380,405,421,364,234,194,339,325,460,329,349,240,213,330,379,351,382,369,246,204,338,391,398,439,375,245,227,363,339,418,414,356,299,227,388,422,435,396,397,254,205,330,363,371,393,372,193,193,317,435,398,405,416,253,177,387,392,474,406,367,261,281,393,434,405,446,398,225,240,178,379,357,437,394,240,196,388,390,371,454,391,237,220,371,400,466,372,296,280,214,379,434,382,414,360,255,228,349,386,407,422,378,223,227,415,406,416,420,365,281,195,348,362,359,312,354,246,228,247,365,375,345,253,206,199,224,187,55,129,195,166,154,201,185
Albany to Newmarket via all Busway stations and Ponsonby,North,866,,,,,,,,"1,398","1,548","1,663","1,691","1,443",,,"1,995","2,191","2,119","2,281","1,802",,,"1,862","2,217","2,182","2,142","1,776",,,,"1,972","2,291","2,175","1,961",,,"1,715",,"2,303","2,460","2,048",,,"2,236","2,354","2,460","2,360","2,076",,,"2,266","2,515","2,388","2,348","2,255",,,"2,365","2,625","2,613","2,745","2,380",,,"2,363","2,746","2,906","2,582","2,342",,,"2,531","2,596","2,737","2,661","2,314",,,"2,397","2,687","2,711","2,494","2,230",,,"2,453","2,697","2,626","2,426",,,,,"2,035","2,356","2,409","2,086",,,"2,163","2,449","2,501","2,297","1,935",,,"2,200","2,342","2,411","2,271","2,054",,,"2,224","2,468","2,441",,"1,778",,,"2,407","2,639","2,733","2,546","2,376",,,"2,304","2,541","2,586","2,654","2,042",,,"2,236","2,393","2,407","2,345","2,088",,,"2,341","2,384","2,359","2,496","2,153",,,"2,316","2,402","2,469","2,380","2,089",,,,"2,452","2,392","2,529","2,069",,,"2,138","2,362","2,370","2,458","2,033",,,"2,061","2,225","2,310","2,264","2,102",,,"2,115","2,331","2,285","2,175",,,,"1,916","2,096","2,202","2,278","1,901",,,"1,790","2,011","2,059","1,880","1,712",,,"1,689","2,248","2,107","2,280","1,943",,,"2,362","2,511","2,613","2,496","2,180",,,"2,414","2,498","2,504","2,426","2,218",,,"2,366","2,588","2,606","2,473","2,257",,,"2,228","2,335","2,410","2,453","2,272",,,"2,207","2,377","2,500","2,459","2,195",,,"2,126","2,177","2,217","2,326","2,070",,,"2,146","2,198","2,409","2,349","2,042",,,"2,089","2,421","2,273","2,256","2,259",,,"2,205","2,243","2,351","2,352","2,072",,,"2,228","2,460","2,392","2,224","2,019",,,"2,044","2,112","2,059","2,075","1,937",,,"1,952","2,184","2,179","2,213","1,838",,,"2,211","2,290","2,303","2,359","2,031",,,"2,026","2,256","2,269","2,247","1,926",,,,"2,178","2,177","2,324","1,953",,,"2,001","2,164","2,205","2,289","1,997",,,"2,095","2,371","2,239","2,143","1,978",,,"1,960","2,196","2,156","2,219","1,924",,,"1,890","2,038","2,027","2,078","1,921",,,"1,752","2,047","2,025","2,079","1,697",,,"1,730","1,891","1,848","1,864","1,643",,,"1,542","1,886","1,726","1,745","1,526",,,865,663,,,662,,,692,688
Constellation to Takapuna via Forrest Hill Rd and Smales Farm,North,871,237,312,414,424,411,325,394,779,756,806,789,673,376,375,821,924,953,947,738,470,421,889,961,981,982,829,476,374,408,"1,129","1,457","1,457","1,347",393,454,988,470,"1,581","1,580","1,349",485,527,"1,158","1,467","1,603","1,361","1,336",503,448,"1,473","1,549","1,588","1,561","1,377",546,404,"1,494","1,617","1,742","1,569","1,524",565,430,"1,484","1,630","1,729","1,651","1,631",554,538,"1,599","1,615","1,772","1,636","1,557",587,503,"1,538","1,650","1,637","1,672","1,516",490,428,"1,572","1,642","1,717","1,582",282,422,352,346,935,"1,496","1,590","1,308",495,451,"1,370","1,513","1,520","1,355","1,255",460,484,"1,034","1,108","1,111","1,097","1,056",323,436,947,"1,157","1,114",405,753,488,421,"1,502","1,602","1,649","1,543","1,450",550,445,"1,391","1,519","1,568","1,660","1,305",576,426,"1,385","1,582","1,508","1,571","1,235",528,425,"1,307","1,430","1,500","1,594","1,319",467,399,"1,343","1,445","1,356","1,417","1,443",498,393,346,"1,248","1,434","1,399","1,240",460,290,"1,378","1,495","1,517","1,484","1,046",489,423,"1,306","1,360","1,388","1,287","1,385",473,387,"1,199","1,341","1,363","1,386",426,436,406,"1,233","1,449","1,401","1,375","1,238",455,392,849,941,995,914,841,441,453,693,"1,062",943,"1,126",837,440,342,"1,427","1,622","1,601","1,544","1,518",590,452,"1,413","1,530","1,443","1,771","1,390",500,441,"1,506","1,543","1,594","1,562","1,396",524,442,"1,453","1,491","1,615","1,532","1,407",553,362,"1,416","1,498","1,553","1,545","1,466",544,515,"1,335","1,390","1,591","1,409","1,422",615,367,"1,312","1,316","1,558","1,496","1,247",424,456,"1,331","1,376","1,460","1,481","1,303",445,409,"1,423","1,315","1,491","1,437","1,236",515,492,"1,343","1,571","1,596","1,439","1,222",496,398,895,937,908,969,866,226,360,899,"1,125","1,055","1,080",883,434,369,"1,445","1,384","1,502","1,521","1,538",630,472,"1,221","1,488","1,443","1,475","1,377",449,454,351,"1,384","1,391","1,479","1,287",560,450,"1,202","1,513","1,379","1,409","1,283",473,483,"1,249","1,411","1,413","1,382","1,049",608,433,"1,305","1,395","1,347","1,326","1,172",458,491,"1,138","1,308","1,334","1,268","1,140",431,404,"1,111","1,143","1,281","1,216","1,070",477,424,"1,056","1,168","1,019",839,845,405,413,714,952,819,867,692,378,429,413,366,146,271,371,321,349,374,393
Constellation to Browns Bay via East Coast Rd and Weatherly Rd,North,878,177,215,344,348,351,268,274,415,494,489,455,424,337,348,487,645,625,577,489,400,352,584,665,677,806,688,398,297,379,894,"1,432","1,065","1,080",380,418,"1,061",397,"1,242","1,210","1,103",396,386,"1,175","1,145","1,307","1,190","1,244",523,367,"1,208","1,197","1,257","1,324","1,237",526,387,"1,136","1,313","1,382","1,320","1,300",547,298,"1,101","1,258","1,318","1,259","1,264",535,424,"1,182","1,196","1,250","1,205","1,190",542,415,"1,133","1,333","1,296","1,280","1,255",451,423,"1,265","1,288","1,313","1,268",313,392,309,360,693,"1,260","1,281","1,218",464,382,"1,186","1,258","1,227","1,104","1,081",455,479,773,925,780,836,741,261,357,691,831,749,354,596,470,358,"1,208","1,274","1,239","1,232","1,191",472,374,"1,197","1,257","1,214","1,308","1,146",515,389,"1,105","1,229","1,205","1,302","1,066",489,451,"1,061","1,166","1,248","1,469","1,216",520,311,"1,162","1,179","1,097","1,111","1,076",466,491,325,"1,176","1,091","1,123","1,231",471,338,"1,105","1,157","1,198","1,137","1,059",497,380,"1,096","1,193","1,155","1,133","1,109",449,415,"1,067","1,098","1,122","1,204",400,363,385,"1,039","1,100","1,113","1,069","1,054",404,418,601,723,698,649,629,524,364,459,741,664,782,600,360,364,"1,087","1,204","1,262","1,187","1,203",571,370,"1,161","1,201","1,263","1,260","1,190",469,370,"1,199","1,249","1,276","1,232","1,214",513,480,"1,143","1,234","1,256","1,273",883,388,309,"1,103","1,122","1,158","1,217","1,172",468,380,"1,091","1,088","1,172","1,137","1,157",390,412,"1,190","1,203","1,197","1,224",884,470,434,"1,185","1,246","1,238","1,210","1,221",421,427,"1,296","1,147","1,276","1,066","1,081",504,474,"1,184","1,255","1,279","1,228","1,119",456,351,728,776,616,752,712,379,336,672,821,697,719,650,481,349,"1,121","1,103","1,214","1,191","1,133",504,424,"1,125","1,270","1,243","1,238","1,172",393,410,313,"1,096","1,115","1,312","1,166",474,389,"1,020","1,212","1,133","1,226","1,082",545,333,"1,163","1,223","1,107","1,087",901,507,396,"1,270","1,198","1,037","1,216","1,162",445,424,"1,069","1,074","1,078","1,058","1,004",432,431,"1,004",919,976,939,952,547,405,871,938,"1,030",742,747,437,385,609,758,726,647,541,333,358,393,288,165,244,267,265,312,342,349
Constellation to Schnapper Rock,North,883,72,96,105,120,134,89,90,190,189,178,190,183,117,84,176,216,229,207,191,115,113,198,252,229,239,285,128,85,82,247,314,410,408,134,102,294,95,417,424,362,112,79,412,399,378,373,403,176,117,421,430,440,440,396,128,87,439,499,499,472,427,157,78,410,498,478,453,477,163,126,419,474,481,449,405,146,112,414,480,474,496,399,122,89,435,436,411,420,77,119,125,103,197,448,470,456,163,118,412,413,446,385,367,134,118,253,280,253,284,290,115,131,244,268,247,116,203,151,106,412,440,474,452,449,117,109,411,437,428,435,357,129,134,378,418,391,427,385,118,118,388,407,414,440,386,132,90,384,396,335,386,365,147,105,77,393,370,397,379,107,70,364,369,392,379,274,125,80,330,373,404,379,358,138,72,358,374,384,380,97,128,95,373,353,364,425,336,133,81,227,198,269,261,209,172,113,190,307,231,287,229,118,66,416,453,420,434,407,135,98,414,434,421,430,416,125,97,402,441,422,448,405,139,93,369,433,394,414,367,120,62,369,417,352,411,346,147,95,397,378,389,406,358,118,77,374,420,375,377,314,103,87,369,425,411,399,339,99,69,381,350,421,371,300,134,138,381,411,407,397,295,128,85,218,226,214,217,223,92,86,185,288,233,212,219,123,70,358,421,418,380,366,139,125,346,378,364,357,333,103,107,89,378,374,378,290,133,96,348,339,330,323,273,151,94,266,338,316,295,233,111,112,290,278,271,288,286,142,92,303,334,342,300,259,102,106,289,337,328,323,221,115,89,236,252,243,183,224,146,95,186,209,205,232,186,125,109,102,87,48,71,100,93,62,94,92
Constellation to North Harbour Industrial Estate Loop anticlockwise,North,884,,,,,,,,145,184,173,199,176,,,180,212,201,216,204,,,276,272,255,271,251,,,,216,262,258,242,,,208,,309,258,268,,,277,254,242,295,269,,,288,244,283,323,327,,,291,322,339,299,386,,,307,340,293,298,302,,,346,319,335,323,292,,,308,293,344,339,300,,,308,276,332,316,,,,,227,263,309,325,,,304,307,299,313,273,,,289,273,256,227,209,,,239,255,239,,189,,,272,276,285,262,277,,,275,299,318,256,238,,,310,293,278,260,220,,,271,292,285,302,248,,,269,291,246,273,270,,,,311,306,306,275,,,286,276,300,292,241,,,259,252,286,289,256,,,319,294,283,244,,,,270,319,278,246,274,,,199,235,217,188,212,,,184,230,234,232,188,,,247,288,269,249,266,,,270,276,273,264,234,,,262,288,307,279,257,,,273,266,264,286,225,,,234,231,252,269,256,,,289,220,286,256,216,,,288,245,247,213,196,,,258,274,239,241,222,,,242,237,277,238,210,,,230,283,287,227,242,,,206,185,201,221,203,,,229,221,188,225,186,,,244,238,251,224,238,,,259,255,265,227,247,,,,222,269,235,227,,,233,271,244,237,248,,,263,279,247,248,195,,,193,206,229,231,217,,,240,250,238,218,207,,,212,231,214,184,201,,,195,187,195,157,189,,,138,163,144,163,124,,,92,45,,,,,,,
Constellation to North Harbour Industrial Estate Loop clockwise,North,885,,,,,,,,130,147,120,143,134,,,129,156,173,141,146,,,171,207,238,191,167,,,,175,256,255,229,,,222,,282,273,196,,,263,296,283,298,280,,,290,319,270,259,316,,,317,299,284,295,378,,,233,298,340,322,275,,,299,302,301,266,256,,,276,285,287,243,248,,,290,301,281,300,,,,,192,309,243,250,,,282,294,245,254,223,,,183,208,188,200,162,,,182,206,206,,133,,,278,344,298,273,242,,,297,262,265,270,231,,,241,240,268,203,219,,,258,274,301,267,233,,,256,227,228,219,187,,,,231,250,247,241,,,255,226,249,214,202,,,211,283,233,239,214,,,257,271,254,260,,,,224,207,229,229,207,,,170,176,185,201,135,,,143,174,172,140,155,,,254,246,214,224,217,,,235,258,227,272,230,,,265,208,262,238,211,,,256,287,240,289,207,,,239,243,291,248,201,,,234,256,251,222,218,,,258,288,275,266,225,,,264,287,275,280,227,,,265,261,271,245,184,,,241,259,293,235,197,,,176,187,186,155,152,,,183,157,203,178,165,,,286,286,268,254,244,,,246,258,223,245,187,,,,265,183,248,221,,,205,227,237,200,186,,,231,235,192,230,161,,,187,244,203,194,157,,,190,196,203,227,192,,,221,225,216,161,143,,,130,135,161,128,143,,,118,152,122,134,117,,,77,49,,,,,,,
Albany Heights Loop,North,888,,,,,,,,,,,,,,,,,,,,,,,,,,,,,,,,,,,,,,,,,,,,,,,,,,,,,,,,,,,,,,,,,,,,,,,,,,,,,,,,,,,,,,,,,,,,,,,,,,,,,,,,,,,,,,,,,,,,,,,,,,,,,,,,,,,,,,,,,,,,,,,,,,,,,,,,,,,,,,,,,,,,,,,,,,,,,,,,,,,,,,,,,,,,,,,,,,,,,,,,,,,77,88,115,110,123,135,72,89,108,142,119,146,128,79,79,144,172,173,141,133,87,80,143,179,163,148,120,65,58,131,147,145,164,128,78,71,126,123,169,126,118,63,66,158,153,149,175,146,116,92,149,187,170,134,135,76,71,159,137,167,150,99,94,94,151,166,173,189,141,73,57,140,153,117,130,126,82,61,156,158,158,185,103,67,71,163,179,168,170,141,95,69,155,149,154,160,152,81,59,65,167,162,167,149,89,62,147,174,176,169,139,84,83,124,123,106,119,74,83,59,102,115,115,121,112,94,63,105,124,141,113,104,59,55,113,127,147,153,101,98,65,117,147,141,121,131,90,70,86,123,140,136,104,71,78,81,100,25,54,82,58,64,59,57
Albany to Constellation via Hugh Green Dr,North,889,89,88,171,185,203,197,137,279,268,285,272,283,190,159,281,360,335,306,261,211,140,344,364,367,310,301,204,132,180,301,402,354,382,200,193,357,165,429,443,389,190,159,364,401,420,389,381,268,176,394,392,395,419,432,237,151,397,436,458,410,558,285,168,410,419,484,444,416,303,150,424,441,462,382,396,323,207,418,477,518,443,415,288,160,400,488,437,424,167,256,145,236,443,414,420,427,266,213,389,443,395,375,344,249,245,414,395,483,422,361,169,237,436,431,394,137,341,257,207,391,471,423,395,355,239,196,396,431,410,432,361,292,197,399,422,364,410,364,277,187,378,389,411,493,365,225,154,342,435,377,331,347,234,232,158,391,396,368,354,210,145,366,388,328,363,272,207,179,362,389,358,389,369,252,188,362,398,369,366,190,297,173,307,377,387,380,348,226,176,312,377,367,356,356,253,206,253,398,364,397,336,209,187,400,384,433,443,402,260,202,373,418,417,387,412,209,201,375,365,446,360,370,256,218,383,436,424,384,370,210,145,330,397,403,367,439,248,274,367,388,397,366,372,224,236,410,338,374,388,378,274,179,361,421,408,322,376,272,222,345,342,408,373,335,308,198,396,425,409,393,348,257,199,337,387,317,362,367,240,213,347,441,369,391,385,231,172,346,354,372,421,414,267,205,360,394,402,399,410,216,186,188,423,422,384,350,272,176,347,431,440,449,406,252,191,377,422,388,411,284,245,172,465,396,382,364,391,245,205,399,394,435,380,392,236,182,357,404,407,423,357,245,156,349,369,379,297,372,202,135,302,349,286,340,241,192,157,225,200,69,89,150,159,150,163,143
Constellation Station to Smales Farm via Unsworth Dr and Wairau Rd,North,901,114,152,191,221,223,159,176,431,492,492,430,457,203,213,434,561,617,579,495,235,200,565,537,612,574,625,228,189,186,628,788,748,802,241,253,638,226,906,830,761,232,234,731,783,760,756,738,249,266,808,851,835,789,760,294,231,743,809,898,912,811,298,182,766,840,832,812,867,282,237,801,808,912,891,824,222,261,826,916,856,857,901,230,230,827,841,947,876,143,219,154,201,582,864,857,760,248,225,847,830,870,739,681,256,227,655,708,671,692,654,156,210,650,705,678,185,564,267,230,867,885,885,803,808,269,224,823,893,981,854,728,320,227,829,870,813,695,741,253,229,704,795,859,839,777,219,198,758,825,714,726,646,212,212,152,767,807,751,750,262,178,720,806,805,816,614,237,189,772,802,805,768,799,256,205,703,796,769,807,222,220,185,720,833,777,798,734,206,199,554,571,576,581,553,234,183,401,682,607,627,488,208,194,777,853,843,854,737,257,228,753,860,850,907,859,246,172,855,871,887,851,807,234,209,809,912,917,786,803,197,219,765,850,904,819,820,247,206,806,734,835,796,809,264,206,766,809,849,813,703,238,225,804,781,825,811,798,238,220,849,754,895,801,696,224,211,806,927,870,866,743,262,206,628,619,584,627,598,227,204,587,672,575,676,627,223,187,841,845,869,874,797,242,247,794,889,857,829,744,228,217,148,820,739,800,729,252,217,735,855,785,818,715,265,235,745,835,806,799,486,219,216,716,725,731,713,635,243,207,680,727,707,712,638,217,228,639,728,748,668,631,244,175,587,689,587,518,585,210,199,429,533,596,525,520,201,158,336,316,73,141,204,201,164,227,212
Constellation to Smales Farm via Glenfield and Windy Ridge,North,906,178,218,303,338,363,254,252,452,497,559,518,525,273,233,539,624,626,692,559,273,220,609,663,711,683,630,300,202,274,767,852,902,792,323,287,682,330,844,855,831,323,271,819,858,"1,000",909,872,372,332,933,921,944,949,873,417,288,842,912,"1,022","1,037",996,377,258,885,996,"1,032",942,947,458,340,986,944,993,"1,065",901,402,298,986,"1,028","1,011","1,011","1,007",374,307,976,999,"1,078","1,087",196,346,283,305,717,"1,047","1,036","1,000",385,317,941,936,980,857,792,401,315,732,750,794,779,710,273,271,715,825,853,302,644,350,267,"1,017",973,979,897,891,386,333,884,973,988,978,864,384,322,881,914,962,960,856,356,299,871,891,919,898,900,322,264,831,851,865,858,841,370,300,274,856,942,885,926,383,237,924,861,848,886,701,363,288,777,871,917,837,898,340,256,807,888,938,892,341,348,288,714,861,942,889,870,326,298,616,673,705,666,667,337,278,453,786,702,781,583,350,282,956,972,"1,021",985,947,378,284,866,956,997,978,938,469,347,930,968,"1,009",895,932,377,303,878,888,"1,064","1,012",982,284,275,871,951,993,957,"1,011",359,310,925,900,919,960,948,348,244,949,958,"1,011","1,022",880,335,288,936,897,"1,034",901,"1,007",374,308,939,826,"1,041",991,798,361,344,912,996,"1,034",975,881,312,276,687,686,697,764,651,272,245,594,758,670,719,697,318,268,873,993,953,"1,025","1,042",351,326,959,"1,055","1,005",924,920,309,278,214,878,911,"1,061",929,319,276,879,958,938,"1,030",977,384,332,903,"1,004",935,968,743,367,315,925,"1,006",846,888,851,408,327,852,859,850,914,814,307,323,"1,009",940,878,849,842,372,290,821,860,808,726,755,380,256,630,742,706,791,676,284,273,453,421,91,278,319,303,276,338,306
Constellation to Campbells Bay via Sunnynook,North,907,52,68,103,90,113,72,70,234,270,264,268,196,98,90,252,301,286,271,277,118,74,269,329,314,314,333,139,62,89,307,381,392,333,116,94,308,107,390,421,344,109,105,371,420,362,452,388,117,104,424,412,432,394,406,144,102,438,481,437,499,397,123,64,415,480,470,475,431,130,89,444,464,506,483,393,171,94,404,465,457,464,394,115,108,439,461,449,444,76,128,85,94,313,465,415,358,125,101,388,418,417,389,374,130,93,330,400,393,381,312,83,104,308,363,349,99,262,110,79,446,468,414,439,370,108,97,394,446,469,457,347,135,86,391,440,435,425,319,141,92,406,419,464,414,396,97,82,369,412,384,398,352,101,110,81,371,386,397,382,109,60,358,422,406,426,333,115,86,337,422,374,422,345,131,108,341,381,388,405,124,129,102,359,411,420,385,385,100,102,314,329,339,272,287,107,95,247,337,319,351,265,109,61,405,453,449,398,446,121,71,403,503,466,426,406,124,88,391,456,436,417,405,126,98,405,477,474,410,408,112,89,347,462,426,472,384,107,89,418,423,440,411,385,122,85,357,420,401,421,353,133,86,402,408,432,407,421,111,72,407,402,451,462,376,125,97,417,461,437,432,405,143,94,322,328,323,359,305,127,96,314,454,412,387,331,134,100,454,497,470,458,405,152,107,445,462,431,441,395,110,98,88,409,450,458,407,114,115,403,422,428,446,418,134,100,357,458,400,448,349,102,97,367,437,404,362,380,109,139,375,389,386,400,388,110,98,373,420,442,386,308,100,89,366,409,372,343,318,104,93,286,327,320,298,287,93,97,145,183,45,66,86,79,77,114,99
Albany to Birkenhead Wharf via Albany Highway and Glenfield Rd,North,917,448,632,776,885,817,697,598,"1,016","1,136","1,115","1,171","1,165",775,660,"1,167","1,304","1,291","1,284","1,151",812,709,"1,151","1,238","1,240","1,194","1,286",275,605,733,"1,207","1,473","1,644","1,553",830,813,"1,553",765,"1,830","1,823","1,693",815,740,"1,744","1,869","1,824","1,768","1,767","1,045",767,"1,719","1,771","1,885","1,837","1,815","1,013",758,"1,732","1,900","2,094","2,082","2,065","1,102",723,"1,828","1,940","2,163","1,929","2,042","1,029",875,"1,856","1,897","1,997","2,050","1,760","1,160",891,"1,855","1,945","1,968","2,025","2,013",931,871,"1,864","2,006","1,969","2,054",432,"1,006",491,849,"1,415","1,894","1,945","1,815",978,767,"1,606","1,806","1,857","1,673","1,491",960,700,"1,329","1,467","1,446","1,475","1,281",554,687,"1,256","1,460","1,451",686,"1,292",845,720,"1,710","1,911","1,798","1,800","1,833",897,738,"1,672","1,787","1,846","1,894","1,564",957,656,"1,618","1,703","1,693","1,748","1,504",954,666,"1,581","1,575","1,689","1,884","1,673",902,643,"1,611","1,779","1,453","1,806","1,733","1,026",750,681,"1,379","1,669","1,648","1,656",865,669,"1,550","1,607","1,646","1,733","1,415",902,728,"1,423","1,591","1,589","1,664","1,637",867,714,"1,436","1,624","1,696","1,712",793,849,742,"1,417","1,565","1,683","1,667","1,718",730,733,"1,265","1,193","1,233","1,281","1,177",855,656,870,"1,453","1,245","1,428","1,257",896,716,"1,602","1,660","1,742","1,909","1,711",781,745,"1,598","1,763","1,837","1,851","1,717","1,009",759,"1,703","1,698","1,831","1,728","1,671",911,739,"1,470","1,744","1,755","1,821","1,667",647,657,"1,475","1,581","1,674","1,803","1,582",858,818,"1,518","1,533","1,642","1,629","1,736",769,676,"1,396","1,610","1,587","1,623","1,519",781,662,"1,417","1,591","1,609","1,659","1,592",772,705,"1,385","1,372","1,621","1,616","1,305",881,782,"1,507","1,587","1,589","1,615","1,504",839,635,"1,114","1,271","1,149","1,182","1,158",681,657,"1,030","1,261","1,193","1,263","1,155",900,556,"1,609","1,630","1,598","1,664","1,584",976,735,"1,546","1,587","1,601","1,666","1,436",844,798,720,"1,540","1,631","1,726","1,401",896,693,"1,431","1,502","1,530","1,645","1,550",903,735,"1,469","1,613","1,539","1,513","1,223",916,747,"1,345","1,544","1,510","1,499","1,438",930,693,"1,347","1,447","1,567","1,643","1,649",792,716,"1,382","1,492","1,539","1,487","1,410",950,667,"1,222","1,389","1,388","1,288","1,293",817,663,938,"1,256","1,304","1,305","1,215",857,716,832,700,177,908,766,729,536,727,702
Akoranga to City Centre via Hillcrest and Northcote,North,923,309,421,610,543,591,475,431,817,941,988,945,857,548,515,990,"1,102","1,157","1,113",979,522,528,"1,060","1,138","1,161","1,127",977,556,529,473,"1,006","1,181","1,262","1,106",505,571,985,528,"1,354","1,330","1,166",645,535,"1,388","1,387","1,351","1,324","1,242",736,574,"1,206","1,338","1,423","1,445","1,246",721,524,"1,519","1,709","1,725","1,647","1,516",697,510,"1,443","1,631","1,712","1,642","1,529",695,615,"1,556","1,597","1,680","1,654","1,444",793,587,"1,477","1,611","1,682","1,591","1,463",642,573,"1,542","1,518","1,680","1,568",436,655,455,509,"1,207","1,599","1,441","1,290",641,596,"1,335","1,489","1,558","1,328","1,192",670,609,"1,304","1,396","1,428","1,340","1,138",396,529,"1,223","1,287","1,378",487,"1,025",666,552,"1,459","1,576","1,508","1,471","1,364",720,588,"1,355","1,515","1,484","1,474","1,337",674,492,"1,322","1,445","1,367","1,316","1,226",608,571,"1,255","1,442","1,481","1,398","1,199",638,466,"1,197","1,280","1,177","1,314","1,180",620,619,488,"1,245","1,287","1,256","1,166",628,439,"1,177","1,261","1,264","1,277",976,644,555,"1,074","1,277","1,242","1,189","1,105",613,487,"1,100","1,210","1,223","1,136",518,588,473,"1,052","1,181","1,179","1,244","1,066",586,440,"1,038","1,141","1,134","1,086",970,602,505,"1,022","1,460","1,217","1,367","1,080",531,471,"1,343","1,449","1,478","1,468","1,255",602,527,"1,335","1,422","1,440","1,405","1,284",562,500,"1,362","1,396","1,475","1,458","1,270",587,565,"1,336","1,385","1,405","1,435","1,250",488,444,"1,296","1,379","1,459","1,413","1,309",684,543,"1,232","1,242","1,189","1,301","1,149",710,563,"1,065","1,145","1,241","1,223","1,086",616,505,"1,179","1,356","1,354","1,372","1,198",576,544,"1,267","1,190","1,418","1,311","1,089",705,536,"1,277","1,300","1,406","1,417","1,191",592,489,"1,137","1,288","1,173","1,251","1,138",290,449,"1,130","1,310","1,167","1,343","1,105",595,457,"1,203","1,322","1,348","1,372","1,184",578,515,"1,096","1,263","1,320","1,312","1,145",536,518,440,"1,230","1,316","1,221","1,096",609,555,"1,228","1,265","1,278","1,273","1,117",575,499,"1,098","1,264","1,534","1,250",854,703,528,"1,138","1,174","1,179","1,144","1,060",527,577,"1,060","1,170","1,166","1,194","1,003",496,392,"1,066","1,103","1,120","1,080",923,556,432,905,"1,028","1,058",974,937,479,425,750,972,935,891,705,483,395,512,470,196,346,451,435,343,411,434
Hillcrest to City Centre via Northcote,North,924,,,,,,,,230,253,250,267,196,,,324,357,331,352,253,,,333,386,357,365,269,,,,359,384,373,305,,,254,,418,412,258,,,346,458,443,400,324,,,404,475,394,441,344,,,451,458,476,482,366,,,404,478,465,499,387,,,472,436,447,483,377,,,415,488,470,485,351,,,450,488,487,427,,,,,353,441,446,311,,,409,463,447,443,293,,,419,452,418,427,323,,,397,441,417,,220,,,452,501,480,452,376,,,439,486,481,470,346,,,407,474,444,433,347,,,367,438,465,458,349,,,406,414,410,346,294,,,,446,407,382,300,,,358,415,348,348,284,,,344,389,346,394,264,,,334,387,385,332,,,,335,400,370,332,286,,,326,396,355,322,257,,,273,434,397,402,286,,,376,477,430,412,284,,,435,493,474,469,329,,,412,445,442,442,339,,,426,476,397,463,319,,,371,472,442,476,311,,,361,398,377,426,292,,,355,382,358,400,239,,,392,446,436,387,258,,,379,427,427,418,315,,,376,458,432,449,292,,,344,403,379,384,263,,,370,441,383,397,298,,,350,446,406,461,314,,,384,417,388,421,306,,,,410,409,398,301,,,387,418,416,387,293,,,383,405,359,413,304,,,347,393,381,366,276,,,334,372,364,369,238,,,328,328,370,343,258,,,295,304,311,301,232,,,271,286,281,266,200,,,62,44,,,,,,,
Glenfield to Akoranga via Hillcrest West,North,926,257,263,400,399,399,331,330,477,503,510,521,554,438,338,491,628,612,648,550,416,335,554,561,557,629,623,410,307,336,687,684,700,666,425,348,589,357,740,726,649,407,417,632,731,775,754,697,510,387,676,730,764,798,743,444,355,692,829,864,837,828,518,299,704,749,879,810,848,508,331,739,849,849,819,746,538,347,716,768,770,806,798,390,339,765,782,844,790,168,446,242,354,681,803,793,761,507,380,666,679,767,673,639,456,375,601,676,680,635,571,273,346,595,657,682,324,583,502,387,712,727,760,716,724,506,371,738,837,850,794,679,443,284,650,693,799,704,619,437,328,690,702,706,752,615,456,307,643,736,700,733,657,501,359,323,734,708,666,708,476,271,688,723,739,675,596,485,335,611,656,707,674,656,429,331,610,693,694,691,362,437,301,562,675,739,720,644,429,334,542,594,605,616,484,434,342,448,762,604,745,508,454,325,732,796,839,802,667,464,385,715,703,857,747,695,486,378,704,799,754,688,749,466,309,687,843,810,776,757,355,302,628,733,763,746,725,441,367,739,722,786,726,762,428,320,614,682,688,700,659,406,302,678,707,727,666,722,425,336,691,639,743,734,626,482,347,747,765,682,712,659,411,348,572,576,530,587,599,389,290,536,697,577,631,491,392,307,686,722,751,727,745,461,385,713,772,775,751,718,379,333,344,726,700,734,662,453,316,588,727,713,721,660,425,267,663,672,651,716,533,467,355,652,721,659,661,684,407,307,621,640,781,724,661,346,312,705,758,713,645,670,409,306,595,675,719,601,527,390,297,541,658,652,595,513,364,293,416,367,111,285,332,327,299,371,371
Smales Farm to Northcote Point via Northcote,North,928,20,36,56,87,75,69,35,104,92,66,85,88,61,54,108,130,107,123,94,59,60,88,97,100,106,112,47,43,39,141,162,175,162,67,66,158,48,205,187,211,82,80,205,211,214,196,206,73,73,222,225,232,216,201,75,52,204,215,213,216,179,89,60,205,213,212,208,199,74,58,190,205,239,220,221,78,58,187,200,225,214,178,65,58,218,213,221,206,37,80,55,61,139,228,207,215,91,51,222,209,201,191,169,79,75,120,131,115,135,118,57,61,127,143,102,29,95,70,48,212,248,230,205,195,84,50,193,214,220,216,185,77,81,208,228,197,193,166,110,53,195,222,205,181,190,73,54,166,204,183,219,125,75,83,48,216,202,187,213,67,43,195,192,183,205,181,73,60,176,192,175,204,192,67,55,183,176,189,200,57,75,83,172,191,179,194,156,89,55,86,116,128,138,102,70,67,81,107,100,148,88,56,48,193,220,179,180,209,68,45,171,190,212,204,210,65,60,175,206,221,213,198,57,43,194,225,197,196,181,50,47,196,190,218,186,187,67,46,192,182,193,191,185,61,55,175,200,199,220,174,64,35,175,194,180,190,190,51,50,187,182,195,200,166,65,63,202,226,202,209,193,59,46,84,110,94,118,110,51,33,87,150,121,119,128,72,39,207,206,208,228,183,54,36,202,225,199,227,191,62,54,31,161,198,203,180,59,43,194,171,189,181,134,67,52,184,197,197,200,137,49,43,181,193,187,172,212,73,53,186,193,180,173,174,60,46,186,177,176,180,172,66,50,180,177,178,137,133,48,37,124,156,118,154,86,47,41,103,75,15,28,52,42,40,38,44
Chatswood to City universities via Customs St,North,931,,,,,,,,236,270,288,239,213,,,318,428,398,330,278,,,407,388,407,407,323,,,,474,568,526,490,,,292,,565,611,477,,,517,542,521,519,435,,,556,545,616,668,447,,,630,772,778,714,629,,,589,674,754,751,599,,,635,729,715,695,566,,,672,761,792,691,513,,,762,705,749,655,,,,,382,656,628,502,,,564,573,551,560,430,,,598,614,561,549,451,,,597,629,532,,329,,,704,715,706,672,542,,,630,727,658,651,491,,,634,715,641,700,513,,,598,616,608,635,496,,,593,622,475,581,401,,,,510,548,589,480,,,500,535,532,500,380,,,444,489,499,476,397,,,463,484,420,478,,,,437,467,529,505,342,,,390,389,383,450,343,,,459,571,451,632,433,,,666,722,662,706,592,,,595,678,595,631,496,,,638,681,673,665,493,,,583,623,660,744,516,,,565,668,605,623,521,,,519,511,553,547,452,,,512,495,448,473,342,,,544,587,528,517,420,,,563,556,615,556,444,,,578,605,624,560,488,,,434,515,462,481,385,,,494,550,540,484,405,,,602,595,581,616,507,,,557,614,556,536,488,,,,601,540,550,486,,,470,540,502,516,389,,,508,507,453,495,370,,,434,571,501,504,398,,,457,486,456,437,367,,,420,486,456,408,384,,,441,463,432,354,303,,,328,373,364,364,278,,,127,107,,,,,,,
Beach Haven Wharf to City universites via Customs St,North,933,,,,,,,,559,639,631,605,518,,,811,844,830,854,610,,,843,859,910,968,707,,,,889,"1,099","1,093",871,,,637,,"1,014","1,105",896,,,"1,063","1,168","1,171","1,131",888,,,"1,031","1,136","1,210","1,146",938,,,"1,426","1,508","1,399","1,586","1,309",3,,"1,461","1,626","1,519","1,562","1,296",,,"1,408","1,650","1,496","1,546","1,182",,,"1,347","1,542","1,453","1,504","1,186",,,"1,375","1,486","1,360","1,360",,,,,771,"1,191","1,174",893,,,"1,063","1,209","1,233","1,098",879,,,"1,156","1,314","1,201","1,230",926,,,"1,130","1,296","1,275",,858,,,"1,324","1,523","1,439","1,373","1,110",,,"1,243","1,379","1,401","1,385",987,,,"1,308","1,381","1,331","1,287","1,030",,,"1,232","1,357","1,342","1,280","1,082",,,"1,257","1,415","1,208","1,158",891,,,,"1,164","1,083","1,208","1,040",,,946,"1,107","1,102","1,048",803,,,"1,073","1,101","1,021","1,099",821,,,847,"1,038","1,037","1,008",,,,903,"1,016","1,023","1,025",729,,,846,921,920,900,683,,,"1,025","1,200","1,236","1,159","1,037",,,"1,275","1,427","1,388","1,361","1,193",,,"1,224","1,316","1,357","1,353","1,124",,,"1,212","1,361","1,271","1,312","1,105",,,"1,235","1,293","1,302","1,266","1,065",,,"1,117","1,298","1,246","1,220","1,045",,,965,"1,002","1,064","1,076",881,,,993,"1,017",939,965,814,,,"1,059","1,183","1,216","1,091",957,,,"1,141","1,185","1,243","1,139",856,,,"1,174","1,210","1,248","1,246","1,003",,,"1,039","1,156","1,122","1,067",959,,,870,"1,115","1,141","1,125",874,,,"1,194","1,233","1,256","1,231",983,,,932,"1,082","1,079","1,175",904,,,,"1,183","1,047","1,110",854,,,981,"1,100","1,044","1,055",795,,,930,"1,099","1,111","1,110",780,,,884,988,"1,009",970,783,,,854,888,894,851,754,,,832,967,"1,018",974,725,,,881,818,838,764,657,,,707,844,751,697,574,,,258,196,,,,,,,
Windy Ridge to City universities via Glenfield Rd and Customs St,North,939,,,,,,,,168,184,170,188,140,,,280,228,308,258,191,,,247,311,291,304,160,,,,258,304,333,246,,,166,,395,328,240,,,346,331,366,384,266,,,372,385,399,387,309,,,467,474,466,560,361,,,482,542,524,513,360,,,490,508,497,482,383,,,480,506,443,506,326,,,436,450,467,425,,,,,237,376,373,264,,,425,443,390,376,286,,,383,409,477,408,286,,,394,406,441,,207,,,446,468,481,458,369,,,447,487,484,454,310,,,482,461,382,362,338,,,442,452,454,467,360,,,377,378,360,383,303,,,,383,342,369,335,,,304,339,413,343,240,,,425,413,363,416,283,,,347,435,372,348,,,,313,374,378,359,295,,,273,360,331,319,184,,,369,430,405,421,277,,,462,484,423,434,355,,,475,412,397,448,331,,,477,493,437,452,333,,,420,517,403,413,313,,,363,457,405,430,314,,,347,369,402,380,273,,,396,418,430,382,251,,,443,471,405,413,281,,,426,360,396,392,286,,,391,506,413,430,291,,,341,411,340,363,231,,,323,346,365,357,222,,,418,462,386,451,312,,,352,446,353,402,372,,,,411,426,371,278,,,345,387,379,388,223,,,311,355,348,337,212,,,376,305,374,343,255,,,321,378,314,265,204,,,284,258,271,254,197,,,227,321,297,278,166,,,223,265,220,201,138,,,50,36,,,,,,,
Beach Haven to Takapuna,North,94,,,,,,,,,,,,,,,,,,,,,,,,,,,,,,,,,,,,,,,,,,,,,,,,,,,,,,,,,,,,,,,,,,,,,,,,,,,,,,,,,,,,,,,,,,,,,,,,,,,,,,,,,,,,,,,,,,,,,,,,,,,,,,,,,,,,,,,,,,,,,,,,,,,,,,,,,,,,,,,,,,,,,,,,,,,,,,,,,,,,,,,,,,,,,,,,,,,,,,,,,,,841,"1,764","2,049","2,063","1,961","2,220","1,468","1,247","1,799","2,095","2,208","2,035","2,054","1,232","1,013","2,021","2,030","2,131","1,980","2,052","1,327","1,049","1,865","2,095","2,158","2,127","2,075",962,870,"1,798","2,192","2,204","2,098","2,095","1,140","1,047","1,964","2,053","2,262","2,023","2,165","1,325","1,173","1,845","1,958","2,110","1,974","1,689","1,144","1,138","1,933","2,109","2,128","2,138","2,091","1,090","1,065","2,030","1,858","2,243","2,112","1,744","1,372","1,151","1,996","2,184","2,202","2,085","1,918","1,303",997,"1,541","1,691","1,583","1,527","1,590",801,"1,007","1,404","1,735","1,461","1,641","1,499","1,154","1,065","2,054","2,241","2,183","2,120","2,284","1,322","1,251","2,184","2,257","2,331","2,337","2,293","1,200","1,186",907,"2,099","2,392","2,433","1,985","1,398","1,160","1,930","2,254","2,133","2,164","2,075","1,394","1,020","1,966","2,496","2,192","2,114","1,639","1,284","1,096","2,001","2,251","2,096","2,090","2,162","1,212","1,244","1,839","1,812","2,059","2,070","1,893","1,006",943,"2,015","2,137","2,134","1,935","2,046","1,329","1,113","1,801","2,062","2,025","1,612","1,895","1,276","1,088","1,321","1,857","1,860","1,697","1,558","1,016","1,012","1,029",992,341,711,931,936,887,928,"1,029"
Beach Haven to Takapuna via Glenfield and Smales Farm,North,941,527,762,961,"1,046",896,742,819,"1,168","1,260","1,186","1,241","1,195",788,903,"1,123","1,427","1,485","1,353","1,174",875,884,"1,302","1,326","1,518","1,545","1,474",242,649,813,"1,754","1,924","1,839","1,666",858,908,"1,548",945,"1,830","1,877","1,842",945,815,"1,862","1,780","1,930","1,871","1,814","1,018",943,"1,775","1,875","1,998","1,850","1,860","1,042",805,"1,519","1,833","2,052","2,032","1,875","1,042",779,"1,651","1,840","1,992","1,875","1,901","1,145",990,"1,858","1,861","2,057","2,027","1,787","1,176",974,"1,713","2,043","1,927","1,910","2,000",946,817,"1,838","1,924","1,952","1,978",448,944,581,834,"1,539","1,964","1,781","1,841","1,009",898,"1,699","1,910","1,947","1,710","1,633",893,924,"1,540","1,575","1,635","1,565","1,561",650,892,"1,473","1,653","1,762",813,"1,438",977,809,"1,737","1,868","1,881","1,768","1,825","1,074",828,"1,665","1,974","1,856","1,940","1,666","1,090",886,"1,570","1,709","1,840","1,901","1,567",976,894,"1,563","1,788","1,830","1,884","1,759",996,819,"1,582","1,608","1,504","1,624","1,770","1,076",853,814,"1,724","1,787","1,635","1,757",977,657,"1,628","1,723","1,854","1,775","1,494",959,870,"1,659","1,752","1,708","1,688","1,707",886,727,"1,529","1,646","1,635","1,665",872,902,901,"1,394","1,650","1,799","1,759","1,580",915,778,"1,376","1,359","1,450","1,410","1,274",945,886,914,"1,519","1,352","1,527","1,190",878,737,"1,676","1,908","1,790","1,876","1,736","1,015",871,"1,625","1,811","1,784","1,871","1,818",950,825,"1,745","1,805","1,855","1,759","1,719","1,049",899,"1,639","1,770","1,699","1,688","1,739",719,759,"1,491","1,813","1,833","1,732","1,677",916,804,"1,552","1,623","1,777","2,014","1,707",976,844,"1,637","1,682","1,730","1,815","1,602",918,841,"1,666","1,710","1,708","1,766","1,713",808,822,"1,639","1,509","1,676","1,759","1,403",914,908,"1,615","1,715","1,767","1,722","1,601",866,750,"1,230","1,401","1,305","1,442","1,413",736,855,"1,238","1,507","1,427","1,493","1,328",961,830,"1,636","1,698","1,834","1,652","1,755","1,001",913,"1,585","1,751","1,887","1,757","1,724",817,838,705,"1,611","1,649","1,825","1,782",950,786,"1,597","1,778","1,652","1,724","1,782",928,915,"1,613","1,757","1,679","1,656","1,335","1,096",891,"1,623","1,931","1,728","1,593","1,630",923,919,"1,495","1,620","1,691","1,679","1,594",757,749,"1,560","1,709","1,725","1,710","1,618",999,817,"1,367","1,601","1,503","1,360","1,416",920,843,"1,094","1,476","1,491","1,445","1,242",772,805,982,939,194,720,846,735,688,845,870
Beach Haven to Takapuna via Northcote and Akoranga,North,942,501,625,799,761,737,541,668,"1,064","1,098","1,183",997,"1,137",793,763,"1,065","1,310","1,323","1,270","1,005",786,740,"1,189","1,228","1,307","1,397","1,281",180,613,669,"1,556","1,752","1,788","1,678",746,918,"1,490",809,"2,021","1,833","1,656",946,862,"1,820","1,971","2,053","1,933","1,974",922,832,"1,903","1,941","1,936","2,110","1,867",830,681,"1,742","2,115","2,076","1,928","1,903",848,680,"1,698","1,894","1,930","1,894","1,911",971,760,"1,779","1,868","1,985","1,816","1,725",917,711,"1,749","1,883","2,014","1,839","1,770",769,788,"1,762","2,014","1,913","1,955",476,710,597,601,"1,391","2,030","1,874","1,839",902,794,"1,796","1,770","1,878","1,665","1,566",732,778,"1,217","1,346","1,316","1,299","1,243",520,637,"1,229","1,316","1,389",597,"1,102",781,854,"1,802","1,960","1,922","1,705","1,838",891,746,"1,698","1,843","1,851","1,907","1,729",878,717,"1,710","1,774","1,683","1,821","1,500",835,765,"1,605","1,759","1,949","1,799","1,718",859,608,"1,621","1,729","1,494","1,718","1,290",748,692,560,"1,713","1,599","1,577","1,637",774,577,"1,698","1,690","1,569","1,634","1,521",812,688,"1,628","1,847","1,776","1,615","1,629",825,602,"1,659","1,633","1,702","1,671",722,789,701,"1,593","1,688","1,793","1,573","1,522",635,696,"1,050","1,248","1,239","1,142","1,110",725,705,756,"1,179","1,052","1,228",890,683,8,,,,,,,,,,,,,,,,,,,,,,,,,,,,,,,,,,,,,,,,,,,,,,,,,,,,,,,,,,,,,,,,,,,,,,,,,,,,,,,,,,,,,,,,,,,,,,,,,,,,,,,,,,,,,,,,,,,,,,,,,,,,,,,,,,,,,,,,,,,,,,,,,,,,,,,,,,,,,,,,,,,
Bayview to Britomart via Glenfield Rd,North,95B,483,565,888,960,900,636,670,"1,448","1,579","1,711","1,573","1,480",778,716,"1,771","2,102","2,025","1,894","1,651",866,628,"1,977","2,150","2,190","2,163","1,736",578,605,760,"2,179","2,732","2,602","2,311",818,748,"1,686",797,"2,625","2,584","2,235",889,796,"2,353","2,638","2,820","2,610","2,266",991,740,"2,497","2,575","2,708","2,692","2,259","1,037",712,"2,558","2,686","2,950","2,804","2,537","1,056",747,"2,563","2,736","2,727","2,676","2,537","1,012",747,"2,592","2,845","2,831","2,774","2,356","1,075",831,"2,562","2,920","2,826","2,886","2,329",905,741,"2,615","2,833","2,858","2,546",509,914,581,647,"2,092","2,728","2,563","2,411",865,698,"2,480","2,660","2,752","2,484","2,166",863,718,"2,141","2,371","2,421","2,467","2,143",689,790,"2,228","2,495","2,344",860,"1,678",902,768,"2,432","2,703","2,749","2,559","2,421","1,010",661,"2,468","2,894","2,671","2,703","2,226",933,641,"2,356","2,576","2,483","2,452","2,301",800,706,"2,200","2,398","2,581","2,545","2,102",914,581,"2,274","2,566","2,306","2,375","2,020",917,711,655,"2,389","2,402","2,460","2,160",985,535,"2,073","2,410","2,383","2,333","1,846",872,675,"2,026","2,342","2,287","2,271","1,998",908,632,"2,126","2,307","2,398","2,279",695,801,634,"1,881","2,304","2,355","2,317","2,048",860,608,"1,828","2,042","2,101","2,074","1,622",887,641,"1,553","2,134","1,987","2,209","1,721",757,647,"2,222","2,458","2,526","2,598","2,174",878,752,"2,235","2,480","2,580","2,573","2,156",918,686,"2,356","2,626","2,544","2,491","2,178",972,726,"2,147","2,524","2,595","2,542","2,213",751,544,"2,191","2,544","2,448","2,489","2,098",868,701,"2,042","2,194","2,375","2,334","2,118",680,690,"2,247","2,303","2,536","2,371","1,893",872,726,"2,249","2,543","2,470","2,451","2,135",779,705,"2,336","2,245","2,572","2,427","1,923",903,657,"2,254","2,492","2,561","2,442","2,062",865,685,"1,926","2,219","1,976","2,005","1,906",500,696,"1,482","2,312","2,134","2,167","1,873",811,657,"2,442","2,517","2,543","2,551","2,090",990,855,"2,224","2,319","2,522","2,311","2,027",763,796,617,"2,293","2,577","2,490","1,905",788,744,"2,186","2,465","2,361","2,362","2,100",920,699,"2,208","2,458","2,425","2,339","1,767","1,066",798,"2,221","2,426","2,269","2,244","2,014",845,"1,042","1,966","2,139","2,093","2,104","1,877",690,658,"2,058","2,128","2,195","2,193","1,880",867,666,"1,934","2,015","1,954","1,820","1,768","1,007",680,"1,562","1,898","1,912","1,852","1,564",759,627,947,801,249,614,636,501,529,626,693
Constellation Station to Britomart via Glenfield Rd,North,95C,448,637,869,928,847,619,599,"1,003",981,"1,092","1,153",951,775,658,"1,216","1,434","1,395","1,382","1,151",813,662,"1,380","1,447","1,520","1,489","1,336",344,745,723,"1,347","1,727","1,678","1,522",829,745,"1,220",730,"1,791","1,801","1,543",815,656,"1,547","1,797","1,704","1,647","1,569",922,735,"1,604","1,855","1,798","1,837","1,612",943,633,"1,546","1,783","2,009","1,777","1,670","1,028",717,"1,693","1,867","1,965","1,897","1,682","1,056",733,"1,857","1,897","1,872","1,940","1,576","1,058",837,"1,778","1,873","1,983","1,812","1,643",945,724,"1,698","1,784","1,974","1,631",522,839,548,737,"1,487","1,807","1,874","1,541",908,786,"1,532","1,763","1,917","1,686","1,340",943,716,"1,492","1,587","1,702","1,585","1,478",625,797,"1,450","1,650","1,647",697,"1,281",975,744,"1,744","1,942","1,853","1,818","1,522",950,772,"1,643","1,664","1,938","1,833","1,457",954,641,"1,554","1,746","1,777","1,666","1,434",926,718,"1,570","1,774","1,764","1,810","1,516",878,612,"1,525","1,698","1,553","1,516","1,420",896,765,656,"1,641","1,642","1,603","1,437","1,006",554,"1,356","1,634","1,610","1,629","1,216",902,713,"1,411","1,656","1,687","1,699","1,460",907,639,"1,390","1,611","1,549","1,556",820,855,730,"1,338","1,484","1,515","1,611","1,390",797,669,"1,331","1,495","1,351","1,381","1,130",971,651,932,"1,624","1,368","1,518","1,189",856,604,"1,476","1,682","1,746","1,646","1,473","1,025",708,"1,451","1,572","1,695","1,706","1,531",987,702,"1,559","1,585","1,765","1,636","1,480",891,786,"1,468","1,602","1,645","1,707","1,478",651,604,"1,347","1,520","1,508","1,744","1,415",928,675,"1,508","1,495","1,567","1,478","1,409",764,695,"1,520","1,512","1,578","1,592","1,349",843,724,"1,568","1,429","1,631","1,781","1,608",786,655,"1,542","1,445","1,603","1,698","1,311",966,702,"1,514","1,687","1,632","1,665","1,349",968,646,"1,251","1,403","1,312","1,316","1,197",759,615,921,"1,426","1,419","1,458","1,279",835,641,"1,571","1,672","1,645","1,549","1,468","1,041",807,"1,519","1,613","1,681","1,689","1,425",689,708,576,"1,559","1,516","1,691","1,461",869,739,"1,435","1,540","1,601","1,659","1,412",877,642,"1,475","1,663","1,476","1,739","1,168",950,677,"1,363","1,617","1,651","1,481","1,370",890,"1,108","1,413","1,436","1,554","1,539","1,441",700,631,"1,503","1,378","1,535","1,440","1,369",913,752,"1,191","1,437","1,354","1,192","1,226",793,634,975,"1,251","1,407","1,295","1,072",748,632,791,608,216,563,627,593,520,592,664
Beach Haven to Newmarket via Ponsonby,North,966,,,,,,,,600,675,669,674,606,,,877,928,970,949,734,,,911,933,900,923,768,,,,995,"1,129","1,204","1,117",,,837,,"1,297","1,265","1,200",,,"1,286","1,337","1,332","1,238","1,110",,,"1,295","1,355","1,307","1,315","1,102",,,"1,368","1,342","1,452","1,329","1,247",,,"1,307","1,350","1,307","1,261","1,180",,,"1,315","1,469","1,488","1,455","1,214",,,"1,274","1,416","1,351","1,404","1,063",,,"1,247","1,438","1,416","1,245",,,,,880,"1,244","1,283","1,147",,,"1,226","1,326","1,391","1,334","1,016",,,957,"1,023",909,"1,020",786,,,945,975,975,,616,,,"1,208","1,326","1,363","1,302","1,197",,,"1,138","1,333","1,250","1,232",985,,,"1,129","1,302","1,260","1,153","1,130",,,"1,176","1,145","1,313","1,249","1,061",,,"1,227","1,316","1,168","1,149",827,,,,"1,146","1,331","1,220","1,095",,,"1,193","1,180","1,173","1,237",958,,,"1,118","1,164","1,179","1,100",994,,,"1,054","1,099","1,051","1,161",,,,910,"1,147","1,050","1,042",904,,,753,802,813,810,775,,,667,983,887,873,752,,,"1,206","1,298","1,233","1,235","1,133",,,"1,145","1,261","1,237","1,186","1,091",,,"1,112","1,218","1,219","1,197","1,112",,,"1,117","1,196","1,225","1,179",912,,,"1,082","1,165","1,060","1,125","1,078",,,"1,038","1,058","1,034","1,069",976,,,"1,093","1,140","1,045","1,027",937,,,"1,176","1,233","1,242","1,112","1,078",,,"1,025","1,237","1,183","1,072",882,,,"1,093","1,136","1,108","1,046",935,,,710,774,808,875,690,,,719,837,730,752,705,,,"1,122","1,096","1,102",909,"1,052",,,"1,119","1,108","1,147","1,110",929,,,,"1,006",963,"1,045",942,,,995,"1,083","1,028","1,042",958,,,868,"1,181","1,261","1,088",799,,,869,963,"1,037",907,779,,,817,"1,020",845,923,769,,,873,949,918,968,732,,,886,799,777,764,660,,,630,700,747,627,587,,,335,244,,,228,,,240,243
Britomart to Beach Haven via Birkdale Rd,North,97B,384,521,936,870,914,696,609,"1,059","1,082","1,237","1,205","1,049",799,584,"1,332","1,601","1,518","1,598","1,301",920,620,"1,535","1,624","1,650","1,683","1,470",383,655,743,"1,556","1,981","1,991","1,564",762,801,"1,267",717,"2,061","2,010","1,803",946,743,"1,806","2,039","2,117","1,884","1,740","1,043",745,"1,854","2,003","1,947","1,970","1,716","1,038",680,"1,778","2,157","2,081","2,113","1,823","1,075",732,"1,910","2,032","2,168","2,042","1,884","1,109",831,"1,952","2,177","2,104","2,026","1,718","1,079",851,"1,870","2,065","1,994","2,058","1,619",845,748,"1,851","2,084","2,048","1,867",593,845,595,795,"1,656","1,965","2,087","1,688",965,739,"1,810","1,945","2,022","1,923","1,465",935,716,"1,645","1,883","1,787","1,779","1,535",652,696,"1,592","1,775","1,767",750,"1,308","1,010",705,"1,888","2,199","1,898","1,908","1,723","1,044",707,"1,785","1,996","1,975","1,859","1,572",988,697,"1,767","2,041","1,887","1,849","1,493",989,745,"1,740","1,902","1,931","2,016","1,724",915,640,"1,680","1,859","1,654","1,789","1,451",965,723,667,"1,924","1,763","1,876","1,482",908,534,"1,807","1,862","1,988","1,830","1,431",887,643,"1,675","2,016","1,920","1,763","1,597",757,586,"1,768","1,777","1,854","1,634",721,853,585,"1,588","1,748","1,781","1,829","1,537",791,598,"1,402","1,596","1,643","1,590","1,268",900,691,"1,159","1,732","1,568","1,690","1,337",743,455,"1,568","1,916","1,851","1,728","1,501",876,619,"1,527","1,784","1,807","1,871","1,610",741,570,"1,573","1,765","1,688","1,777","1,484",863,651,"1,592","1,930","1,767","1,768","1,534",673,513,"1,550","1,819","1,851","1,907","1,594",831,624,"1,699","1,728","1,662","1,661","1,580",595,614,"1,535","1,851","1,642","1,619","1,309",758,529,"1,650","1,827","1,785","1,829","1,409",712,559,"1,877","1,642","1,750","1,748","1,487",803,587,"1,672","1,836","1,753","1,783","1,429",789,607,"1,337","1,559","1,484","1,545","1,270",489,518,"1,280","1,643","1,593","1,566","1,359",776,511,"1,655","1,868","1,852","1,856","1,531",895,603,"1,595","1,820","1,790","1,748","1,354",675,653,531,"1,782","1,865","2,013","1,431",710,619,"1,747","1,792","1,742","1,826","1,466",852,559,"1,694","1,984","1,894","1,888","1,316",863,582,"1,619","1,772","1,650","1,687","1,487",766,939,"1,545","1,665","1,530","1,630","1,330",616,572,"1,478","1,649","1,522","1,503","1,362",882,560,"1,351","1,602","1,578","1,435","1,277",782,539,"1,086","1,442","1,394","1,398","1,109",602,515,725,572,234,434,532,523,441,580,739
Britomart to Beach Haven via Rangatira Rd,North,97R,329,462,769,857,809,585,565,894,940,"1,074","1,028",947,634,516,"1,233","1,379","1,456","1,360","1,091",725,559,"1,293","1,529","1,465","1,358","1,158",406,585,676,"1,322","1,591","1,638","1,333",739,645,"1,050",647,"1,713","1,732","1,509",835,630,"1,544","1,769","1,658","1,670","1,389",911,617,"1,508","1,713","1,888","1,704","1,465",943,684,"1,499","1,766","1,836","1,781","1,521",879,585,"1,540","1,707","1,788","1,790","1,604","1,079",763,"1,566","1,714","1,736","1,674","1,429",965,858,"1,616","1,744","1,769","1,720","1,552",790,641,"1,583","1,781","1,746","1,693",499,784,475,637,"1,382","1,722","1,801","1,459",857,684,"1,648","1,767","1,593","1,501","1,294",805,568,"1,537","1,705","1,525","1,593","1,272",627,600,"1,397","1,651","1,627",608,"1,062",825,640,"1,548","1,722","1,675","1,616","1,266",822,632,"1,494","1,733","1,687","1,701","1,249",788,541,"1,441","1,524","1,496","1,524","1,375",889,616,"1,439","1,608","1,649","1,691","1,353",787,485,"1,373","1,600","1,455","1,527","1,157",807,654,657,"1,477","1,473","1,542","1,332",923,399,"1,356","1,600","1,533","1,544","1,097",812,585,"1,382","1,552","1,564","1,596","1,342",838,540,"1,395","1,594","1,528","1,540",708,715,568,"1,241","1,581","1,508","1,553","1,202",695,536,"1,226","1,342","1,425","1,326","1,151",823,538,949,"1,505","1,291","1,338","1,076",740,455,"1,327","1,632","1,608","1,556","1,290",747,519,"1,386","1,487","1,525","1,593","1,301",777,598,"1,372","1,611","1,509","1,549","1,390",783,623,"1,385","1,552","1,599","1,536","1,328",635,496,"1,267","1,524","1,547","1,486","1,303",725,537,"1,300","1,451","1,519","1,533","1,359",631,563,"1,259","1,486","1,514","1,403","1,191",634,455,"1,408","1,595","1,658","1,434","1,277",603,501,"1,286","1,496","1,575","1,453","1,149",782,541,"1,404","1,608","1,557","1,511","1,200",720,477,"1,295","1,462","1,275","1,270","1,148",342,429,"1,019","1,516","1,454","1,383","1,123",675,491,"1,351","1,567","1,541","1,582","1,289",873,642,"1,368","1,575","1,529","1,619","1,206",564,515,435,"1,472","1,566","1,581","1,254",713,512,"1,449","1,668","1,536","1,553","1,214",734,509,"1,403","1,589","1,801","1,561","1,153",822,500,"1,339","1,471","1,437","1,488","1,185",642,891,"1,322","1,423","1,473","1,358","1,156",542,528,"1,241","1,411","1,337","1,516","1,290",744,500,"1,124","1,388","1,407","1,235","1,148",672,508,960,"1,276","1,177","1,243","1,107",588,414,649,484,206,386,554,531,451,529,663
Waiwera to Hibiscus Coast Station via Orewa,North,981,283,346,385,418,412,323,366,496,530,568,557,562,449,357,460,562,560,616,504,362,386,565,562,654,600,563,398,323,319,591,695,766,761,414,384,708,436,765,787,724,400,334,713,749,867,820,765,519,402,772,720,827,765,769,462,272,677,757,845,879,832,436,270,640,723,840,694,750,390,345,745,756,896,801,686,506,352,706,842,877,763,818,378,279,707,845,820,768,214,567,251,289,524,736,724,695,390,341,656,736,650,610,586,403,396,539,546,622,587,503,227,293,512,559,648,289,483,432,325,572,735,775,621,669,362,353,613,663,749,730,502,386,257,581,614,629,606,562,418,363,545,614,778,648,649,341,279,575,666,582,642,619,400,369,277,621,718,667,604,429,290,603,583,681,724,512,407,306,567,635,667,642,635,376,326,554,615,746,702,291,347,306,564,598,684,548,574,341,222,444,526,561,476,472,358,279,284,508,420,570,389,307,250,586,624,706,699,660,434,377,547,631,678,631,631,372,335,628,671,726,619,646,393,342,573,714,769,653,710,329,280,535,652,615,678,696,343,369,594,674,697,638,723,333,291,596,646,686,732,668,389,387,593,660,778,736,707,362,325,594,580,761,668,559,409,347,644,635,730,711,612,431,302,512,628,415,559,565,315,315,416,608,529,594,503,381,274,624,696,724,689,729,481,356,625,782,713,814,735,424,373,319,724,696,740,644,377,316,613,718,680,719,700,460,343,624,710,560,604,463,407,270,643,763,678,675,716,487,349,566,583,747,698,653,304,307,643,721,722,731,572,398,363,468,572,581,472,557,410,322,410,558,518,559,509,331,325,381,314,138,312,326,314,313,378,278
Gulf Harbour to Hibiscus Coast Station via Shakespear Rd and Whangaparaoa,North,982,384,487,607,703,714,532,499,758,745,775,811,746,571,494,823,946,974,937,828,620,517,892,919,"1,075","1,073",902,607,569,609,"1,007","1,275","1,208","1,159",619,645,"1,043",668,"1,198","1,253","1,203",745,667,"1,166","1,329","1,323","1,256","1,174",956,733,"1,183","1,294","1,283","1,333","1,265",868,605,"1,173","1,339","1,383","1,331","1,270",874,642,"1,039","1,237","1,275","1,310","1,216",879,723,"1,198","1,297","1,261","1,269","1,148",770,755,"1,135","1,371","1,296","1,307","1,253",742,563,"1,189","1,352","1,319","1,352",486,704,423,558,"1,043","1,304","1,235","1,149",722,683,"1,173","1,295","1,296","1,176","1,040",680,666,"1,116","1,111","1,185","1,086","1,025",483,583,"1,057","1,129","1,102",606,896,668,539,"1,148","1,263","1,252","1,100","1,142",754,604,"1,052","1,166","1,196","1,178","1,047",796,530,"1,064","1,155","1,164","1,214",971,702,610,"1,040","1,070","1,149","1,172","1,009",700,617,"1,069","1,129",901,"1,097",997,741,581,553,"1,112","1,123","1,020","1,026",634,533,"1,071","1,124","1,135","1,034",914,674,571,988,"1,054","1,071","1,131","1,028",670,559,933,"1,005","1,081","1,136",643,580,566,983,"1,020","1,102","1,041",864,603,505,800,904,915,833,829,584,449,649,949,812,957,769,552,436,985,"1,044","1,103","1,117","1,021",805,592,964,"1,094","1,131","1,090","1,067",613,631,"1,083","1,214","1,120","1,029","1,012",828,676,"1,008","1,244","1,134","1,052","1,163",607,558,"1,038","1,088","1,177","1,143","1,140",739,633,"1,096","1,030","1,088","1,051","1,086",661,563,"1,033","1,142","1,117","1,090","1,095",770,676,"1,086","1,152","1,277","1,091","1,240",711,627,"1,052",955,"1,177","1,084",931,915,687,978,"1,119","1,130","1,037","1,011",817,528,918,950,955,915,983,512,495,821,"1,049",921,"1,013",869,618,440,"1,107","1,167","1,165","1,165","1,075",737,672,978,"1,138","1,062","1,095","1,048",580,661,484,"1,067","1,055","1,135","1,152",668,515,"1,063","1,102","1,109","1,249","1,110",717,551,"1,071","1,180","1,052","1,081",896,727,578,"1,012","1,146","1,081","1,061","1,073",664,653,987,"1,029","1,093","1,109","1,074",599,585,982,"1,201","1,145","1,092","1,020",691,601,936,"1,005",969,938,988,612,523,733,968,995,880,862,544,546,580,495,141,409,564,474,412,471,585
Gulf Harbour to Hibiscus Coast Station via Whangaparaoa and Red Beach,North,983,186,229,296,358,327,270,217,367,368,408,415,367,245,223,394,423,466,440,394,281,244,426,423,503,510,496,265,227,221,484,545,553,504,296,207,423,317,533,523,527,343,262,463,547,567,517,486,376,256,495,562,581,558,558,322,218,479,599,641,596,521,399,234,494,482,568,573,595,403,269,464,547,546,561,544,380,286,461,529,571,521,574,327,304,481,555,583,548,181,367,197,292,461,532,502,483,332,317,493,556,549,460,450,311,250,474,520,433,497,438,266,276,472,518,510,243,415,278,252,469,529,496,511,471,331,304,453,533,487,546,533,343,194,450,472,444,542,422,303,296,408,514,475,487,430,322,237,435,462,401,453,463,326,243,282,515,479,449,427,305,214,383,486,538,523,399,300,189,410,505,485,493,490,282,244,433,444,438,555,284,241,215,378,502,516,481,386,259,219,376,411,357,401,324,267,186,269,421,367,431,346,237,218,417,482,452,453,440,311,235,439,515,501,527,483,287,267,458,492,480,479,508,311,266,437,527,446,509,473,254,255,419,500,500,535,480,301,300,436,429,446,474,504,301,245,452,483,489,520,509,264,250,544,533,551,522,566,339,279,554,477,564,577,462,380,335,528,529,579,602,582,422,337,511,546,430,525,454,277,255,424,526,463,528,485,349,283,594,585,611,655,604,379,363,508,588,617,639,647,352,352,353,590,591,684,605,370,291,607,692,601,714,568,381,309,545,716,553,636,521,367,297,572,607,569,549,528,342,304,490,566,585,637,622,336,296,557,547,647,646,549,400,303,504,614,610,516,583,352,263,436,589,562,624,466,309,304,377,291,79,273,289,238,271,317,342
Orewa to Hibiscus Coast Station via Maygrove,North,984,50,46,103,90,103,77,75,90,107,94,100,88,61,71,101,125,101,123,112,76,85,104,118,118,100,124,84,53,65,138,118,146,141,62,98,134,71,163,143,114,93,77,117,155,156,144,161,126,91,143,148,174,109,138,113,59,114,159,139,137,142,105,68,92,101,187,151,158,87,93,121,139,167,137,105,93,60,126,123,173,142,138,72,79,165,151,154,125,44,122,72,80,134,151,133,146,72,83,119,117,121,94,100,82,74,114,129,140,132,94,44,55,96,120,121,67,109,59,116,107,139,144,148,122,103,55,89,138,175,138,110,110,50,92,129,132,130,92,97,59,101,122,143,111,116,72,64,126,105,94,98,153,96,77,80,156,151,128,110,81,42,102,112,153,113,91,74,75,114,133,130,131,113,77,51,133,110,144,142,66,95,71,97,128,121,117,104,79,63,89,98,103,86,116,78,66,50,117,84,117,103,71,50,105,115,125,116,127,72,75,86,131,125,117,136,71,74,127,140,146,117,114,81,43,117,116,142,106,115,61,70,87,135,99,128,115,81,66,119,111,125,117,103,64,60,110,112,104,127,108,88,60,103,138,123,119,125,89,52,116,85,107,90,108,63,56,118,86,127,108,106,73,61,119,98,94,112,84,55,62,77,101,73,88,102,59,42,106,124,120,132,122,61,85,105,115,122,131,113,78,80,63,98,102,122,128,59,35,106,104,79,108,106,88,61,80,102,93,91,52,75,62,123,101,144,96,113,81,51,111,93,123,96,128,54,52,92,89,84,99,81,50,60,95,89,116,83,108,54,43,54,95,104,85,81,66,72,73,64,15,46,80,66,53,80,54
Orewa to Hibiscus Coast Station via Millwater,North,985,174,304,334,356,380,270,287,472,422,481,461,410,313,264,438,527,532,567,421,309,269,427,544,560,515,480,343,259,339,495,723,678,677,355,370,658,366,784,757,735,359,324,686,737,760,728,771,482,389,748,740,821,783,765,444,282,657,789,920,875,751,515,293,702,744,821,851,877,423,374,727,782,813,802,725,477,371,757,796,847,809,835,417,389,742,834,872,746,205,543,279,355,597,818,790,715,431,323,693,743,802,606,617,429,294,565,598,622,605,501,223,294,554,635,608,280,460,448,362,658,749,806,679,687,372,345,655,696,787,709,639,445,229,646,673,686,723,643,424,347,634,677,692,719,613,335,232,608,662,582,630,678,405,313,298,545,634,649,622,368,193,635,621,663,652,543,349,244,549,580,667,627,658,308,291,591,613,653,675,364,378,297,586,548,630,588,636,287,238,492,485,447,434,444,317,207,225,478,419,517,349,257,228,640,657,704,708,675,379,273,550,628,750,642,631,393,280,597,659,727,574,655,394,285,617,619,759,691,654,282,240,574,645,675,660,696,356,300,579,526,699,620,632,336,302,530,625,651,653,649,385,300,576,607,658,696,685,336,274,625,564,650,659,501,351,325,583,594,710,606,626,365,276,490,567,484,510,480,234,281,421,567,445,615,521,304,235,612,685,738,732,702,447,359,641,698,734,698,698,341,335,253,635,631,757,630,332,220,563,639,672,680,656,377,313,558,627,615,630,441,388,260,622,677,622,586,665,360,301,542,606,614,633,632,284,246,577,599,633,631,587,337,242,488,569,578,406,566,321,334,349,520,518,559,436,272,253,370,245,87,200,314,232,250,244,260
Albany to Hibiscus Coast Station via Dairy Flat,North,986,,,101,91,103,,,102,100,89,95,102,,,99,101,109,130,113,,,122,115,112,109,109,,,,107,133,132,140,,,157,,171,211,185,,,196,203,170,191,168,,,183,202,230,238,193,,,233,224,234,244,261,,,197,240,210,230,229,,,202,176,206,226,220,,,192,225,187,207,224,,,189,201,209,223,,,,,134,181,204,172,,,163,202,179,172,161,,,147,135,126,109,145,,,116,123,138,,92,,,197,198,201,193,209,,,189,170,167,194,147,,,141,165,141,174,174,,,170,140,143,160,153,,,143,163,168,149,143,,,,111,143,139,155,,,131,156,168,142,132,,,149,164,138,157,120,,,170,154,136,177,,,,128,142,148,172,146,,,119,152,107,192,92,,,111,142,106,157,123,,,188,194,178,159,180,,,171,187,146,140,146,,,154,176,166,144,156,,,177,153,164,173,179,,,157,188,145,147,119,,,162,161,161,142,181,,,163,176,174,156,155,,,204,174,174,145,129,,,118,137,139,166,120,,,168,178,133,151,150,,,111,109,113,123,131,,,90,104,118,115,111,,,188,190,153,173,141,,,153,149,143,146,155,,,,185,177,143,125,,,147,155,153,209,146,,,125,164,163,152,154,,,145,157,175,127,149,,,127,145,135,135,125,,,144,145,135,125,134,,,93,132,155,139,109,,,109,130,152,134,124,,,90,71,,,85,,,81,69
Gulf Harbour Ferry to The Plaza via Army Bay,North,988,,,,,,,,38,47,64,60,112,,,59,65,64,68,40,,,68,50,61,63,49,,,,45,94,68,59,,,71,,66,69,63,,,69,61,59,67,68,,,51,64,73,77,85,,,87,81,67,89,82,,,41,70,75,58,95,,,75,92,86,86,70,,,64,71,81,97,90,,,83,90,75,116,,,,,69,74,88,74,,,62,76,74,46,57,,,74,72,72,52,79,,,82,90,79,,55,,,63,114,75,75,68,,,70,74,84,59,65,,,52,70,69,84,61,,,60,65,80,90,57,,,51,69,46,56,71,,,,87,62,57,69,,,51,56,77,55,51,,,54,67,55,45,69,,,53,59,53,88,,,,56,66,43,67,67,,,49,64,50,62,76,,,23,66,49,83,53,,,59,61,48,66,54,,,41,56,42,72,48,,,44,70,62,68,48,,,71,91,80,81,66,,,48,83,42,74,33,,,73,59,38,52,66,,,54,69,51,83,60,,,70,67,62,70,67,,,51,50,47,48,47,,,68,45,40,55,44,,,47,65,15,42,88,,,33,77,57,80,53,,,49,39,46,65,56,,,41,61,41,56,63,,,,45,37,61,66,,,43,42,54,81,52,,,33,74,74,49,9,,,59,75,57,40,79,,,44,42,49,52,68,,,45,80,55,83,63,,,40,63,68,31,77,,,30,55,57,91,48,,,45,40,,,,,,,
Hibiscus Coast Station to Milldale loop,North,989,20,45,40,57,47,34,49,60,70,78,96,58,36,40,94,113,95,113,72,47,38,89,76,112,110,86,35,25,38,82,136,125,133,41,39,138,40,217,212,167,54,46,187,214,214,202,180,64,52,193,223,219,199,166,56,33,177,227,259,241,187,52,40,182,214,238,227,172,62,60,204,209,242,206,158,66,43,196,221,225,224,190,77,47,199,218,222,212,38,49,43,40,108,224,187,167,60,71,215,193,191,162,138,55,51,135,151,155,164,112,35,54,164,150,131,43,90,50,56,207,222,209,182,186,50,62,196,202,220,192,147,65,45,199,196,182,143,151,61,55,174,177,220,197,149,62,38,174,201,162,166,144,62,38,54,196,221,208,155,53,36,160,206,215,194,139,59,37,164,208,188,193,154,63,32,189,186,218,201,59,66,57,164,175,206,174,163,41,40,118,141,127,112,85,60,35,76,158,132,154,122,63,34,193,230,213,182,151,56,64,170,208,230,196,179,50,43,187,226,216,208,155,46,51,195,234,239,201,161,42,52,171,189,195,196,192,58,52,177,217,224,191,177,42,63,183,230,229,236,180,45,51,207,229,227,227,202,59,54,206,195,243,208,129,51,40,227,262,233,222,154,23,38,153,149,146,135,109,51,45,133,164,156,160,129,45,32,213,253,236,228,183,72,55,215,245,227,238,186,46,48,32,215,229,230,192,67,52,193,229,201,229,201,61,41,193,203,176,219,126,62,48,192,224,215,200,147,63,67,190,219,210,207,146,56,40,177,225,207,201,139,41,35,177,179,175,141,148,52,47,105,152,165,136,112,50,50,75,60,15,32,60,41,44,45,74
Warkworth to Hibiscus Coast Station,North,995,111,137,178,178,139,142,129,184,190,222,201,189,154,85,229,201,251,227,215,145,109,216,252,259,263,259,163,146,145,251,279,253,229,173,159,205,167,223,253,236,211,164,248,286,245,245,253,158,170,244,254,247,261,297,210,138,280,277,299,282,275,202,170,242,246,261,282,278,232,149,261,269,270,259,257,222,190,266,266,279,253,279,184,130,296,222,224,270,110,196,117,193,300,273,257,241,158,216,247,248,277,194,231,226,157,281,292,314,323,241,122,115,259,304,333,169,268,157,127,235,273,250,254,265,147,151,240,228,251,275,209,220,128,236,238,238,204,248,222,177,228,211,247,268,212,179,111,210,223,206,211,270,226,121,166,202,200,238,216,153,102,209,201,192,200,201,121,107,188,211,213,227,181,135,127,205,227,204,265,168,168,115,201,188,205,184,193,158,154,219,227,263,223,195,172,117,179,250,196,271,194,115,133,209,209,269,253,190,203,151,237,201,200,215,209,147,144,254,196,248,237,206,214,192,188,256,241,255,230,132,143,195,175,234,258,227,188,149,233,238,218,227,231,159,142,226,196,195,258,209,218,134,202,209,163,227,226,164,109,186,145,184,228,198,176,131,218,199,239,207,201,187,132,221,239,221,210,215,143,112,169,268,193,263,327,189,92,236,177,226,266,240,193,175,238,240,271,254,221,131,109,141,219,202,269,240,169,88,229,222,277,287,229,167,127,239,265,262,236,249,208,115,233,208,237,260,274,193,124,248,252,253,268,250,157,109,227,261,208,193,260,115,119,242,217,239,179,195,111,114,209,240,172,239,200,127,99,156,130,40,85,122,188,97,97,107
Warkworth to Algies Bay via Snells Beach,North,996,9,22,31,33,23,25,15,68,46,53,71,50,19,11,48,53,44,51,61,20,22,49,61,51,75,61,20,20,23,47,72,41,50,27,15,55,22,58,55,44,43,34,58,62,45,54,58,29,29,55,55,75,52,89,38,24,59,63,46,59,59,40,23,59,49,55,69,61,50,34,39,76,66,55,51,41,32,61,73,62,62,73,21,26,80,61,52,67,49,28,32,31,84,67,59,65,25,35,71,62,64,53,45,35,30,81,74,78,66,60,17,25,68,81,70,21,64,35,28,60,37,64,52,62,24,36,60,47,47,51,38,43,24,60,51,41,32,45,28,11,53,38,65,68,50,24,18,54,42,45,69,76,34,28,32,51,35,61,60,28,18,41,46,45,43,33,28,19,44,36,36,39,61,15,17,75,42,46,57,26,32,16,44,50,52,46,58,37,32,83,45,38,50,48,11,20,33,50,30,46,42,19,16,43,40,41,59,60,61,31,47,46,47,43,56,29,18,35,36,44,52,42,37,33,41,51,44,46,43,17,45,46,48,52,46,73,42,17,43,58,47,55,48,31,20,63,51,36,65,49,30,20,67,52,42,49,61,27,17,64,44,56,44,41,42,27,75,52,63,58,35,24,18,54,36,55,48,58,20,39,42,78,43,60,51,32,46,52,46,52,51,34,62,37,48,59,62,50,41,37,38,35,48,57,64,52,39,29,63,71,55,51,70,35,21,57,84,53,57,53,29,15,56,64,40,40,34,32,30,49,55,50,50,56,18,8,35,55,62,57,49,9,19,76,40,53,56,42,17,9,37,51,64,72,43,13,20,43,21,8,7,11,10,11,33,26
Warkworth to Omaha via Matakana and Pt Wells,North,997,46,38,30,32,12,28,10,50,67,55,42,33,58,21,20,34,37,31,31,23,14,27,79,60,44,53,43,13,46,53,56,58,51,42,19,49,52,47,51,29,25,31,39,71,48,55,36,40,25,41,42,60,37,45,79,29,43,40,58,54,54,33,13,34,42,51,32,32,50,16,44,36,49,45,40,46,24,42,56,50,30,39,35,13,39,38,40,47,12,84,19,49,34,59,44,34,45,21,38,51,52,43,36,36,28,31,40,62,56,56,22,25,39,50,40,7,39,42,17,39,46,48,52,33,29,27,53,38,36,40,33,30,22,31,55,42,55,44,47,15,32,52,51,58,48,45,6,42,47,39,41,36,26,10,16,21,42,40,48,30,13,43,53,38,41,34,17,21,41,46,37,44,32,27,21,37,42,46,39,33,34,10,33,43,50,45,35,39,3,33,20,47,25,35,23,11,14,43,28,30,16,11,11,39,44,38,44,38,32,22,27,32,39,27,43,25,23,46,37,45,28,22,49,18,32,28,48,49,32,15,12,39,40,36,53,30,40,20,33,52,43,32,44,25,26,31,38,26,38,25,78,17,37,35,31,33,46,45,11,42,44,33,51,37,46,19,53,48,74,45,29,33,32,34,41,29,54,65,46,17,41,69,22,36,52,58,13,40,37,58,41,35,72,12,46,36,34,39,28,22,37,63,41,43,47,50,54,16,45,44,59,48,41,52,17,50,48,43,41,37,76,13,60,73,47,42,50,56,21,54,38,61,71,57,16,11,60,46,62,70,55,21,7,47,55,55,60,52,26,12,29,41,51,49,45,22,8,16,12,1,5,20,105,15,4,19
Warkworth to Wellsford,North,998,48,37,43,47,40,35,42,86,71,70,62,59,36,27,64,78,65,47,52,41,39,87,73,84,88,77,29,28,35,105,94,92,76,19,44,113,47,104,95,94,34,44,102,114,138,116,113,57,41,121,117,116,100,85,40,29,109,103,106,117,88,45,38,94,93,116,94,93,46,61,88,100,100,96,92,68,47,107,86,116,105,103,28,36,99,130,106,94,27,40,24,61,57,122,85,94,40,73,103,122,104,83,78,58,49,104,130,68,83,88,38,49,76,88,96,39,52,38,41,95,106,101,67,113,56,60,87,108,96,139,95,38,46,91,94,96,67,82,54,40,73,78,118,114,100,63,43,83,103,76,97,83,62,36,24,104,98,88,113,48,39,93,103,104,106,95,39,43,97,125,98,79,80,34,41,112,103,101,109,67,52,38,105,110,97,103,94,52,60,63,76,90,85,88,52,40,41,93,75,87,65,28,57,111,109,119,110,95,45,48,102,90,104,108,87,36,41,111,108,108,107,111,46,119,87,112,109,100,96,30,40,88,111,101,82,59,58,52,91,128,104,84,122,60,24,107,113,93,111,89,37,30,109,112,114,105,90,35,46,100,78,92,110,103,57,65,112,111,121,96,90,55,38,50,76,66,64,61,37,27,68,80,71,85,62,37,40,119,108,93,119,95,57,39,100,115,105,102,79,30,31,31,105,91,121,96,43,43,90,102,97,82,85,44,53,94,112,109,81,59,45,50,97,104,91,94,90,48,34,87,113,154,111,76,45,41,82,117,83,96,68,36,35,80,58,86,55,63,40,30,60,65,71,66,46,25,34,47,41,17,20,32,28,36,37,35
Warkworth Loop,North,999,,,,,,,,,,,,,,,,,,,,,,,,,,,,,,,,,,,,,,,,,,,,,,,,,,,,,,,,,,,,,,,,,,,,,,,,,,,,,,,,,,,,,,,,,,,,,,,,,,,,,,,,,,,,,,,,,,,,,,,,,,,,,,,,,,,,,,,,,,,,,,,,,,,,,,,,,,,,,,,,,,,,,,,,,,,,,,,,,,,,,,,,,,,,,,,,,,,,,,,,,,,34,27,39,42,47,42,40,18,65,34,68,54,46,33,17,37,39,78,34,43,34,17,52,50,75,55,45,19,10,47,44,62,57,54,16,26,49,41,55,54,71,35,18,41,54,51,60,44,21,22,47,57,59,54,44,12,23,46,30,60,40,53,41,16,59,45,66,64,55,25,17,35,45,29,42,44,46,30,30,52,43,61,58,27,8,49,46,59,48,53,68,18,40,43,42,56,47,32,10,30,67,53,50,57,35,26,38,50,37,40,52,30,9,67,64,28,50,42,33,22,41,43,51,65,52,34,585,65,48,50,60,44,24,20,43,52,48,72,42,27,11,40,49,97,43,31,29,31,24,36,40,50,55,23,32,33,44,2,21,61,33,15,35,30
Airport Link: Manukau to Airport via Puhinui,South,AIR,954,981,"1,181","1,204","1,218",913,947,"1,344","1,351","1,393","1,367","1,356",941,890,"1,392","1,556","1,542","1,588","1,544","1,033",887,"1,675","1,679","1,741","1,685","1,714",881,705,811,"1,700","1,838","1,814","1,779","1,083","1,082","1,731","1,105","1,971","1,874","1,649",865,753,"1,836","1,719","1,890","1,780","1,852","1,002",901,"1,867","1,958","1,955","2,002","1,918","1,390","1,089","1,941","1,958","2,059","2,067","1,960","1,386","1,204","1,903","1,872","1,983","2,082","2,015","1,487",969,"1,859","1,861","1,838","1,912","1,856",975,857,"1,771","1,965","1,920","1,951","1,966","1,231","1,153","1,916","1,889","1,939","1,605",840,"1,071",812,897,"1,687","1,923","1,990","1,633","1,042",861,"1,523","1,667","1,947","1,780","1,575","1,171","1,138","1,777","1,889","1,797","1,764","1,554",789,838,"1,631","1,659","1,716","1,154","1,473","1,197",990,"1,784","1,852","1,726","1,722","1,733",934,753,"1,644","1,739","1,721","1,638","1,465","1,189",812,"1,580","1,568","1,586","1,638","1,562",854,825,"1,468","1,302","1,657","1,597","1,597","1,068",810,"1,541","1,385","1,478","1,610","1,574",972,841,868,"1,534","1,626","1,577","1,522","1,054",865,"1,522","1,571","1,585","1,705","1,434","1,164",852,"1,553","1,664","1,681","1,637","1,602","1,135","1,008","1,592","1,823","1,645","1,750",944,976,910,"1,618","1,669","1,561","1,769","1,508","1,126",961,"1,624","1,606","1,576","1,624","1,639","1,108","1,119","1,355","1,501","1,489","1,540","1,495",912,719,"1,355","1,610","1,743","1,683","1,689",976,939,"1,650","1,572","1,692","1,655","1,614","1,022",922,"1,675","1,703","1,519","1,448","1,577","1,046",795,"1,506","1,713","1,742","1,743","1,616",965,912,"1,534","1,585","1,912","1,679","1,684",874,815,"1,630","1,552","1,676","1,812","1,740","1,064","1,045","1,683","1,710","1,811","1,719","1,657","1,122",892,"1,693","1,781","1,793","1,765","1,780","1,134","1,146","1,829","1,854","1,887","1,993","1,664","1,453","1,481","2,024","1,875","1,965","1,958","1,649","1,290","1,097","1,883","1,951","1,783","1,966","1,805","1,096",762,"1,547","1,783","1,748","1,968","1,878","1,085",992,"1,785","1,694","1,813","1,864","1,741","1,440","1,194","1,768","1,904","1,889","1,682","1,635","1,066","1,149",992,"1,836","2,131","1,809","2,102","1,455","1,291","2,073","2,082","2,117","2,132","2,040","1,679","1,491","2,436","2,527","2,458","2,884","2,286","2,295","1,750","2,134","1,819","1,895","1,762","1,739","1,184","1,176","1,814","1,771","1,861","1,915","1,966","1,178","1,138","1,921","1,830","1,744","1,745","1,708","1,249","1,153","1,735","1,645","1,680","1,667","1,627","1,314","1,077","1,476","1,688","1,753","1,663","1,475","1,115","1,076","1,356","1,361",763,"1,371",963,"1,001",739,961,893
City Link: Wynyard Quarter to Karangahape Road via Queen St,Central,CTY,"1,268","1,475","1,742","1,924","1,927","1,537","1,382","2,015","2,232","2,293","2,332","2,303","1,893","1,592","2,278","2,507","2,764","2,751","2,392","1,980","1,603","2,681","2,939","2,981","3,265","2,969","2,140","1,402","1,801","2,724","2,963","3,219","2,794","1,800","1,885","2,437","1,803","3,035","3,199","2,852","2,304","1,560","2,837","3,173","3,546","3,297","2,809","2,214","1,946","3,176","3,136","3,434","3,344","3,114","2,266","1,630","3,042","3,600","3,517","3,366","3,406","2,576","1,762","3,138","3,369","3,447","3,665","3,303","1,983","1,951","3,154","3,413","3,579","3,781","3,388","2,362","1,556","2,949","3,424","3,640","3,680","3,312","2,224","1,787","3,213","3,539","3,661","3,654","1,024","1,799","1,168","1,360","2,931","3,451","3,616","3,172","2,189","1,971","3,253","3,465","3,523","3,243","3,060","2,006","1,661","2,983","3,436","3,385","3,531","3,353","1,804","1,916","3,054","3,474","3,733","1,739","3,010","2,339","1,891","3,120","3,426","3,641","3,587","3,251","2,105","1,885","3,016","3,530","3,638","3,603","2,929","2,180","1,325","3,153","3,400","3,461","3,443","3,235","2,316","1,763","3,077","3,413","3,647","3,393","3,208","2,440","1,332","3,024","3,486","3,272","2,863","3,006","1,757","1,567","1,630","3,011","3,224","3,245","2,871","1,533","1,353","2,896","3,302","3,405","3,365","2,808","2,223","1,753","2,903","3,380","3,195","3,288","3,159","1,866","1,600","2,813","3,129","3,304","3,139","1,964","1,994","1,627","2,886","3,334","3,317","3,188","2,774","1,843","1,606","2,804","3,184","3,207","3,476","3,209","2,380","1,697","2,604","3,308","3,213","3,517","2,978","1,738","1,391","3,019","3,518","3,528","3,597","3,343","2,176","1,680","3,149","3,572","3,603","3,626","3,352","2,235","1,558","3,029","3,323","3,647","3,576","3,220","2,110","1,780","2,647","3,362","3,444","3,591","3,342","2,077","1,768","2,924","2,897","3,534","3,318","3,112","2,132","1,807","2,809","3,084","3,439","3,273","3,365","1,196","1,835","2,910","3,203","3,037","3,465","3,280","2,115","1,908","2,803","3,474","3,446","3,620","3,070","1,904","1,843","3,085","3,551","3,710","3,712","2,908","2,261","1,673","2,977","3,701","3,651","3,545","2,950","2,242","1,721","2,963","3,343","3,289","3,473","3,135","1,801","1,544","2,988","3,473","3,502","3,840","3,282","2,168","1,696","2,997","3,408","3,742","3,529","3,291","2,009","1,810","2,953","3,453","3,792","3,687","3,161","1,902","1,915","1,548","3,563","3,715","3,939","2,842","1,793","1,607","3,286","3,487","3,455","3,520","3,349","2,398","1,904","3,269","3,905","3,791","3,870","3,538","1,964","1,678","2,936","3,557","3,696","3,600","3,336","2,087",658,"3,059","3,152","3,582","3,683","3,343","1,830","1,773","3,099","3,375","3,520","3,808","2,851","2,499","1,901","2,586","3,531","3,289","3,259","2,829","1,722","1,878","2,537","3,144","3,185","2,998","2,839","2,058","1,798","2,018","2,131",929,"1,712","1,713","1,769","1,690","1,779","1,918"
"Inner Link: Britomart, Parnell, Newmarket, Karangahape Road, Ponsonby, Britomart",Central,INN,"2,159","2,637","3,984","4,214","3,856","3,309","3,092","4,074","4,592","4,814","4,706","4,459","3,782","3,115","5,104","5,766","5,732","5,719","5,265","4,190","3,275","4,641","5,199","5,239","5,150","5,033","4,344","3,596","3,326","5,145","5,984","6,342","5,797","4,172","3,738","4,685","3,060","6,224","5,977","5,635","4,498","3,381","5,712","6,305","6,632","6,368","5,828","4,122","3,237","5,926","6,426","6,342","6,518","5,925","4,522","3,195","6,068","6,778","6,322","6,307","6,150","4,697","3,105","5,317","6,177","6,380","6,218","5,976","4,320","3,491","5,687","6,290","6,097","6,229","5,996","4,915","3,727","5,665","6,128","6,253","6,206","5,813","4,019","3,406","5,475","6,192","6,335","6,698","2,106","4,357","2,349","3,048","5,012","6,153","6,232","5,713","4,169","3,243","5,474","6,012","6,100","5,655","5,287","4,212","3,107","4,982","5,757","5,630","5,707","5,815","3,495","3,257","4,963","5,615","5,805","3,283","4,833","4,581","3,538","5,520","6,250","5,872","5,930","5,724","4,479","3,490","5,089","5,782","6,009","6,118","5,295","3,943","2,876","5,302","5,546","5,544","5,658","4,963","4,183","3,348","5,174","5,543","5,708","5,930","5,571","3,758","2,616","5,084","5,141","4,880","5,517","5,286","4,013","3,164","2,855","6,183","6,213","6,019","5,816","3,709","2,644","4,869","5,472","5,499","5,354","4,990","3,848","3,260","4,947","5,592","6,056","5,481","5,340","3,890","2,860","4,999","5,434","5,518","5,188","3,424","3,729","2,888","4,844","5,060","5,403","6,411","5,212","3,497","3,175","4,392","4,821","5,225","4,841","4,671","4,026","2,950","3,962","5,048","4,982","5,064","4,692","4,234","3,123","5,022","5,700","5,616","5,597","5,475","4,092","3,064","4,988","5,459","5,467","5,711","5,300","4,413","3,383","5,098","5,574","5,509","5,653","5,472","4,492","3,511","4,959","5,481","5,572","5,692","5,634","3,556","2,962","4,695","5,493","5,470","5,503","5,250","3,738","3,130","4,717","5,116","5,619","5,295","5,397","3,234","3,144","4,647","5,389","6,858","5,507","5,223","3,901","3,337","5,190","5,522","5,645","5,805","5,588","4,191","3,531","4,869","5,098","5,592","5,750","5,118","3,992","3,122","5,174","5,761","5,708","5,783","5,206","4,490","3,134","4,730","5,006","5,031","5,010","4,869","2,838","3,250","4,490","5,174","5,029","5,616","4,671","3,954","3,083","4,821","5,595","5,581","5,516","5,288","4,125","3,096","4,957","5,592","5,655","5,668","5,214","3,856","3,406","2,860","5,372","5,525","5,840","5,488","4,099","3,331","4,878","5,791","5,697","5,755","5,567","4,352","3,600","5,446","5,877","6,130","6,052","5,463","4,425","3,631","5,429","5,884","5,941","5,809","5,601","3,848","2,266","5,188","5,180","5,388","5,294","5,514","3,930","3,677","4,967","5,346","5,346","5,595","5,102","4,054","3,048","4,683","5,343","4,945","5,000","4,980","4,575","3,024","3,927","4,725","4,746","4,957","4,484","3,409","2,798","3,223","2,870",837,"2,737","2,681","2,816","2,444","2,743","2,922"
"Britomart to Otara via Royal Oak, Onehunga, Mangere, and Papatoetoe, late night Fri/Sat",South,N10,,,,,,3,7,,,,,,4,,,,,,,7,3,,,,,,7,7,,,,,,10,5,,,,,,5,9,,,,,,13,7,,,,,,12,8,,,,,,9,22,,,,,,6,32,,,,,,7,3,,,,,,8,11,,,,,,,4,,,,,,12,11,,,,,,11,11,,,,,,11,11,,,,,,9,8,,,,,,10,15,,,,,,8,4,,,,,,12,5,,,,,,13,,,,,,,6,3,,,,,,5,6,,,,,,7,2,,,,,,4,10,,,,,,1,3,,,,,,3,5,,,,,,4,8,,,,,,7,4,,,,,,4,8,,,,,,8,7,,,,,,4,7,,,,,,2,1,,,,,,5,13,,,,,,3,9,,,,,,10,,,,,,,4,4,,,,,,9,1,,,,,,13,1,,,,,,,2,,,,,,6,5,,,,,,11,6,,,,,,13,2,,,,,,7,1,,,,,,9,8,,,,,,9,4,,,,,,5,8,,,,,,18,7,,,,,,26,6,,,,,,18,8,,,,,,10,5,,,,,,13,4,,
Hibiscus Coast Station to Britomart via Albany and all Busway stations,North,NX1,"3,690","3,659","5,685","5,788","5,589","4,476","4,425","8,404","9,297","9,748","9,394","8,537","5,159","4,054","11,127","12,882","13,195","12,793","9,989","6,200","4,611","12,330","13,936","14,170","13,971","11,012","6,187","4,902","5,121","14,049","15,399","15,149","12,730","5,514","4,947","10,420","5,815","16,351","16,356","13,352","6,543","5,371","14,544","16,616","16,768","16,209","13,715","6,654","5,185","15,040","16,621","17,027","16,610","14,544","7,289","5,291","15,554","18,439","18,231","18,432","14,974","8,400","5,679","15,970","17,868","18,247","18,005","15,414","8,336","5,376","16,429","17,966","18,181","18,033","14,267","7,902","6,367","15,910","17,989","18,095","17,908","14,754","6,845","4,836","15,690","18,290","18,206","16,566","3,718","6,564","3,843","5,359","13,876","17,240","16,892","13,771","6,633","5,229","15,465","17,277","16,768","15,434","11,990","6,634","5,344","14,717","16,664","16,166","16,130","12,630","5,111","5,215","14,037","16,286","15,756","4,874","10,213","6,619","4,964","15,414","18,019","17,190","16,411","13,874","6,860","4,857","14,890","17,288","16,988","17,124","12,803","7,558","4,675","14,899","16,467","15,843","15,662","12,831","7,008","4,860","13,872","15,612","16,181","16,392","12,864","6,763","4,393","14,143","15,608","14,065","14,302","12,382","6,828","4,945","4,711","15,208","15,253","14,805","12,656","6,799","3,676","13,719","15,497","15,470","15,175","11,200","6,178","4,394","13,495","15,643","15,199","15,706","13,027","6,898","4,445","13,979","15,296","15,079","14,469","5,746","6,158","4,382","13,141","14,413","15,119","14,919","12,239","5,786","4,561","12,863","14,075","13,958","13,267","11,137","7,342","4,541","10,612","15,457","14,093","15,271","11,123","5,623","3,997","15,046","17,204","17,074","16,937","13,776","7,049","4,902","14,508","16,327","16,323","16,565","13,529","6,414","4,522","14,647","16,310","16,360","16,247","13,431","6,966","5,419","14,589","16,700","16,337","15,991","13,885","5,549","4,104","13,737","15,966","16,121","15,945","13,510","6,453","5,204","14,294","15,216","15,963","15,619","13,493","5,734","4,818","13,980","15,541","14,789","15,507","12,193","5,903","4,728","13,783","15,776","15,463","15,418","12,800","5,414","4,548","14,302","14,798","15,966","15,133","11,713","6,943","5,013","14,539","16,472","16,158","16,022","12,420","6,590","4,890","13,193","14,778","13,959","14,122","11,944","5,407","4,490","12,441","15,410","14,142","14,942","11,801","5,926","4,303","14,793","16,496","16,093","16,201","13,326","7,694","5,626","14,343","16,639","15,828","15,953","12,501","5,277","5,165","4,049","15,242","15,755","15,844","12,920","6,274","4,977","14,293","16,395","15,466","15,819","13,119","6,730","5,321","14,183","16,912","15,436","16,402","12,061","7,532","5,274","14,012","16,236","15,648","15,106","12,360","6,596","8,796","13,593","15,104","14,982","15,198","12,893","5,697","4,715","13,778","15,140","14,868","14,484","11,872","6,861","4,909","12,615","14,392","13,990","13,116","11,770","6,669","4,518","10,822","13,208","12,949","12,504","10,471","5,552","4,516","6,273","4,793","1,987","4,423","4,647","4,459","3,973","4,742","5,472"
Albany to City universities via all Busway stations,North,NX2,"1,375","1,572","2,757","3,144","3,026","1,967","1,866","5,105","5,755","6,115","5,943","5,044","2,500","1,968","6,616","7,602","7,720","7,483","5,849","2,553","2,071","7,010","7,922","7,789","7,629","5,957","2,675","2,196","2,314","7,134","8,780","8,235","6,631","2,454","2,174","5,731","2,228","9,265","8,829","7,095","3,062","2,486","8,324","9,334","9,383","8,978","7,408","3,156","2,526","8,720","9,979","10,161","10,147","8,057","3,336","2,239","13,684","14,850","14,872","14,595","12,177","3,567","2,226","13,013","14,608","14,814","14,337","12,214","3,376","2,670","13,395","14,683","14,578","14,293","11,463","3,769","2,667","12,769","14,421","14,079","13,875","11,646","3,237","2,506","12,786","13,985","13,907","12,939","2,167","2,873","2,162","2,398","7,048","10,624","10,606","8,670","3,107","2,685","9,910","10,957","10,822","10,001","7,859","3,247","2,670","10,539","11,145","11,059","11,183","8,951","2,264","2,390","10,211","11,172","10,982","2,382","7,652","3,160","2,426","12,177","13,578","13,079","12,763","10,527","3,231","2,466","11,700","13,037","12,755","12,379","9,371","3,187","2,352","11,147","12,817","12,164","11,252","9,298","3,283","2,536","10,876","11,638","12,193","11,555","9,515","2,967","2,134","10,726","11,830","10,566","10,515","8,842","2,821","2,318","2,069","9,204","9,493","9,193","8,122","2,813","1,942","8,842","9,618","9,540","8,950","7,018","2,907","2,227","8,233","8,926","9,044","8,533","7,026","2,702","2,019","7,172","7,865","7,840","7,314","2,513","2,426","2,135","6,665","7,774","7,893","7,525","6,342","2,585","2,207","6,979","7,599","7,486","7,474","5,839","2,808","2,288","9,898","12,058","11,518","11,710","9,133","2,652","2,194","11,684","12,933","13,036","12,450","10,526","3,341","2,374","11,518","12,498","12,800","12,524","10,305","3,229","2,435","11,340","12,484","12,527","11,927","10,004","3,472","2,668","11,130","12,307","12,363","12,196","9,815","2,566","2,090","10,641","12,151","12,037","11,855","9,334","4,700","2,421","8,610","9,079","9,630","9,324","7,694","2,752","2,127","7,860","8,704","8,761","8,777","6,826","2,859","2,315","9,898","10,346","10,450","10,306","8,640","2,830","2,310","10,961","10,987","11,598","11,362","8,774","3,223","2,443","10,534","11,737","11,952","11,471","9,109","3,266","2,260","9,818","10,797","10,404","10,336","8,517","2,249","2,520","9,498","11,017","10,722","10,707","8,670","2,912","2,544","10,520","11,206","11,231","11,072","8,884","3,342","3,076","8,416","9,295","9,263","9,885","7,605","2,701","3,004","2,189","9,376","9,567","8,929","7,861","2,819","2,393","8,596","9,494","8,984","8,629","7,580","2,859","2,425","7,882","8,820","7,831","8,345","5,686","3,089","2,155","7,603","8,493","8,017","7,938","6,474","2,604","2,271","6,911","7,851","7,452","7,339","5,952","1,986","1,889","6,529","7,227","7,048","7,060","5,815","2,416","1,735","5,970","6,890","6,397","6,159","5,239","2,659","1,881","5,124","6,085","5,572","5,672","4,307","2,113","1,738","2,421","2,156",896,"1,290","1,737","1,672","1,519","1,635","2,003"
"Outer Link: Wellesley St, Parnell, Newmarket, Mt Eden, St Lukes, Pt Chevalier, Westmere, Wellesley St (From 17th Nov 24 - St Luke to Newmarket via Mt Albert, Pt Chevalier, Westmere, Wellesley St, Parnell)",Central,OUT,"2,416","3,090","4,068","4,130","4,253","3,444","3,427","4,564","4,808","4,961","4,950","4,801","4,162","3,542","4,993","5,803","5,896","5,958","5,245","4,186","3,786","5,210","5,702","5,448","5,869","5,612","3,939","3,487","3,534","6,098","6,563","6,539","6,291","4,449","3,877","5,493","3,799","6,608","6,609","6,262","4,436","3,846","6,265","6,694","6,637","6,657","6,458","5,068","4,529","6,305","6,820","7,008","6,824","6,805","4,723","3,457","6,896","7,410","7,624","7,875","7,531","4,857","3,327","6,878","7,643","7,566","7,904","7,384","4,398","4,103","7,104","7,505","8,091","7,891","6,661","4,956","3,981","7,348","7,714","7,770","7,625","7,115","4,434","3,624","6,824","7,597","7,687","7,321","2,655","4,801","2,875","3,643","5,338","6,995","6,963","6,785","4,604","3,643","6,616","6,877","6,868","6,551","6,072","4,299","3,850","6,165","6,364","6,292","6,174","6,067","3,291","3,409","5,804","6,327","6,545","3,549","5,849","4,173","3,750","6,581","7,570","7,380","7,290","6,963","4,625","3,792","6,626","7,045","7,167","7,417","6,081","4,544","3,506","6,415","6,988","6,826","6,192","6,479","4,940","3,962","6,478","6,036","6,584","6,998","6,621","4,186","3,343","6,266","6,594","6,048","6,667","6,088","4,401","3,772","3,568","6,489","6,445","6,402","6,393","4,205","3,061","5,849","6,258","6,210","6,249","5,471","4,563","3,776","5,657","6,286","6,426","6,003","6,002","4,107","3,399","5,293","6,205","6,363","5,947","3,705","3,947","3,469","4,882","5,692","5,693","5,857","5,460","3,818","3,434","4,935","5,227","4,821","5,034","4,948","3,985","3,203","4,660","6,016","5,468","6,409","5,063","3,703","3,241","6,387","7,042","7,069","6,796","6,663","4,501","3,867","6,396","6,758","7,148","6,843","6,728","4,800","3,704","6,508","6,985","7,157","6,885","6,584","4,719","3,803","6,173","7,036","7,143","7,123","6,865","3,631","3,296","6,050","6,827","6,861","6,732","6,289","4,250","3,674","5,714","6,034","6,398","6,134","5,906","3,566","3,542","5,825","6,256","6,548","6,231","6,159","4,216","3,547","6,117","6,714","6,651","6,861","6,558","4,349","4,212","6,333","6,123","6,719","6,874","5,665","4,473","3,640","6,301","6,836","6,974","6,788","6,403","4,459","3,778","5,423","5,960","5,689","5,974","5,702","2,170","2,939","4,953","5,813","5,610","5,720","5,629","4,363","3,385","6,238","6,750","6,663","6,628","6,585","4,606","4,015","5,951","6,335","6,345","6,640","6,251","4,397","4,150","3,227","6,152","6,569","6,449","5,765","4,200","3,749","5,566","6,027","6,031","5,920","5,783","4,474","3,854","5,734","6,046","6,262","6,190","4,927","4,332","1,733","3,243","3,382","3,328","3,182","3,095","1,994","2,075","2,867","2,967","3,021","2,993","2,861","1,732","1,510","2,866","3,146","3,239","3,221","3,093","2,077","1,527","2,699","2,622","3,057","2,701","2,908","2,322","1,605","2,373","2,739","2,789","2,715","2,631","1,691","1,390","1,821","1,591",433,"1,151","1,328","1,407","1,177","1,457","1,691"
T?maki Link: Britomart to Glen Innes via Tamaki Dr and St Heliers,Central,TMK,"2,091","1,930","1,882","2,132","1,630","1,448","1,897","2,182","2,386","2,340","2,327","2,234","2,419","1,920","1,624","2,211","2,224","2,423","2,010","2,195","1,879","2,210","2,053","2,150","2,390","2,408","1,874","1,399","2,541","2,262","2,758","2,384","2,037","1,565","3,408","2,107","2,508","2,423","2,329","2,107","1,899","1,825","2,167","2,293","2,662","2,512","2,379","2,265","1,722","2,360","2,195","2,964","2,487","2,317","2,464","1,340","1,779","2,138","2,618","2,621","2,537","2,426","1,171","1,828","1,950","2,295","2,233","2,420","2,281","2,070","2,067","1,917","2,230","2,241","1,967","2,371","1,871","1,969","2,211","2,320","2,433","2,449","1,518","1,603","1,908","2,144","2,206","1,995","1,401","1,920","1,721","1,612","2,068","2,071","1,860","2,030","1,685","1,309","1,904","1,896","2,083","1,575","1,587","1,551","1,536","2,064","2,482","2,352","2,089","2,137","1,040","1,337","1,847","2,219","2,221","1,420","1,882","1,833","1,692","1,787","2,099","1,973","1,955","1,884","1,819","1,661","1,664","1,910","1,991","1,973","1,687","1,767","1,310","1,611","1,751","1,665","1,575","1,646","1,916","1,451","1,525","1,571","1,883","1,845","1,682","1,430","1,010","1,614","1,628","1,277","1,688","1,831","1,567","1,230","1,402","1,622","1,341","1,530","1,570","1,297",819,"1,469","1,486","1,672","1,547","1,309","1,582","1,314","1,475","1,669","1,807","1,729","1,643","1,555","1,082","1,452","1,558","1,688","1,791","1,595","1,545","1,311","1,428","1,373","1,667","2,040","1,601","1,310","1,165","1,565","1,690","2,065","1,797","1,993","1,725","1,165","1,294","1,793","1,626","1,991","1,645","1,563",989,"1,560","1,794","1,885","1,956","2,009","1,787","1,506","1,469","1,644","1,800","1,658","1,709","1,746","1,334","1,558","1,831","1,972","1,635","1,774","1,941","1,569","1,552","1,789","1,838","1,798","1,779","1,114","1,145","1,474","1,685","1,897","1,906","1,907","1,496","1,469","1,527","1,556","1,764","1,638","1,850","1,033","1,547","1,644","1,545","1,976","1,919","1,752","1,603","1,521","1,712","1,691","1,949","1,677","1,802","1,438","1,467","1,732","1,426","1,617","1,875","1,604","2,028","1,575","1,805","1,756","1,973","1,878","1,824","1,934","1,381","2,090","1,940","1,682","2,088","2,284",998,"1,387","1,719","2,365","1,937","2,226","1,897","1,629","1,073","1,633","1,781","1,951","1,812","2,043","1,775","1,775","1,817","1,842","1,743","2,055","2,020","1,306","1,930","1,716","1,771","1,815","1,942","1,858","1,757","1,088","1,991","2,228","1,941","2,174","2,298","1,978","1,705","1,786","2,499","2,418","1,979","1,679","1,815","1,606","1,977","2,218","2,012","1,746","2,124","1,461","1,189","1,880","1,737","2,034","2,321","2,094","1,181","1,192","1,965","2,153","2,439","2,194","2,107","1,770","1,484","1,480","1,880","1,857","1,545","2,499","1,999","1,685","1,235","2,371","2,335","2,326","2,031","1,268","1,394","1,381","1,261","1,404","1,100","1,430","1,581","1,717","1,511","1,516"
"Waiata Shores, Conifer Grove, Takaanini, Kauri Flats, Papakura Town Centre",South,AT Local,50,73,115,114,108,76,74,145,118,159,147,127,92,62,165,154,158,166,133,102,75,205,216,201,215,181,81,70,60,226,222,234,206,84,74,199,71,231,119,166,93,64,187,186,239,241,196,86,78,191,195,217,205,227,74,82,206,199,211,235,231,65,63,228,229,228,227,218,73,63,237,214,237,207,202,50,71,201,187,218,236,245,85,78,228,213,226,229,36,75,59,62,176,205,226,224,78,69,214,228,199,235,197,76,68,188,207,205,210,145,80,78,213,204,205,72,162,67,75,235,244,214,201,201,70,77,202,200,216,196,182,70,57,166,202,188,191,186,57,66,189,194,183,186,176,77,71,187,195,190,189,196,77,67,56,170,211,200,152,66,63,150,178,166,184,168,79,60,187,199,172,182,179,68,64,155,195,215,174,41,74,59,178,153,160,137,151,70,67,123,158,177,160,147,63,70,132,122,140,135,117,75,63,176,198,172,170,154,81,68,162,180,161,177,149,80,71,188,212,194,197,180,75,58,204,185,195,206,176,72,65,197,175,197,212,194,73,59,174,169,203,202,190,66,67,178,186,211,181,177,72,63,192,206,195,202,196,57,56,164,170,188,199,168,63,54,172,185,180,182,171,69,43,149,162,163,150,158,55,56,145,168,174,179,147,63,44,173,190,177,200,167,64,68,179,168,184,172,159,59,51,38,189,193,167,109,63,57,185,182,181,174,169,72,63,166,193,187,189,126,84,68,171,186,181,196,165,65,46,187,192,152,176,161,60,#N/A,#N/A,#N/A,#N/A,#N/A,#N/A,#N/A,#N/A,#N/A,#N/A,#N/A,#N/A,#N/A,#N/A,#N/A,#N/A,#N/A,#N/A,#N/A,#N/A,#N/A,#N/A,#N/A,#N/A,#N/A,#N/A,#N/A,#N/A,#N/A,#N/A,#N/A
Northwest To City Centre Via Motorway,West,WX1,699,960,"1,343","1,522","1,454","1,036",983,"1,849","2,062","2,179","2,184","2,104","1,133",926,"2,343","2,684","2,808","2,723","2,282","1,190",936,"2,111","2,210","2,384","2,323","2,076","1,196",828,988,"2,096","2,429","2,489","2,217","1,001",997,"1,933","1,083","2,552","2,519","2,239","1,221","1,070","2,435","2,530","2,749","2,603","2,365","1,372",977,"2,428","2,758","2,950","2,820","2,472","1,327","1,249","2,903","3,312","3,310","3,377","2,957","1,425",926,"2,800","3,263","3,293","3,291","3,053","1,421","1,232","3,190","3,377","3,474","3,510","2,831","1,841","1,407","2,998","3,501","3,524","3,409","3,057","1,274","1,074","3,228","3,469","3,558","3,311",872,"1,418",992,"1,228","2,483","3,018","3,244","2,644","1,553","1,280","2,854","3,166","3,104","2,768","2,376","1,468","1,229","2,781","2,923","3,037","2,943","2,596","1,099","1,159","2,590","3,059","3,088","1,287","2,812","1,542","1,211","3,004","3,647","3,377","3,182","2,854","1,577","1,206","2,774","3,197","3,264","3,310","2,477","1,307",963,"2,729","3,198","2,928","2,746","2,370","1,422","1,192","2,730","2,934","3,041","3,081","2,673","1,284",787,"2,631","2,907","2,545","2,665","2,677","1,334","1,034","1,084","2,764","2,856","2,878","2,621","1,326",854,"2,467","2,781","2,753","2,709","2,221","1,334","1,136","2,408","2,684","2,963","2,651","2,438","1,311",889,"2,338","2,519","2,658","2,639","1,343","1,397","1,072","2,139","2,495","2,746","2,630","2,325","1,126",963,"2,200","2,425","2,474","2,408","2,121","1,319",978,"2,305","3,011","2,780","3,074","2,389","1,406","1,085","2,892","3,252","3,235","3,390","2,988","1,590","1,274","2,916","3,295","3,269","3,309","2,928","1,686","1,280","3,031","3,377","3,365","3,297","2,882","1,650","1,287","2,876","3,295","3,337","3,328","2,841","1,106","1,045","2,866","3,209","3,274","3,217","2,740","1,774","1,318","2,699","2,682","2,963","3,128","2,794","1,156","1,162","2,685","2,741","2,810","3,035","2,650","1,710","1,264","2,868","3,196","3,105","3,033","2,642","1,472","1,393","2,973","2,902","3,167","3,285","2,769","1,627","1,397","3,030","3,346","3,363","3,284","2,631","1,904","1,340","2,758","3,101","2,939","2,983","2,644","1,642","1,188","2,688","3,147","2,977","3,139","2,783","1,670","1,235","3,114","3,215","3,361","3,266","2,941","1,732","1,315","2,780","3,195","3,050","3,023","2,746","1,530","1,502","1,229","3,092","3,041","3,160","2,698","1,412","1,237","2,838","3,117","3,029","2,948","2,794","1,665","1,326","2,660","3,033","2,998","3,075","2,263","1,662","1,358","2,721","3,004","2,927","2,846","2,596","1,533","1,659","2,645","2,731","2,828","2,879","2,678","1,352","1,175","2,580","2,878","2,978","2,790","2,646","1,515","1,236","2,354","2,749","2,597","2,356","2,241","1,420","1,238","1,957","2,542","2,519","2,378","2,158","1,242","1,163","1,366","1,308",522,973,"1,318","1,335","1,170","1,389","1,463"
